province_code,year,population,community_code,community,injury_crashes,fatalities,hospitalized,urban_crashes,rear_lateral_crashes,severe_crashes,unknown_collision,province,registered_vehicles,licensed_drivers,injury_crashes_per_100k_population,injury_crashes_per_100k_population_lower,injury_crashes_per_100k_population_upper,injury_crashes_per_100k_registered_vehicles,injury_crashes_per_100k_registered_vehicles_lower,injury_crashes_per_100k_registered_vehicles_upper,injury_crashes_per_100k_licensed_drivers,injury_crashes_per_100k_licensed_drivers_lower,injury_crashes_per_100k_licensed_drivers_upper,fatalities_per_100k_population,fatalities_per_100k_population_lower,fatalities_per_100k_population_upper,fatalities_per_100k_registered_vehicles,fatalities_per_100k_registered_vehicles_lower,fatalities_per_100k_registered_vehicles_upper,fatalities_per_100k_licensed_drivers,fatalities_per_100k_licensed_drivers_lower,fatalities_per_100k_licensed_drivers_upper,urban_crashes_per_100k_population,urban_crashes_per_100k_population_lower,urban_crashes_per_100k_population_upper,urban_crashes_per_100k_registered_vehicles,urban_crashes_per_100k_registered_vehicles_lower,urban_crashes_per_100k_registered_vehicles_upper,urban_crashes_per_100k_licensed_drivers,urban_crashes_per_100k_licensed_drivers_lower,urban_crashes_per_100k_licensed_drivers_upper,rear_lateral_crashes_per_100k_population,rear_lateral_crashes_per_100k_population_lower,rear_lateral_crashes_per_100k_population_upper,rear_lateral_crashes_per_100k_registered_vehicles,rear_lateral_crashes_per_100k_registered_vehicles_lower,rear_lateral_crashes_per_100k_registered_vehicles_upper,rear_lateral_crashes_per_100k_licensed_drivers,rear_lateral_crashes_per_100k_licensed_drivers_lower,rear_lateral_crashes_per_100k_licensed_drivers_upper,severe_crashes_per_100k_population,severe_crashes_per_100k_population_lower,severe_crashes_per_100k_population_upper,severe_crashes_per_100k_registered_vehicles,severe_crashes_per_100k_registered_vehicles_lower,severe_crashes_per_100k_registered_vehicles_upper,severe_crashes_per_100k_licensed_drivers,severe_crashes_per_100k_licensed_drivers_lower,severe_crashes_per_100k_licensed_drivers_upper,small_sample,index_score,index_rank,index_eligible,normalized_injury_crashes_per_100k_population,normalized_fatalities_per_100k_population,definition
01,2022,333908,16,País Vasco,839,11,135,514,327,123,0,Araba/Álava,218641.0,193783,251.2668160092001,234.5501385846615,268.86037262366415,383.7340663462022,358.20439750333725,410.602902941454,432.9585154528519,404.1539643545985,463.2740194032627,3.2943205913005977,1.6445129698110974,5.894449523012912,5.031078343037216,2.511496181977232,9.001988882827078,5.676452526795436,2.8336646492400464,10.156741568301634,153.9346167207734,140.91280992630828,167.83608272757982,235.08856984737537,215.2016983862759,256.31885470429023,265.24514534298675,242.8072356030908,289.1987981990202,97.93116666866322,87.60321478436462,109.1420131793658,149.5602380157427,133.78741517930132,166.68141536443608,168.74545238746433,150.94933117052383,188.0628916710737,36.836493884543046,30.61472785639558,43.95115415417994,56.25660329032524,46.75473744207781,67.12209503850565,63.47306007234896,52.752318568054655,75.73235000652231,False,52.94117647058823,20.0,True,84.31372549019608,21.568627450980394,50% injury-crash burden + 50% 30-day death burden; no urban/collision subset double weighting; deaths and crashes still related
02,2022,385967,8,Castilla - La Mancha,650,13,83,439,276,82,0,Albacete,299838.0,239087,168.4081799739356,155.7087310360092,181.86741533150243,216.7837298808023,200.43634159704692,234.1091545876573,271.86756285368926,251.3663720393637,293.5953050281027,3.368163599478712,1.793405262886154,5.759662333349451,4.335674597616046,2.308564121626945,7.414135605946837,5.437351257073785,2.8951605444895794,9.29803624544993,113.74029385931958,103.34805701905796,124.89444828171668,146.412396027188,133.0349706290555,160.77060119114105,183.61516937349165,166.83859650869658,201.62173401292975,71.50870411200958,63.320408749404905,80.46203015530833,92.04970684169452,81.50930903948654,103.57489175139206,115.43914976556653,102.22048126322872,129.89283563286122,21.245339627481105,16.89704909173695,26.371068287202828,27.348101308039677,21.750756564512955,33.94620466254049,34.29713869846541,27.27753222379484,42.57179233336323,False,37.25490196078431,42.5,True,47.05882352941176,27.450980392156865,50% injury-crash burden + 50% 30-day death burden; no urban/collision subset double weighting; deaths and crashes still related
03,2022,1907494,10,Comunitat Valenciana,3323,65,336,2060,1681,374,0,Alicante/Alacant,1456736.0,1110069,174.20762529266148,168.33432104546478,180.23355199749224,228.11271225534344,220.42203075114352,236.00324220305157,299.3507610788158,289.25833203908746,309.70544987194893,3.40761229130996,2.6299232254064373,4.343281594378361,4.462030182545087,3.4437006931409857,5.687223753368597,5.855491865820953,4.519145001728205,7.463305057241628,107.99509723228488,103.38137819011494,112.7616780738264,141.41203347758275,135.37069078362526,147.65353801632924,185.57404990140253,177.6460369665085,193.76473386407096,88.12609633372372,83.9631884947462,92.441986282071,115.39496518243526,109.94392825782944,121.04632148936577,151.4320280991542,144.2786694111784,158.84826455034118,19.60687687615269,17.669883015545587,21.698240476796123,25.673835204182502,23.13747709458345,28.412329701500987,33.691599351031336,30.363153851566985,37.28530705753042,False,42.15686274509804,35.0,True,52.94117647058824,31.372549019607842,50% injury-crash burden + 50% 30-day death burden; no urban/collision subset double weighting; deaths and crashes still related
04,2022,739541,1,Andalucía,1205,41,119,657,623,144,0,Almería,576591.0,422269,162.9389039958569,153.86781857417097,172.4051561431484,208.98695956058972,197.35230070563185,221.1284629473233,285.36312161205296,269.4764721449147,301.9418464989381,5.543979306083098,3.97845526731517,7.521033933985393,7.110759619903884,5.102803871107125,9.646548344621216,9.709450610866533,6.967669392840886,13.171966108271013,88.838887904795,82.17474584670701,95.89953562213232,113.9455870799232,105.39809625578538,123.0016397646293,155.58802564242225,143.9167775001706,167.95369414645018,84.24144165096999,77.75543108814554,91.12409543386484,108.0488595902468,99.72984188507668,116.87661559277863,147.53628611145976,136.1770086422594,159.5902248596412,19.47153707502356,16.421188439567985,22.924153352896063,24.974375250394125,21.061969610671248,29.402733124093345,34.101485072311725,28.759255639856452,40.14822611831346,False,54.90196078431373,17.0,True,35.294117647058826,74.50980392156863,50% injury-crash burden + 50% 30-day death burden; no urban/collision subset double weighting; deaths and crashes still related
05,2022,159102,7,Castilla y León,287,19,47,65,60,51,0,Ávila,138107.0,97502,180.38742441955475,160.11939716576924,202.5106422806746,207.8098865372501,184.46071761654528,233.29627179027776,294.3529363500236,261.2799360820108,330.45320309470463,11.942024613141257,7.189878923185588,18.64895071814659,13.757448934521785,8.282882956234465,21.483960676566426,19.48677975836393,11.732314377517111,30.43102046274496,40.85429472916745,31.53048216190511,52.07215233992758,47.06495688125874,36.323740092272125,59.98815108276305,66.66529917335029,51.450870473666455,84.97039631584128,37.71165667307765,28.777966933166937,48.54237747271771,43.44457558270037,33.15278801943946,55.92178050833291,61.53719923693873,46.95936591045031,79.21057353351041,32.054908172116,23.866984599999224,42.14628438146836,36.92788924529531,27.49523908150258,48.553354555962976,52.30661935139792,38.94571376822092,68.77354451868042,False,76.47058823529412,6.0,True,58.82352941176471,94.11764705882352,50% injury-crash burden + 50% 30-day death burden; no urban/collision subset double weighting; deaths and crashes still related
06,2022,667851,11,Extremadura,1027,28,108,670,443,115,0,Badajoz,540887.0,416096,153.77681548728685,144.51453960376605,163.47702559934484,189.87330070791128,178.43686350183083,201.85046973498729,246.81804199030992,231.9517125589161,262.387273666529,4.192551931493702,2.785920310946234,6.059404858758644,5.176682005668467,3.4398675981965794,7.4817468238778515,6.729216334691994,4.471515384876935,9.725591196086526,100.32177836074214,92.8682120513521,108.21435778533666,123.87060513563831,114.66744123395009,133.6158329952372,161.020533722987,149.05725670688386,173.68844464088784,66.3321609161325,60.298284472822886,72.80633644237032,81.90250458968325,74.45227854146843,89.89638242252718,106.46581558101975,96.7811985298086,116.85713056451746,17.219409718634846,14.21638872458802,20.66929354286219,21.261372523281203,17.55344355864503,25.52105774754072,27.637852803199262,22.81788199383035,33.17505662610084,False,41.17647058823529,38.5,True,33.33333333333333,49.01960784313725,50% injury-crash burden + 50% 30-day death burden; no urban/collision subset double weighting; deaths and crashes still related
07,2022,1187043,4,"Balears, Illes",3078,38,322,1933,1565,305,0,"Balears, Illes",1094310.0,691729,259.2997894768766,250.21940782860872,268.62548022412693,281.27313101406367,271.4232681114997,291.3890907710688,444.9719471064535,429.3895391505853,460.9753182556873,3.201231968850328,2.2653822688138634,4.39394098775357,3.4725077902970822,2.4573531855869133,4.766288247321107,5.493480828474735,3.8875139896109823,7.5402316397403615,162.84161567862327,155.66238595341937,170.2665419075917,176.64098838537527,168.85338305352667,184.69511080554264,279.4446958274122,267.1247636130692,292.18625604190856,131.84021134870432,125.3884755601526,138.53785131119415,143.01249188986668,136.01402910907353,150.27769702734494,226.2446709621832,215.17315624232936,237.7381700550271,25.69409869735132,22.891122730229444,28.745586579321923,27.871444106331843,24.83094095737017,31.181518335643496,44.09241191275774,39.28235913061293,49.328924087146895,False,51.9607843137255,21.0,True,86.27450980392157,17.647058823529413,50% injury-crash burden + 50% 30-day death burden; no urban/collision subset double weighting; deaths and crashes still related
08,2022,5699602,9,Cataluña,17394,141,930,12836,8189,958,0,Barcelona,3695228.0,3098994,305.1792037408928,300.66057289696494,309.74874565697127,470.71520350029823,463.7455666077133,477.76336676491,561.278918255408,552.9683512148417,569.6831198266162,2.4738569465025804,2.082388332945369,2.9175357900998624,3.815732073907212,3.2119221621053127,4.500072207810927,4.549863600897582,3.8298830869734144,5.365868028245539,225.20870755536964,221.3293567535188,229.1389907715236,347.3669283735672,341.3833312615809,353.4290847761917,414.1989303625628,407.0641131964338,421.4274213113537,143.67669882914632,140.58149745248826,146.82287075411526,221.61014151224228,216.8360339451847,226.4628671886814,264.2470427500021,258.5544160599204,270.033413357979,16.80819116843597,15.760550720528371,17.907165378766187,25.9253285588873,24.30942458972084,27.620410866973977,30.91325765716229,28.98646025381945,32.93446699385237,False,50.98039215686274,26.5,True,96.07843137254902,5.88235294117647,50% injury-crash burden + 50% 30-day death burden; no urban/collision subset double weighting; deaths and crashes still related
09,2022,354846,7,Castilla y León,619,33,97,398,243,109,0,Burgos,274801.0,214313,174.44187055793216,160.9685935910125,188.741834137416,225.25391101196865,207.85609063066155,243.7192181845245,288.8298889941348,266.5216835254811,312.50687021471174,9.299808931198324,6.401560556616065,13.060389371493352,12.008689924709152,8.266229588949765,16.864665437596404,15.398039316327054,10.59930175618364,21.62457213009444,112.16133195808888,101.41143998294784,123.74061635333192,144.83207848588614,130.9509202375141,159.78421749016348,185.70968629994448,167.91069058894757,204.88193786897864,68.4804112206422,60.14019594742657,77.65382444961926,88.42762580922195,77.65804335195479,100.27310304784044,113.38556223840833,99.5763578091881,128.57432349250675,30.717550712139914,25.222305435507177,37.05450859737328,39.66506672100902,32.56914710851846,47.847875945660746,50.86019046908027,41.761508609221,61.35252718100871,False,71.56862745098039,8.0,True,54.90196078431373,88.23529411764706,50% injury-crash burden + 50% 30-day death burden; no urban/collision subset double weighting; deaths and crashes still related
10,2022,388957,11,Extremadura,451,13,54,170,142,64,0,Cáceres,331334.0,243332,115.95112056088462,105.49541715498644,127.16272575807982,136.11642632509793,123.84234932229128,149.2778656059609,185.3434813341443,168.6304348394459,203.2648082565608,3.3422717678303773,1.779618952995781,5.715386512688774,3.923533353051603,2.0891162666686185,6.70936152587989,5.342495027370013,2.84465359714456,9.135829203786956,43.70663081008955,37.38334082169877,50.793140084064014,51.30774384759789,43.8847570608072,59.62668300771212,69.8633965117617,59.755856590935394,81.19091359820034,36.50789161783951,30.750292723053708,43.030483042856574,42.8570566256406,36.09814147259503,50.514005785401935,58.35648414511861,49.15318004488025,68.78259987548026,16.45426101085724,12.671785967661066,21.011723971771943,19.31585650733097,14.875563191895624,24.665917536046702,26.301513980898527,20.255370664867527,33.58644617595918,False,13.72549019607843,52.0,True,3.9215686274509802,23.52941176470588,50% injury-crash burden + 50% 30-day death burden; no urban/collision subset double weighting; deaths and crashes still related
11,2022,1250545,1,Andalucía,2629,40,204,1998,1388,217,0,Cádiz,844966.0,753671,210.2283404435666,202.26826929671745,218.42137926695855,311.1367794680496,299.3559182590347,323.2624315480134,348.8259466000417,335.61802540851846,362.4204244761955,3.1986054080420936,2.285130598402214,4.355592718693375,4.733918287836434,3.381980629018087,6.446253099412765,5.307355596805503,3.791652649735623,7.227111957868097,159.77034013170257,152.84076531464547,166.93310607465966,236.45921847742983,226.20348612891328,247.0600724007064,265.10241206043486,253.60436431865276,276.98738725005376,110.99160765906063,105.22864443293112,116.98810976497818,164.26696458792424,155.73781093248706,173.14175449194954,184.1652392091509,174.60291712481953,194.11506575952188,17.35243433862836,15.12032185524978,19.82125597036298,25.68150671151265,22.37799259907894,29.33534905245604,28.792404112669853,25.08872292349492,32.888850104963005,False,47.05882352941177,30.0,True,78.43137254901961,15.686274509803921,50% injury-crash burden + 50% 30-day death burden; no urban/collision subset double weighting; deaths and crashes still related
12,2022,591300,10,Comunitat Valenciana,990,32,161,476,387,166,0,Castellón/Castelló,458548.0,365360,167.42770167427702,157.15943197294206,178.19069640400835,215.8988808150946,202.6578943220789,229.77781777194565,270.96562294723014,254.34741659076155,288.38449415286334,5.411804498562489,3.701670270807469,7.639853218234479,6.978549682912149,4.773322817084485,9.851629944830306,8.75848478213269,5.9907971073145845,12.364367221212085,80.50059191611703,73.43032683593691,88.06788421147903,103.8059265333182,94.68878341654415,113.563988795606,130.28246113422378,118.83991750079235,142.52939548458383,65.44901065449011,59.08991773678732,72.30594704809684,84.3968352277188,76.19675226532956,93.23888990801323,105.92292533391723,95.63134540661908,117.0202170175708,28.073735836292915,23.96544952161903,32.684216150971274,36.20122648010677,30.903570187054203,42.146464514226025,45.43463980731333,38.78577376322895,52.89625851234212,False,56.86274509803921,15.0,True,45.09803921568628,68.62745098039215,50% injury-crash burden + 50% 30-day death burden; no urban/collision subset double weighting; deaths and crashes still related
13,2022,490950,8,Castilla - La Mancha,414,29,48,144,144,60,0,Ciudad Real,378585.0,300093,84.3263061411549,76.3980177580142,92.85386565607207,109.35457030785687,99.07314557707537,120.41313138092792,137.95723325769012,124.98661021182458,151.90825958569042,5.906915164477034,3.955953791129024,8.48331549823538,7.660102751033453,5.130091033069969,11.001185318643529,9.663670928678776,6.471912086435852,13.878643433397846,29.330889092575617,24.73600594721773,34.531726845410134,38.0363722809937,32.077716020937295,44.78083203178706,47.98512461137047,40.467928674732654,56.49365794854964,29.330889092575617,24.73600594721773,34.531726845410134,38.0363722809937,32.077716020937295,44.78083203178706,47.98512461137047,40.467928674732654,56.49365794854964,12.221203788573174,9.3260659843176,15.73111180499915,15.848488450414042,12.09406631271901,20.400146177646587,19.99380192140437,15.25737719640487,25.73598631312404,False,39.21568627450981,41.0,True,0.0,78.43137254901961,50% injury-crash burden + 50% 30-day death burden; no urban/collision subset double weighting; deaths and crashes still related
14,2022,775110,1,Andalucía,927,36,131,484,395,146,0,Córdoba,573138.0,473770,119.59592831985138,112.02001526821203,127.54938006615284,161.7411513457492,151.49551074007277,172.49737407583464,195.6645629735948,183.27001294835856,208.67678405782493,4.64450207067384,3.252952150961183,6.429948586553675,6.281209760999968,4.399282095641055,8.695841924499195,7.598623804799797,5.32198269567833,10.519698269041138,62.44275006128162,57.00295670102839,68.26165790375005,84.44737567566625,77.0906165156282,92.3168480501654,102.15927559786394,93.25951784311822,111.67928247414504,50.96050883100463,46.058251676409576,56.24248617859112,68.91882932208298,62.28903240912629,76.06215861081932,83.37378896933112,75.35346572577797,92.01535230573435,18.83603617551057,15.904653856983678,22.15115598693421,25.473795141833207,21.509403060147157,29.957152582855397,30.816640986132512,26.020761658793543,36.24033289788837,False,34.31372549019608,45.5,True,9.803921568627452,58.82352941176471,50% injury-crash burden + 50% 30-day death burden; no urban/collision subset double weighting; deaths and crashes still related
15,2022,1119164,12,Galicia,1654,62,237,688,638,266,0,"Coruña, A",826389.0,713554,147.78888527508033,140.7515594302394,155.0869698181398,200.1478722490256,190.61734638068089,210.0315390083225,231.797453311172,220.75985595790152,243.2440340738733,5.5398493875785855,4.247370759439419,7.101836895731657,7.502519999661176,5.752139063585379,9.6178920430628,8.688900910092299,6.661730504793272,11.138778827635504,61.47445772022689,56.96611351219422,66.24473499700639,83.2537703188208,77.14819953165075,89.71407242616935,96.41877138941132,89.3477206529027,103.9006474607243,57.00683724637319,52.668579801888406,61.60715462500257,77.20335096425534,71.32812567132504,83.43347938892747,89.41159323611107,82.60731275474684,96.6268980325755,23.767740920901677,20.997046641880058,26.802368281099696,32.18823096628827,28.435928730795126,36.29797310340368,37.27818777555728,32.93253027509208,42.037807502934136,False,50.98039215686275,24.0,True,29.411764705882355,72.54901960784314,50% injury-crash burden + 50% 30-day death burden; no urban/collision subset double weighting; deaths and crashes still related
16,2022,196640,8,Castilla - La Mancha,288,23,63,71,83,60,0,Cuenca,183976.0,123817,146.4605370219691,130.03221638379043,164.3898476220611,156.54215767273993,138.98299250830843,175.70563354134288,232.60133907298675,206.51069747860592,261.0757782566376,11.696501220504476,7.414578436251364,17.550494759374,12.501630647475755,7.924961428145346,18.75858421469813,18.575801384301023,11.775464626864393,27.872822709993805,36.10659072416599,28.19954691542872,45.543551213944575,38.59199025959908,30.140664572824196,48.67854454227759,57.34269122979882,44.785117596532814,72.33000242866538,42.20911310008137,33.61932297487953,52.32454627607103,45.11458016262991,35.93351127201543,55.926309843276336,67.03441369117327,53.39253632199383,83.09924145898066,30.51261187957689,23.2843373423552,39.27577980402936,32.61294951515415,24.88711622712053,41.979330677177096,48.45861230687224,36.97902626457373,62.37583967197019,False,59.80392156862745,11.0,True,27.450980392156865,92.15686274509804,50% injury-crash burden + 50% 30-day death burden; no urban/collision subset double weighting; deaths and crashes still related
17,2022,790432,9,Cataluña,2135,51,200,1057,941,221,0,Girona,674496.0,463794,270.10546131735555,258.7684492078518,281.81131596217205,316.53264066799505,303.24696194530543,330.2505605646461,460.3336826263384,441.01230900844064,480.28366494308153,6.45216792842395,4.804062821127025,8.483409246665595,7.561201252490749,5.629810975645633,9.941583252770036,10.996261271167803,8.18743878495426,14.458052794258611,133.72434314400226,125.7832345213313,142.0354159139631,156.70960242907296,147.40353334810723,166.44922708467612,227.90290516910525,214.36908116354445,242.0672494075079,119.04882393425368,111.56296459121508,126.90487352199334,139.5115760508587,130.73900694409355,148.7179656925115,202.89180110135104,190.133846552054,216.28066121540215,27.959394356503783,24.394437707966546,31.89877439869061,32.76520542745991,28.5874848574097,37.3817072977539,47.650465508393815,41.574803008196334,54.36424801852938,False,87.25490196078431,1.0,True,90.19607843137256,84.31372549019608,50% injury-crash burden + 50% 30-day death burden; no urban/collision subset double weighting; deaths and crashes still related
18,2022,926019,1,Andalucía,1510,38,128,832,781,153,0,Granada,734820.0,557579,163.0636088460388,154.9417283981093,171.5007562683088,205.49250156500912,195.2573206900857,216.12498138159415,270.8136425511004,257.3249429937081,284.8259328612144,4.103587507383758,2.903942753355617,5.632494464936422,5.171334476470428,3.659544057755117,7.098060602495796,6.815177759564116,4.8228254014581164,9.35436394112038,89.84696858271806,83.8448267442596,96.16531455354485,113.22500748482622,105.66111784776209,121.18737706861414,149.21652357782486,139.248254717076,159.70993960956034,84.33952219122934,78.52747346931997,90.46789171746394,106.28453226640538,98.96019767369724,114.0074938356526,140.0698376373572,130.41727262788987,150.24774358488077,16.522339174466182,14.00804683831864,19.357635653629423,20.821425655262512,17.652918436042825,24.394461787020308,27.440057821402885,23.264358100238688,32.14887650061832,False,42.15686274509804,35.0,True,37.254901960784316,47.05882352941176,50% injury-crash burden + 50% 30-day death burden; no urban/collision subset double weighting; deaths and crashes still related
19,2022,268412,8,Castilla - La Mancha,372,9,39,114,121,42,0,Guadalajara,212021.0,160288,138.5929094079251,124.86530570902062,153.41760542461327,175.4543182043288,158.07559834153054,194.2219228625056,232.0822519464963,209.0945450437316,256.9071066282647,3.353054259869156,1.533229921679483,6.365141443534255,4.244862537201503,1.941021454185356,8.058071347375574,5.614893192253943,2.567486709783848,10.658816287818905,42.472020625009314,35.03417960521713,51.021870701025065,53.76825880455238,44.352183114859095,64.59210341713103,71.12198043521661,58.66686349692766,85.43922413782404,45.079951716018655,37.406148593483664,53.86478989442878,57.06981855570911,47.35502217362496,68.19115080649284,75.48911958474746,62.638869761143305,90.1998651498766,15.647586546056065,11.277404040235794,21.150991303850294,19.80935850694035,14.276843205379514,26.776497978261894,26.202834897185067,18.88469862527307,35.41862071926198,False,24.509803921568626,49.0,True,23.52941176470588,25.49019607843137,50% injury-crash burden + 50% 30-day death burden; no urban/collision subset double weighting; deaths and crashes still related
20,2022,723241,16,País Vasco,1736,23,172,922,645,182,0,Gipuzkoa,486573.0,423328,240.03063985587104,228.8709693932362,251.59373677708192,356.7809968904974,340.1932881087392,373.9683578422837,410.0839065689017,391.0180020573493,429.8390509968476,3.180129445095065,2.01592927351252,4.771755596659071,4.72693717078424,2.996472684888944,7.092726660713404,5.433139315140978,3.444144265686343,8.152376619272298,127.48171079902826,119.38475653140844,135.98329180797865,189.4885248462204,177.45323044750197,202.12525551252185,217.7980195026079,203.96465789773504,232.3226716647476,89.18189096027466,82.43129253995906,96.33797964068366,132.55975978938412,122.52568565845728,143.1965537202181,152.36412427243178,140.83096428276073,164.59005011080697,25.164502565534864,21.641216535181357,29.097905619338352,37.40445935142312,32.16745501316575,43.2510607001126,42.99266762415905,36.97325735155978,49.71274840793873,False,48.0392156862745,29.0,True,82.35294117647058,13.725490196078432,50% injury-crash burden + 50% 30-day death burden; no urban/collision subset double weighting; deaths and crashes still related
21,2022,531094,1,Andalucía,685,24,65,245,277,75,0,Huelva,371084.0,300585,128.97905078950242,119.4998353141444,139.0102479119832,184.5943236571773,171.02770676270117,198.95093457159783,227.8889498810653,211.1404279532585,245.61275048511007,4.518974042259939,2.895391937149819,6.723875169697495,6.467538347112783,4.143873854622258,9.623184398614118,7.984430360796447,5.115775189941767,11.88019947560697,46.13119334807021,40.53511485709447,52.283918605884224,66.02278729344299,58.01370118332704,74.82854412497838,81.50772659979707,71.62019491961917,92.37877960667856,52.15649207108346,46.19463402360185,58.67430845397123,74.64617175626003,66.11358334536331,83.9744456081464,92.15363374752566,81.6198178955397,103.66975455878836,14.12179388206231,11.107686718632005,17.701790916265814,20.21105733472745,15.897278702787364,25.334735383048788,24.951344877488896,19.625815560141543,31.276726865556416,False,36.274509803921575,44.0,True,19.607843137254903,52.94117647058824,50% injury-crash burden + 50% 30-day death burden; no urban/collision subset double weighting; deaths and crashes still related
22,2022,225199,2,Aragón,435,28,80,126,149,84,0,Huesca,190750.0,137559,193.1624918405499,175.43459228416438,212.1963305422216,228.0471821756225,207.1176657813973,250.5184872439201,316.2279458268816,287.20545182650017,347.388403825106,12.433447750656086,8.261935734997728,17.969793801601337,14.678899082568808,9.754021837933175,21.215096169472183,20.35490226012111,13.525684728631012,29.41850111099106,55.95051487795239,46.60827308823254,66.61621613223818,66.05504587155963,55.02561725398101,78.64694761081995,91.597060170545,76.30279728114394,109.05796972036656,66.1637041017056,55.96665797217395,77.68117727652326,78.11271297509829,66.07410437051429,91.71021463431592,108.31715845564447,91.62348816635482,127.17251100615562,37.30034325196826,29.75221459233212,46.1803630433029,44.03669724770642,35.125394358996594,54.52042766442343,61.06470678036334,48.70760163986799,75.60226213471142,False,81.37254901960785,4.0,True,66.66666666666666,96.07843137254902,50% injury-crash burden + 50% 30-day death burden; no urban/collision subset double weighting; deaths and crashes still related
23,2022,624191,1,Andalucía,796,22,70,460,350,73,0,Jaén,480818.0,379269,127.52506844859988,118.81872246195226,136.7006397632464,165.5512064856141,154.248753566315,177.462800965148,209.8774220935537,195.5487455928337,224.97833736598704,3.524562193303012,2.2088243618106653,5.336229517427396,4.575535857642601,2.8674639618794657,6.92741627541507,5.800632268917312,3.63522536042482,8.782226964799452,73.69539131451751,67.11382809769415,80.7479138476862,95.67029520525438,87.12620466398474,104.82577834544692,121.28594744099834,110.45418284681271,132.89280455956353,56.07258034800245,50.351346951429925,62.2658286977024,72.79261591704137,65.36539315283537,80.83260169263123,92.28278609641178,82.86692981751737,102.47547223909037,11.695138186869084,9.16712142957831,14.704880426501113,15.18245989126863,11.900624960483832,19.089663902553887,19.24755252868017,15.087008672604185,24.20090758353083,False,27.450980392156865,48.0,True,17.647058823529413,37.254901960784316,50% injury-crash burden + 50% 30-day death burden; no urban/collision subset double weighting; deaths and crashes still related
24,2022,449270,7,Castilla y León,477,21,96,192,128,103,0,León,378866.0,288832,106.1722349589334,96.85681678964232,116.14179773237332,125.90203396451516,114.85554808054196,137.7242229897203,165.14790604919122,150.65803677945175,180.65527873373924,4.674249337814677,2.893434011635806,7.145086637198879,5.54285684120507,3.4311157464845583,8.472845474374424,7.270662530467538,4.500654700336592,11.113980007389555,42.735993945734194,36.90456457765658,49.22721839939692,50.67754826244635,43.762474668626304,58.375025497925535,66.47462884998892,57.40400553887302,76.57154473983857,28.49066263048946,23.769077346140197,33.87549100026132,33.78503217496424,28.18604303183818,40.17051369531023,44.316419233325945,36.97212697796783,52.69236733356208,22.926080085471988,18.713009625574458,27.804539685941894,27.18639307829153,22.190415171807015,32.971408214786,35.66086860181697,29.10755676130705,43.24917441524178,False,32.35294117647059,47.0,True,1.9607843137254901,62.745098039215684,50% injury-crash burden + 50% 30-day death burden; no urban/collision subset double weighting; deaths and crashes still related
25,2022,440883,9,Cataluña,1341,20,165,579,482,156,0,Lleida,364353.0,257730,304.1623287811052,288.09878566064145,320.88839737253693,368.049666120493,348.6120792704344,388.28893764782015,520.3119543708532,492.8330303745027,548.9242203034036,4.5363509139613,2.770920989333666,7.006026066478998,5.489182194190798,3.352935089159125,8.477596699539896,7.760058976448221,4.74004562348347,11.984781710578746,131.32735895917963,120.8467337091608,142.4736451567448,158.9118245218236,146.22981146826274,172.39931631588354,224.653707368176,206.7251406429051,243.7209796982932,109.32605702646734,99.78266677949031,119.53598359344066,132.28929087999825,120.74137300294502,144.64374673634333,187.0174213324021,170.69212539379208,204.4829203221468,35.38353712889814,30.048907152759384,41.39222651749,42.81562111468823,36.36048648489244,50.08639699332939,60.52846001629612,51.40283371058866,70.80715866880278,False,74.50980392156862,7.0,True,94.11764705882352,54.90196078431373,50% injury-crash burden + 50% 30-day death burden; no urban/collision subset double weighting; deaths and crashes still related
26,2022,319617,17,"Rioja, La",654,12,71,402,238,71,0,"Rioja, La",223459.0,188106,204.6199044481364,189.23611119316297,220.92117346044992,292.67113877713587,270.66745197653785,315.9871059026874,347.676310165545,321.5372085485055,375.37432457182985,3.754493659598833,1.9400016609636592,6.558344846543507,5.370112638112585,2.774815562909625,9.380506065173908,6.379381837899907,3.296319686093064,11.143496245827864,125.77553759656088,113.77942978317328,138.69238007940692,179.89877337677157,162.7405475232973,198.373940829592,213.7092915696469,193.3263160612021,235.6567171905192,74.46412424871018,65.30352013010591,84.54996496329835,106.50723398923292,93.40467465362352,120.9331741020703,126.5244064516815,110.95932715290348,143.66158523212724,22.21408748595976,17.34938662664972,28.020048716776834,31.77316644216613,24.815106598749228,40.077526126538025,37.74467587424112,29.47890500808004,47.60977273829682,False,57.84313725490196,12.0,True,72.54901960784314,43.13725490196079,50% injury-crash burden + 50% 30-day death burden; no urban/collision subset double weighting; deaths and crashes still related
27,2022,324240,12,Galicia,449,20,69,178,137,83,0,Lugo,292755.0,213093,138.47767086109056,125.9635518952866,151.89859778854608,153.37056583149732,139.5105875784452,168.23487676370405,210.7061236173877,191.66477578581996,231.1272606184069,6.16827041697508,3.767739817852192,9.526393382270726,6.831651039264914,4.1729499360912525,10.550930950000716,9.38557343507295,5.732952084490784,14.495256954791852,54.89760671107821,47.12881293992901,63.5814409257648,60.80169424945774,52.19738794433086,70.41945109654823,83.53160357214925,71.7106911425649,96.74483162642592,42.2526523562793,35.473887994633166,49.94954499385437,46.796809618964666,39.2890076800733,55.32148202014428,64.2911780302497,53.97668362348767,76.00268647401529,25.598322230446584,20.38892076788894,31.73297181016101,28.3513518129494,22.581693463067445,35.14576618580932,38.95012975555274,31.023560932458174,48.28454608892177,False,50.98039215686275,24.0,True,21.568627450980394,80.3921568627451,50% injury-crash burden + 50% 30-day death burden; no urban/collision subset double weighting; deaths and crashes still related
28,2022,6743254,13,"Madrid, Comunidad de",15086,125,774,12185,7332,821,0,Madrid,5367854.0,3708988,223.7198836051556,220.16397154065817,227.3188353571168,281.043411389356,276.57637144144184,285.56451904191493,406.7416772445745,400.2767282470122,413.2848760355168,1.8537044578181396,1.5430072643341066,2.2086051770692987,2.3286773448011067,1.9383705121730253,2.77451392953185,3.370191545510528,2.8053177597905474,4.015431081117884,180.69911054811223,177.50475858224388,183.93651550270368,226.99946757121188,222.9866299136956,231.06638964280108,328.52627185636624,322.7186697095678,334.4121479793595,108.73088867778078,106.25616538651,111.24870291321942,136.5908983366537,133.48207910782318,139.75384966028855,197.6819552934655,193.18269896458145,202.25955460475436,12.17513087894954,11.356446468305093,13.037241428710097,15.294752800653669,14.266297681193302,16.377761096541573,22.135418070913143,20.64698054379906,23.70280799320868,False,42.15686274509804,35.0,True,80.3921568627451,3.9215686274509802,50% injury-crash burden + 50% 30-day death burden; no urban/collision subset double weighting; deaths and crashes still related
29,2022,1715109,1,Andalucía,4961,60,238,4040,2755,261,0,Málaga,1300313.0,970182,289.25275303202307,281.2591362256845,297.4159329028067,381.5235254896321,370.9799685713344,392.2907355882775,511.3473554446485,497.2160644836716,525.7784037067271,3.498319931852728,2.6695866530936088,4.50303120131976,4.614273640269689,3.5211768974091053,5.939484832239878,6.184406637105203,4.719353786197565,7.960557236337443,235.55354207808367,228.34540438569,242.9313301849667,310.6944251114924,301.1869128206335,320.42570579714885,416.4167135650837,403.67400979459154,429.45932905599983,160.63119020423775,154.68845598440322,166.74376353658033,211.8720646490499,204.03361579477695,219.9345307902488,283.9673380870806,273.4616423052106,294.77327917386714,15.217691703559366,13.427329716996228,17.180311312435567,20.072090335173147,17.710608171715336,22.66077979283453,26.902168871407632,23.73712771787941,30.37173082448453,False,62.745098039215684,9.0,True,92.15686274509804,33.33333333333333,50% injury-crash burden + 50% 30-day death burden; no urban/collision subset double weighting; deaths and crashes still related
30,2022,1529658,14,"Murcia, Región de",3136,59,288,2538,1674,290,0,Murcia,1160220.0,913800,205.0131467295304,197.89993702118008,212.3167101786889,270.2935650135319,260.915362486377,279.92273384229964,343.18231560516523,331.27513883119315,355.4081355422553,3.857071319209915,2.936181396671246,4.97534098227027,5.085242454017341,3.87112216895877,6.5595922637582325,6.456555044867586,4.915028849714757,8.328485594503805,165.91944081618243,159.5265322423659,172.50283009453233,218.7516160728138,210.3230734315845,227.43129240725216,277.74130006565986,267.03987333857845,288.76158248713296,109.43622692131184,104.25600231407644,114.8072245069676,144.28298081398356,137.4532657493799,151.36421491172285,183.19107025607357,174.51961915927507,192.1818662999333,18.958486145269077,16.839059765746573,21.27085439720293,24.995259519746256,22.20096402678145,28.043933560459774,31.73560954256949,28.187789979374447,35.60640467883196,False,59.80392156862746,10.0,True,74.50980392156863,45.09803921568628,50% injury-crash burden + 50% 30-day death burden; no urban/collision subset double weighting; deaths and crashes still related
31,2022,664514,15,"Navarra, Comunidad Foral de",788,37,145,519,333,169,0,Navarra,487251.0,399568,118.58290419765424,110.44678967326506,127.1597974407366,161.72362909465554,150.62757796893194,173.420815219535,197.2129900292316,183.68197151158265,211.47705931539477,5.5679790042045765,3.920371063229071,7.674725610285235,7.593622178302353,5.3466107954844695,10.466807896121471,9.260000800864931,6.519895128515304,12.763691322110589,78.10219197789662,71.52648512421281,85.1198829753708,106.51594352807896,97.54797986218836,116.08668615456008,129.89028150402436,118.95434753491558,141.56127096137718,50.11181103784119,44.87345331113276,55.79373708141843,68.34259960472119,61.1985156594734,76.09162300933541,83.34000720778441,74.62819333278459,92.78951117937794,25.432120316501987,21.74227020781984,29.568734753515308,34.68438238197562,29.652156578189047,40.32590637268568,42.295679333680376,36.1591592541925,49.17520473610868,False,41.17647058823529,38.5,True,5.88235294117647,76.47058823529412,50% injury-crash burden + 50% 30-day death burden; no urban/collision subset double weighting; deaths and crashes still related
32,2022,304223,12,Galicia,433,14,57,181,145,67,0,Ourense,264549.0,187799,142.32980412394855,129.23777856742757,156.3885773352875,163.67478236545972,148.61936620103842,179.84192781931955,230.56565796409996,209.3573698961044,253.34001865118117,4.601887431259306,2.5158946813030574,7.721185157544163,5.292025295880914,2.893199473935112,8.87911922624375,7.45477877943972,4.075596928791208,12.507852076867064,59.49583036128104,51.143708729185605,68.82300325045011,68.41832703960326,58.81365078196868,79.14428146718258,96.37963993418496,82.84970900121424,111.48909481872472,47.66240553804282,40.220447272623375,56.082152962853165,54.81026199305233,46.25224487947148,64.49270577782595,77.21020878705424,65.15468735520051,90.84968940632314,22.02331842102668,17.067769276221895,27.96883589596985,25.32612105885866,19.627395955078462,32.16327849577823,35.67644130160438,27.64875197695437,45.30781933226287,False,41.17647058823529,38.5,True,25.49019607843137,56.86274509803921,50% injury-crash burden + 50% 30-day death burden; no urban/collision subset double weighting; deaths and crashes still related
33,2022,1004960,3,"Asturias, Principado de",1762,34,166,992,703,185,0,Asturias,713699.0,605681,175.3303614074192,167.23843756605797,183.71260253323751,246.88278952331444,235.48854659511304,258.68582839796943,290.9122128645277,277.4859046534159,304.8202222651897,3.383219232606273,2.3429776692179063,4.727709769065743,4.763913078202435,3.2991482942490142,6.657091027898748,5.613516025762737,3.887523033506462,7.844325989291901,98.7103964336889,92.66253936178508,105.04933752612456,138.99416981108283,130.47817855569298,147.92003665446373,163.78258522225397,153.74784012874687,174.30030369163654,69.95303295653558,64.87688726994543,75.32083844748826,98.50090864636212,91.35318478911188,106.0593188531689,116.0676990032707,107.64524003692432,124.97408669941404,18.40869288329884,15.851478760841236,21.260999025092776,25.921291749042663,22.32047697347903,29.93762577817433,30.544131316650184,26.301142177969936,35.276743996026354,False,43.13725490196079,32.5,True,56.86274509803921,29.411764705882355,50% injury-crash burden + 50% 30-day death burden; no urban/collision subset double weighting; deaths and crashes still related
34,2022,157993,7,Castilla y León,196,12,56,70,56,58,0,Palencia,130990.0,99392,124.0561290690094,107.29562669549888,142.69238053397916,149.62974272845256,129.4141380907089,172.10777370566433,197.19896973599484,170.55656339043338,226.82305696338707,7.595273208306697,3.9245884999476046,13.267413776671726,9.161004656844034,4.733624787176288,16.00243152009845,12.073406310367032,6.238505220462632,21.08981109966291,44.30576038178906,34.538513799943985,55.97766282812462,53.4391938315902,41.65847324829796,67.51720652877238,70.42820347714101,54.90223972547639,88.98179816488141,35.44460830543125,26.77447619997735,46.02777212128698,42.75135506527216,32.293914178662654,55.51619055468733,56.342562781712815,42.56056642650336,73.16550427356823,36.71048717348237,27.875812017146178,47.45681754552073,44.27818917474617,33.622285426559095,57.23982727284111,58.354797166773984,44.31124404403751,75.43710735742773,False,50.98039215686275,24.0,True,15.686274509803921,86.27450980392157,50% injury-crash burden + 50% 30-day death burden; no urban/collision subset double weighting; deaths and crashes still related
35,2022,1133733,5,Canarias,2068,31,140,1223,1052,149,0,"Palmas, Las",920095.0,623493,182.40626320306453,174.6285072058999,190.441203926546,224.75939984458125,215.1757170292921,234.65998342698825,331.6797462040472,317.5370074083694,346.2901387044518,2.7343298642625733,1.8578444818261317,3.881162981341176,3.3692173090822144,2.289219697872704,4.782335030974926,4.971988458571307,3.3782249326202307,7.057340740513325,107.873723354617,101.91194011598448,114.09325803746796,132.92105706475962,125.57499997664962,140.58471322482208,196.1529640268616,185.31231241331568,207.46229984072423,92.79080700658795,87.26762298969525,98.57193411150436,114.33601965014482,107.53040068142548,121.45947383263484,168.72683414248436,158.68371259176314,179.2389883704198,13.142424186294305,11.116934418135136,15.430196917171646,16.193979969459676,13.69818921815204,19.01295349012413,23.89762194603628,20.21455799612121,28.057610015662984,False,34.31372549019608,45.5,True,60.78431372549019,7.8431372549019605,50% injury-crash burden + 50% 30-day death burden; no urban/collision subset double weighting; deaths and crashes still related
36,2022,945198,12,Galicia,1957,27,176,1054,910,177,0,Pontevedra,762067.0,609381,207.04656590470992,197.97398348860867,216.4276960483492,256.8015673162596,245.54876834381483,268.4370605858901,321.14555590016755,307.07326491220755,335.6964287523037,2.856544343090019,1.882480721686332,4.156122044816232,3.542995563382222,2.334856401309173,5.154872530258118,4.430725605163272,2.919876092586539,6.446473133419344,111.51102731914372,104.87976441528834,118.45168121718488,138.30804902980972,130.08323883044628,146.91659943695333,172.962399549707,162.67678770063674,183.72790123604236,96.27612415599694,90.12165699516083,102.74022342870522,119.4120726917712,111.77863619407748,127.4295484575048,149.3318629888362,139.7857989476404,159.35819085984846,18.72623513803457,16.069019755836663,21.697366699845496,23.22630424883901,19.930538043475572,26.91142328687709,29.04586785607034,24.92431719265501,33.65432727630262,False,43.13725490196079,32.5,True,76.47058823529412,9.803921568627452,50% injury-crash burden + 50% 30-day death burden; no urban/collision subset double weighting; deaths and crashes still related
37,2022,326285,7,Castilla y León,546,18,55,332,213,62,0,Salamanca,245606.0,199009,167.33836983005654,153.59474269864654,181.98181870963103,222.30727262363297,204.0490078476417,241.76094117274,274.3594510801019,251.8261014397735,298.36810253642784,5.516649554837029,3.269516153178824,8.71868466755382,7.328811185394493,4.343517984251006,11.58268131378223,9.044817068574789,5.360531825394593,14.294710423914488,101.75153623366076,91.09954062693036,113.30693010653414,135.17585075283176,121.02478609422396,150.52707055125074,166.82662593149053,149.3621575579897,185.7722599973393,65.2803530655715,56.80735295429977,74.66076938899913,86.72426569383484,75.46797374125103,99.18605058544816,107.03033531146832,93.13843674755265,122.40998718695928,19.001792911105323,14.568565666877909,24.35944094143042,25.243682971914367,19.35418698491592,32.361262296420385,31.15436990286872,23.8858767624442,39.93849618647712,False,56.86274509803922,14.0,True,43.13725490196079,70.58823529411765,50% injury-crash burden + 50% 30-day death burden; no urban/collision subset double weighting; deaths and crashes still related
38,2022,1051874,5,Canarias,2137,37,274,1078,1022,273,0,Santa Cruz de Tenerife,888157.0,587785,203.16121512652657,194.63797173060112,211.9616247575448,240.610612763284,230.5162509287821,251.03323182750088,363.5683115424858,348.3154926991235,379.3171348030618,3.517531567469108,2.476666841000541,4.848453915766606,4.165930122714791,2.933199261741565,5.742185913293576,6.294818683702374,4.432133274429601,8.676578364866547,102.48375756031616,96.45651518392374,108.78898214865616,121.37493708882552,114.23667262947272,128.84242516653651,183.40039300084212,172.6143070214017,194.68394363353192,97.1599259987413,91.29371917144908,103.3041910490465,115.06974555174368,108.1222008718603,122.3466038724288,173.87309985794124,163.3751959640835,184.86860443108404,25.953678862677467,22.96600005099139,29.222102630631618,30.737808743273995,27.19940093658724,34.60871217869476,46.44555407164184,41.09893640980378,52.29458047158911,False,51.96078431372549,22.0,True,68.62745098039215,35.294117647058826,50% injury-crash burden + 50% 30-day death burden; no urban/collision subset double weighting; deaths and crashes still related
39,2022,585450,6,Cantabria,1009,21,113,526,459,123,0,Cantabria,446317.0,360780,172.3460585874114,161.87457711046733,183.31715868013205,226.07250003920976,212.3366826029999,240.46368511457845,279.67182216309106,262.6793923424888,297.4750001366021,3.586984370996669,2.2203998606330493,5.483086640181639,4.705175917565318,2.9125780519398066,7.192361199538311,5.820721769499418,3.603118516568598,8.89759153360591,89.84541805448801,82.33040434797839,97.86205667884974,117.85345393520748,107.99574120081456,128.36916604707545,145.79522146460448,133.60035264017947,158.80409413668323,78.40122982321292,71.39195488796214,85.91263725742252,102.84170219821338,93.6473851302044,112.6946844560212,127.22434724763012,115.85015796096634,139.41336405110596,21.00947988726621,17.460931845714125,25.06728496253124,27.55888751716829,22.904129910071397,32.88165582156609,34.09279893563945,28.3344491076926,40.6775375057207,False,45.09803921568627,31.0,True,50.98039215686274,39.21568627450981,50% injury-crash burden + 50% 30-day death burden; no urban/collision subset double weighting; deaths and crashes still related
40,2022,153731,7,Castilla y León,296,17,36,93,79,44,0,Segovia,135454.0,96931,192.54411927327604,171.2318370980828,215.7758419279917,218.52436989679157,194.3363913131053,244.8907817815059,305.3718624588625,271.5709272464471,342.2169992616614,11.058277120424638,6.441853932913527,17.705372901956412,12.550386108937351,7.3110624046593635,20.09438393543684,17.53824885743467,10.216676264154186,28.080435377646587,60.495280717617135,48.82749915322826,74.11080590468588,68.6579945959514,55.4158627454703,84.11068187379674,95.9445378671426,77.43962480862606,117.53854084382976,51.388464265502726,40.68473109496124,64.04535920840671,58.32238250623828,46.1743794643162,72.68709020381512,81.5012741021964,64.5253262213274,101.57490499909804,28.62142313521671,20.796369865638248,38.42292464129403,32.4833522819555,23.602453495758212,43.60738426351952,45.39311468983091,32.98270662444867,60.93813772715409,False,77.45098039215686,5.0,True,64.70588235294117,90.19607843137256,50% injury-crash burden + 50% 30-day death burden; no urban/collision subset double weighting; deaths and crashes still related
41,2022,1949558,1,Andalucía,3983,72,263,3034,2040,287,0,Sevilla,1334008.0,1159906,204.30271887268808,198.0066531673563,210.7480388685689,298.5739215956726,289.372668481482,307.993299260971,343.38989538807454,332.80753331360023,354.22312252935103,3.693144805130189,2.8896583579554105,4.650904668886894,5.397268981895161,4.223030573294039,6.796967038028104,6.207399565137175,4.85690786065322,7.817192431512376,155.62501859395823,150.13618427790294,161.26322273884833,227.43491793152663,219.41337619299128,235.67475307217325,261.5729205642526,252.34734465418745,271.04955573667496,104.639102812022,100.14713536127384,109.28063927077456,152.92262115369624,146.35792957812416,159.70589721759742,175.87632101221996,168.32626861198602,183.6777674530977,14.721285542671724,13.067226688238163,16.526745143329865,21.514113858387656,19.096824252829236,24.15266490766164,24.743384377699574,21.963259374352937,27.777982188332405,False,55.88235294117647,16.0,True,70.58823529411765,41.17647058823529,50% injury-crash burden + 50% 30-day death burden; no urban/collision subset double weighting; deaths and crashes still related
42,2022,88330,7,Castilla y León,105,15,25,19,34,30,0,Soria,76799.0,55182,118.8724102796332,97.22585454576944,143.90230031567512,136.72053021523718,111.82384838380467,165.50853770079797,190.27943894748287,155.62972947750745,230.34486221745468,16.981772897090455,9.504569379353914,28.00885188665894,19.531504316462453,10.931634699388418,32.21424611191011,27.182776992497555,15.21399393422368,44.83385682194528,21.51024566964791,12.950573037888296,33.59091313436611,24.739905467519108,14.895039211925589,38.63442697376996,34.43151752383024,20.7300227689586,53.76907972089737,38.492018566738366,26.656841825622408,53.78873779599579,44.27140978398156,30.65923825124321,61.86485773929749,61.61429451632779,42.66969008838439,86.099800832161,33.96354579418091,22.91506172469253,48.4850734685924,39.063008632924905,26.35564788789036,55.76487375461616,54.36555398499511,36.68021097716812,77.61020875431782,False,53.92156862745098,19.0,True,7.8431372549019605,100.0,50% injury-crash burden + 50% 30-day death burden; no urban/collision subset double weighting; deaths and crashes still related
43,2022,830906,9,Cataluña,2189,52,241,1037,1001,256,0,Tarragona,641331.0,480796,263.4473694978734,252.52561077458068,274.7199727003612,341.3214081340213,327.17121914621896,355.9261498922808,455.28664963934807,436.4117944955111,474.7678300912784,6.258228969341899,4.673944730265665,8.206834676951772,8.108137607569258,6.055544983863439,10.632743737769246,10.81539779865057,8.077456384924423,14.182955295150729,124.8035277155298,117.32214193233808,132.63689093933326,161.6949749817177,152.0021200665979,171.8438505277893,215.68399071539696,202.7547476776664,229.221517031834,120.47090765983155,113.12254740637827,128.17131003168214,156.08164894570822,146.56114140006355,166.05826091859723,208.1964076240235,195.49705774433264,221.5041525578101,30.80974261829858,27.15086929142776,34.824249940419726,39.91698514495635,35.176562803705224,45.11816553541681,53.24503531643358,46.921813408312616,60.18285971803924,False,85.29411764705881,2.0,True,88.23529411764706,82.35294117647058,50% injury-crash burden + 50% 30-day death burden; no urban/collision subset double weighting; deaths and crashes still related
44,2022,134132,2,Aragón,227,7,48,60,50,50,0,Teruel,122341.0,83000,169.2362747144604,147.93518395033146,192.743180243469,185.54695482299476,162.19290420730465,211.31941256338416,273.49397590361446,239.07038667019103,311.48226810140943,5.218739748904064,2.0982040464019525,10.752598456522216,5.721712263264156,2.300425083594108,11.788914069447182,8.433734939759036,3.390798857252852,17.376717303255877,44.732054990606265,34.13527044255454,57.57902171491018,49.043247970835615,37.425164867057866,63.12838165998589,72.28915662650603,55.16424210844249,93.05047398390762,37.27671249217189,27.66749451097565,49.144698255700966,40.86937330902968,30.334036616883846,53.88117365751205,60.24096385542169,44.7120045029661,79.42020080040581,37.27671249217189,27.66749451097565,49.144698255700966,40.86937330902968,30.334036616883846,53.88117365751205,60.24096385542169,44.7120045029661,79.42020080040581,False,57.843137254901954,13.0,True,49.01960784313725,66.66666666666666,50% injury-crash burden + 50% 30-day death burden; no urban/collision subset double weighting; deaths and crashes still related
45,2022,716309,8,Castilla - La Mancha,880,23,86,269,326,88,0,Toledo,579801.0,433465,122.85200939817872,114.8681565202108,131.2445099727176,151.77621287303748,141.91264645772543,162.14463875372303,203.0152376777825,189.82177183587063,216.88400146274176,3.210904791088762,2.035438202932629,4.81793372620378,3.9668782909998432,2.5146605537149265,5.952265155602186,5.306080075669316,3.363599607129683,7.961725374559199,37.55362560012509,33.19957963221276,42.31999562786454,46.39522870778077,41.01606876630204,52.28379003865123,62.05806697195852,54.862924773097454,69.93458237274064,45.51108529977984,40.70427580172511,50.72946821704923,56.22618795069343,50.28766610484961,62.6731838149405,75.20791759426943,67.26457521428007,83.83139272856245,12.285200939817871,9.853090394103218,15.135711158515988,15.177621287303747,12.172896092124162,18.699253923752167,20.301523767778253,16.282415713171034,25.0120450884049,False,16.666666666666668,51.0,True,13.725490196078432,19.607843137254903,50% injury-crash burden + 50% 30-day death burden; no urban/collision subset double weighting; deaths and crashes still related
46,2022,2609322,10,Comunitat Valenciana,4771,78,550,3417,2410,575,0,Valencia/València,1824719.0,1562775,182.84443238511767,177.69252554263193,188.10780360788783,261.46491596788326,254.0977630714381,268.9914613295204,305.29026891267137,296.68827318964753,314.07837361471815,2.9892822733261744,2.362903589707224,3.73075956324554,4.274630778766484,3.378918244673308,5.3349326691326056,4.991121562604982,3.945274476813382,6.229145593631188,130.95355805071202,126.59917642874152,135.4195023667388,187.26170988519328,181.03500661603056,193.64794620683165,218.64951768488743,211.3791276654648,226.10618083510656,92.36115741943692,88.71011564233186,96.12388377512144,132.07513047214394,126.85419309388494,137.45577519599863,154.2128585368975,148.1168155160408,160.4953781957527,22.03637573285321,20.271776267161336,23.913453674292157,31.511701253727285,28.988349325557497,34.19589578905648,36.79352433971621,33.84722163650043,39.927629228974965,False,37.25490196078431,42.5,True,62.745098039215684,11.76470588235294,50% injury-crash burden + 50% 30-day death burden; no urban/collision subset double weighting; deaths and crashes still related
47,2022,518158,7,Castilla y León,790,23,110,520,325,108,0,Valladolid,364065.0,316267,152.46314830611513,142.01548481650957,163.47608195289905,216.99421806545536,202.124509583599,232.6684511627052,249.78894415161872,232.6719499079985,267.83205226138125,4.438800520304618,2.8138187651343185,6.660380211216083,6.317553184184143,4.004786792755327,9.479431666002784,7.272336348718014,4.610037416817019,10.912075206971652,100.35549002427832,91.91414677062062,109.36364990038854,142.8316372076415,130.8174377168122,155.65256233113735,164.41803918840728,150.58811214060032,179.17661376332504,62.72218126517394,56.08766491918821,69.92567839925545,89.26977325477593,79.82715251176775,99.52219979399668,102.76127449275454,91.89157350971402,114.56316867710322,20.843063312734724,17.097968825876222,25.164662186109037,29.665032343125542,24.33480101322119,35.81577748212513,34.14836198528459,28.01256321677055,41.228680289217294,False,41.17647058823529,38.5,True,31.372549019607842,50.98039215686274,50% injury-crash burden + 50% 30-day death burden; no urban/collision subset double weighting; deaths and crashes still related
48,2022,1148677,16,País Vasco,1883,21,150,1007,722,163,0,Bizkaia,706466.0,644897,163.92771858407542,156.60636437659707,171.5030010234767,266.5379508709549,254.63380943034252,278.85496641967785,291.9846114960994,278.94396905709965,305.4775455718419,1.8281901700826253,1.1316785296542184,2.794582875337749,2.9725422030218014,1.84005047434359,4.543846517021825,3.256333957205569,2.0157220430667517,4.977652359205176,87.66607148920018,82.33441167531545,93.25237621412938,142.54047611633115,133.8714743525751,151.62351727120273,156.14896642409562,146.65232587524258,166.09917514349968,62.85491918093598,58.35314115532807,67.6118237767828,102.19883193246385,94.87917482635932,109.93331158250156,111.95586271916292,103.9373901923544,120.4287613377695,14.190237986831807,12.095396851250417,16.54365074398909,23.07258948059779,19.66648666588877,26.89911631366995,25.275354048786085,21.544066988842832,29.46720345365718,False,20.58823529411765,50.0,True,39.21568627450981,1.9607843137254901,50% injury-crash burden + 50% 30-day death burden; no urban/collision subset double weighting; deaths and crashes still related
49,2022,167868,7,Castilla y León,202,21,46,75,67,57,0,Zamora,147152.0,106425,120.33264231419923,104.30968396133326,138.1203968246242,137.27302381211263,118.99435975876028,157.56493132377418,189.8050270143293,164.5314355388404,217.86229527043471,12.50982915147616,7.743781414013503,19.122602720556277,14.270957921061216,8.833947879795168,21.814675121604463,19.732205778717407,12.214546379211829,30.16277259567151,44.677961255272,35.14205071928626,56.00421131414728,50.967706860932914,40.08933463456253,63.88846189574913,70.47216349541931,55.43082706267462,88.33746718236576,39.91231205470965,30.931493629042183,50.68722545559389,45.5311514624334,35.286016992769746,57.82295288395424,62.95513272257458,48.78936314324692,79.95079316682767,33.95525055400672,25.717375177475603,43.99296554612125,38.735457214309015,29.337857020580586,50.18627772844597,53.55884425651868,40.56494560763424,69.39169499926034,False,54.90196078431372,18.0,True,11.76470588235294,98.0392156862745,50% injury-crash burden + 50% 30-day death burden; no urban/collision subset double weighting; deaths and crashes still related
50,2022,968884,2,Aragón,1589,45,210,1097,737,229,0,Zaragoza,613512.0,539149,164.0031211166662,156.03754669195837,172.26994954781523,259.0006389443075,246.42106819278416,272.0559627157829,294.7237220137661,280.40909356985065,309.5797224842955,4.644518848489603,3.3877439185944302,6.214731639387049,7.334819856824317,5.3500679348137385,9.814566055261968,8.346486778237557,6.087984729311278,11.16825599174974,113.22304837317986,106.62126050770676,120.12660252932866,178.806608509695,168.38078695404317,189.70899210614635,203.46879990503552,191.60498000691635,215.87491243612817,76.06689758526305,70.67355769335956,81.76266906520135,120.12804965510048,111.61066005583098,129.12305196079058,136.69690567913509,127.00474130930962,146.9325582623144,23.635440362313755,20.67312202995822,26.903102228593895,37.32608327139486,32.64786534717176,42.48651256967911,42.47434382703112,37.15087511035732,48.34653370338992,False,50.98039215686274,26.5,True,41.17647058823529,60.78431372549019,50% injury-crash burden + 50% 30-day death burden; no urban/collision subset double weighting; deaths and crashes still related
51,2022,83051,18,Ceuta,257,1,10,240,157,8,0,Ceuta,64032.0,41416,309.4484112172039,272.7685313529344,349.6861858947594,401.3618190904548,353.7871579427872,453.5511529351833,620.5331272937995,546.9794112756556,701.2214464155317,1.2040794210786143,0.0304846515807033,6.708701148618196,1.5617191404297852,0.0395393053227915,8.701342127278389,2.4145257871354064,0.0611305002518106,13.45287664414453,288.97906105886744,253.572296653118,327.94623234987824,374.8125937031484,328.88919304938315,425.3539252700172,579.4861889124976,508.48543580592286,657.6265825499744,189.04046910934244,160.62677915040538,221.03216464615687,245.18990504747623,208.33668533265117,286.68388159089164,379.0805485802589,322.1029224266061,443.2331057086144,9.632635368628916,4.158688247882028,18.980131750603014,12.493753123438282,5.393915818260405,24.617674319392357,19.31620629708325,8.339366855197273,38.06062685965161,False,49.01960784313725,28.0,True,98.0392156862745,0.0,50% injury-crash burden + 50% 30-day death burden; no urban/collision subset double weighting; deaths and crashes still related
52,2022,84932,19,Melilla,300,4,15,300,170,17,0,Melilla,69575.0,45280,353.2237554749682,314.38006314812594,395.541286620556,431.1893639956881,383.7718652288413,482.8474675566952,662.5441696113074,589.684795125809,741.9194468917196,4.709650072999576,1.283221134114733,12.05857471318666,5.749191519942508,1.5664611909828603,14.720213690842536,8.8339222614841,2.406946496524569,22.618349548153034,353.2237554749682,314.38006314812594,395.541286620556,431.1893639956881,383.7718652288413,482.8474675566952,662.5441696113074,589.684795125809,741.9194468917196,200.160128102482,171.20180963577323,232.6137072914483,244.3406395975566,208.99047209465311,283.95756216568145,375.4416961130742,321.1243837452626,436.315092484039,20.0160128102482,11.660065075127507,32.04757549087107,24.434063959755655,14.23374267999611,39.12130336458012,37.54416961130742,21.87086234453908,60.111852508627685,False,82.35294117647058,3.0,True,100.0,64.70588235294117,50% injury-crash burden + 50% 30-day death burden; no urban/collision subset double weighting; deaths and crashes still related
01,2023,336308,16,País Vasco,889,9,115,563,374,114,0,Araba/Álava,220201.0,194970,264.3410207309966,247.24786633712168,282.3045125067803,403.7220539416261,377.61606637619593,431.1572880783025,455.9675847566292,426.4832304052148,486.9532030165168,2.6761183201113266,1.2236917044430504,5.080106167982672,4.087174899296552,1.868916624982781,7.758731091783945,4.616094783812894,2.110772476472449,8.76278578828495,167.40606824696408,153.86163694731832,181.82331655919484,255.67549647821764,234.98939332009724,277.6946332913552,288.7623736985177,265.3992891136008,313.63099936087445,111.20758352462624,100.22121339027056,123.0695181798998,169.84482359299005,153.06558931546684,187.9612877327793,191.82438323844693,172.87375407937176,212.28529271193383,33.89749872141014,27.96125639650422,40.7212506351426,51.77088205775632,42.70459360400516,62.192643805448384,58.47053392829666,48.23098023385926,70.24097224497892,False,50.0,27.0,True,86.27450980392157,13.725490196078432,50% injury-crash burden + 50% 30-day death burden; no urban/collision subset double weighting; deaths and crashes still related
02,2023,387529,8,Castilla - La Mancha,775,26,101,524,323,112,0,Albacete,303571.0,240283,199.9850333781472,186.15126928734657,214.57469568411068,255.29447806279256,237.63473861355703,273.91917292418486,322.5363425627281,300.22521458303805,346.0665850008853,6.709175313331389,4.382656063313028,9.83049631979155,8.564717973719493,5.594758134207926,12.549296238153511,10.82057407307217,7.068358234080789,15.854648095422895,135.21568708406338,123.8846398383824,147.30457270699435,172.61200839342362,158.14715698116254,188.04429196652123,218.07618516499292,199.80144492922304,237.5731689573079,83.34860100792457,74.50581451726886,92.95220402153994,106.40015021197677,95.11173265582906,118.65980173423468,134.42482406162733,120.16315675292336,149.91353808743588,28.901062888196755,23.79704577787944,34.77548861946729,36.89416973294551,30.37854522749485,44.39327316908907,46.6117036993878,38.37993263466762,56.08599163991435,False,69.6078431372549,7.0,True,62.745098039215684,76.47058823529412,50% injury-crash burden + 50% 30-day death burden; no urban/collision subset double weighting; deaths and crashes still related
03,2023,1955268,10,Comunitat Valenciana,3887,60,404,2483,2070,426,0,Alicante/Alacant,1478616.0,1130485,198.7962775435388,192.5953041562593,205.14607905443145,262.8809643612676,254.68102277197107,271.2777108462238,343.8347258035268,333.1096256624376,354.81723658482866,3.068633046723007,2.341690292584304,3.9499390061435737,4.0578486909380125,3.096566042164244,5.223255625980196,5.307456534142426,4.050148471674304,6.831748621754674,126.99026425022043,122.04394176328596,132.08561573809976,167.92730499331807,161.38646810505003,174.66521241012055,219.64024290459403,211.08516603370825,228.45307784977496,105.86784011194374,101.35582041247616,110.52898401158488,139.99577983736145,134.02924915343905,146.15950693781448,183.10725042791367,175.30333641424824,191.16908717087225,21.78729463173335,19.767219622737,23.95780674037923,28.810725705659888,26.139452012767165,31.68093194558142,37.68294139241122,34.189053350827066,41.43702293232357,False,40.19607843137255,36.0,True,60.78431372549019,19.607843137254903,50% injury-crash burden + 50% 30-day death burden; no urban/collision subset double weighting; deaths and crashes still related
04,2023,753364,1,Andalucía,1589,36,149,883,849,173,0,Almería,586097.0,430230,210.92061739079648,200.6762765264751,221.55239405876236,271.11553207063,257.9475451829499,284.7815255797,369.33733119494224,351.39874576178187,387.95434487991406,4.778566536229499,3.346849254452725,6.615550316876861,6.142327976427111,4.30201100113381,8.503570994090772,8.367617320967854,5.860576300424245,11.584309436635332,117.20761809696242,109.60331426310198,125.20046247949578,150.65765564403162,140.88314945564906,160.93158848348116,205.23905817818377,191.92336946867383,219.23510962834496,112.69452747941234,105.24053677469556,120.53714465838024,144.85656811073935,135.27527311474336,154.93740020579523,197.33630848615857,184.28382899084616,211.06930118405492,22.963666965769534,19.66917931044915,26.65211504761809,29.51729833116361,25.28259247537048,34.25839750200692,40.211049903539966,34.44216256894501,46.66979057883865,False,63.72549019607843,12.5,True,70.58823529411765,56.86274509803921,50% injury-crash burden + 50% 30-day death burden; no urban/collision subset double weighting; deaths and crashes still related
05,2023,159764,7,Castilla y León,301,15,46,81,82,56,0,Ávila,139405.0,97737,188.40289426904684,167.71783837441174,210.9346167350276,215.9176500125533,192.21170496072247,241.73995271371143,307.96934630692573,274.1568978999715,344.8004144597741,9.38884855161363,5.254867262201317,15.485477874543603,10.76001578135648,6.022299151955318,17.747009699426737,15.347309616624203,8.589772688729255,25.313053266916157,50.699782178713605,40.2629453407184,63.015200032628776,58.104085219324986,46.14303073357868,72.21807265171913,82.87547192977071,65.81508742251691,103.00664454620976,51.325705415487846,40.820856681044766,63.70873359209092,58.82141960474876,46.782420621860304,73.01289131384681,83.89862590421232,66.72706699397808,104.14031649842757,35.05170125935755,26.47767843984265,45.51754964046027,40.17072558373086,30.3445344016572,52.16502851948276,57.29662256873037,43.28125293658513,74.4044302644699,False,72.54901960784314,6.0,True,50.98039215686274,94.11764705882352,50% injury-crash burden + 50% 30-day death burden; no urban/collision subset double weighting; deaths and crashes still related
06,2023,666049,11,Extremadura,1070,42,123,694,463,145,0,Badajoz,549736.0,418050,160.6488411513267,151.16609268349544,170.57061632576563,194.63888120843455,183.14977528440824,206.65990299554676,255.9502451859825,240.8420640252349,271.7578960247814,6.305842362949273,4.544696521198545,8.523666994243763,7.640030851172199,5.506262229957234,10.32710224152878,10.04664513814137,7.240738125218921,13.580145623368171,104.19653809254274,96.58756712325788,112.24561190393833,126.24241454079775,117.02353947145318,135.9945092972012,166.00885061595503,153.88602438674508,178.83286105252054,69.51440509632174,63.32591097613307,76.14423903827978,84.22224485935067,76.72439076164278,92.25481734361075,110.7523023561775,100.89261973386546,121.31513997657508,21.770170062562965,18.37099842597061,25.615954412990757,26.376296986189736,22.257929498194223,31.0357713899364,34.684846310249974,29.269190600692024,40.81205793761052,False,50.0,27.0,True,29.411764705882355,70.58823529411765,50% injury-crash burden + 50% 30-day death burden; no urban/collision subset double weighting; deaths and crashes still related
07,2023,1209906,4,"Balears, Illes",2871,64,324,1643,1518,341,0,"Balears, Illes",1103193.0,698775,237.2911614621301,228.68984119734677,246.13320678286692,260.24458095727584,250.81124608633036,269.941926467836,410.86186540732,395.9689614020493,426.1715769537139,5.289667131165562,4.073688249023928,6.754786835414073,5.801342104237428,4.467740327053875,7.408184352954106,9.158885191943044,7.053457628884183,11.695691919270866,135.7956733828909,129.30808656944052,142.5244688051904,148.9313293322202,141.81619153573808,156.31100809578442,235.1257557869128,223.8927119443104,246.77644442662188,125.46429226733316,119.23143997633808,131.9384332236041,137.60058303488148,130.76482049470155,144.7009743425112,217.23730814639904,206.4453287768041,228.4470709281785,28.184007683241507,25.27164933975231,31.339934567236583,30.910275899140043,27.71620212062836,34.37147885502078,48.79968516332153,43.75703218641532,54.26406908161704,False,74.50980392156862,5.0,True,84.31372549019608,64.70588235294117,50% injury-crash burden + 50% 30-day death burden; no urban/collision subset double weighting; deaths and crashes still related
08,2023,5797356,9,Cataluña,17704,148,1073,12759,8414,1118,0,Barcelona,3699208.0,3122794,305.3805907382607,300.8985946467589,309.9126383236407,478.58893038726126,471.5647979424125,485.6915029545212,566.9282059591507,558.6075396157914,575.3417911208322,2.5528879026921927,2.15817032306079,2.998902180688646,4.000856399532008,3.382259573243356,4.699844818303919,4.739345598845137,4.006566450242445,5.567355243614662,220.08308615168707,216.2806541596648,223.9355921929896,344.9116675785736,338.9525401319574,350.9492704961661,408.5764222680074,401.51734250688895,415.7284627207499,145.1351271165683,142.05037125071908,148.26999156757896,227.45409287609672,222.6196991552202,232.36701619218312,269.43820181542554,263.7114622586644,275.2579661784457,19.28465321087751,18.170660634712785,20.449073750435616,30.22268550457287,28.47684922140522,32.04755190882222,35.801272834519345,33.733185235598626,37.96297815402823,False,52.94117647058823,24.5,True,94.11764705882352,11.76470588235294,50% injury-crash burden + 50% 30-day death burden; no urban/collision subset double weighting; deaths and crashes still related
09,2023,357370,7,Castilla y León,625,26,92,384,263,105,0,Burgos,278426.0,214963,174.8887707418082,161.44467094987968,189.15366609986336,224.47616242735955,207.22016642611865,242.78567969265865,290.7477100710355,268.397268633944,314.462701274676,7.275372862859221,4.752515100762891,10.660106915276884,9.338208356978155,6.100027732897194,13.682638863872263,12.095104738955076,7.900923980218151,17.72213082396738,107.45166074376696,96.97189266893706,118.75520800898909,137.91815419536968,124.46698685861963,152.42667238753717,178.6353930676442,161.21307054282846,197.42722555124567,73.5931947281529,64.96690118630688,83.04613272607084,94.45956914943288,83.38740446995068,106.5927623580985,122.34663639789171,108.0056636581667,138.06188252078698,29.381313484623774,24.03100353143189,35.56787135709092,37.7119952877964,30.844675899620785,45.65266960299535,48.84561529193396,39.95087402030961,59.13059543681277,False,62.74509803921569,14.0,True,45.09803921568628,80.3921568627451,50% injury-crash burden + 50% 30-day death burden; no urban/collision subset double weighting; deaths and crashes still related
10,2023,388257,11,Extremadura,472,28,75,207,177,91,0,Cáceres,334354.0,243785,121.5689607656784,110.84760952331602,133.04731297167302,141.16774436674902,128.71794663947227,154.49658323944936,193.61322476772563,176.53818048975165,211.89388433432268,7.211718011523295,4.792134245063845,10.422940460382735,8.374357716671552,5.564699885707224,12.10327854407849,11.485530282831183,7.632051461680388,16.59978913520856,53.3152010137615,46.2991762644281,61.09404740862302,61.91043026253612,53.76331456748853,70.94334616822215,84.91088459093054,73.73701941833197,97.29963518973582,45.588360287129404,39.11946297214809,52.82147549164745,52.93790413753088,45.426121222349074,61.337108603338265,72.60495928789712,62.30246050896201,84.12456717993545,23.43808353745071,18.87088281649296,28.77677283772029,27.216662579182543,21.913158956325056,33.41603058929987,37.32797341920134,30.05415570967495,45.83047969175613,False,45.09803921568628,31.0,True,11.76470588235294,78.43137254901961,50% injury-crash burden + 50% 30-day death burden; no urban/collision subset double weighting; deaths and crashes still related
11,2023,1254866,1,Andalucía,2874,42,258,2232,1612,264,0,Cádiz,857180.0,761245,229.0284380961792,220.73091901884047,237.55805664855845,335.28547096292493,323.1383436681868,347.7723795636272,377.539425546309,363.861470913433,391.5999820220165,3.3469709116351867,2.4122022377271914,4.52413235982891,4.899787675867379,3.5313359775633706,6.62308952361122,5.517277617586979,3.976368413911119,7.4577565407313875,177.86759701832705,170.5643575392768,185.4031311270988,260.3887164889521,249.69716172552103,271.4203382544366,293.20389624890805,281.1649509525608,305.6257650886876,128.45993117990287,122.26479866148578,134.88764846277803,188.0585174642432,178.98917244586204,197.4683542265247,211.75836951310023,201.5460710246294,222.3540698144388,21.038102873135458,18.576630871447428,23.73498382746735,30.798665391166384,27.1952010956039,34.74675589215642,34.68003073911815,30.622444121314096,39.12567467193695,False,56.86274509803921,18.0,True,82.35294117647058,31.372549019607842,50% injury-crash burden + 50% 30-day death burden; no urban/collision subset double weighting; deaths and crashes still related
12,2023,604086,10,Comunitat Valenciana,1096,21,166,506,462,170,0,Castellón/Castelló,462868.0,369523,181.43112073446497,170.84751685308217,192.49872502035632,236.78456925084475,222.97197703386493,251.228827230759,296.5985879092776,279.29680443628945,314.69160188309513,3.47632621845234,2.151900720108757,5.31393389930298,4.536930615207791,2.808431558041642,6.935180382947926,5.683002140597473,3.517867895659049,8.687072451496498,83.7629079303278,76.622593513292,91.3895087919462,109.3184233950068,99.9996457414868,119.27185030741296,136.93328967344388,125.26050076739612,149.40104623552963,76.47917680595147,69.66345410345932,83.78151698415299,99.8124735345714,90.91731840512269,109.34270994946516,125.0260470931444,113.88389176192638,136.96371124094858,28.14168843509037,24.07026829952273,32.70452781173092,36.72753355168212,31.41394975670276,42.68246538468264,46.00525542388431,39.34941017469952,53.46445928312253,False,41.17647058823529,34.0,True,47.05882352941176,35.294117647058826,50% injury-crash burden + 50% 30-day death burden; no urban/collision subset double weighting; deaths and crashes still related
13,2023,491927,8,Castilla - La Mancha,487,27,40,236,191,57,0,Ciudad Real,382778.0,300995,98.998428628638,90.4000323220244,108.19415314050408,127.2277926108606,116.177566892759,139.04567444301594,161.79670758650477,147.74403794108375,176.82561229239275,5.488619246351593,3.6170346681041647,7.985652839783572,7.05369692093067,4.648430717482398,10.262758686539492,8.970248675227163,5.911450400094611,13.05124086618121,47.97459785699911,42.04861903070847,54.50177902673366,61.65453604961623,54.038766632145325,70.04294042835275,78.40661805013373,68.72157681662262,89.07422598808621,38.82689911307978,33.515538727248554,44.74087779442344,49.89837451473178,43.07248175046424,57.49872195052313,63.45620359142178,54.77565547427432,73.12163255461832,11.58708507563114,8.775945081876934,15.012412695981888,14.89113794418697,11.278402458585589,19.293196422720957,18.937191647701788,14.342844021636488,24.535328295474283,False,33.33333333333333,47.0,True,0.0,66.66666666666666,50% injury-crash burden + 50% 30-day death burden; no urban/collision subset double weighting; deaths and crashes still related
14,2023,775002,1,Andalucía,922,24,145,532,396,146,0,Córdoba,579844.0,474840,118.96743492274858,111.41126177549523,126.9012105136429,159.0082849869965,148.90893188259665,169.61233012757617,194.17066801448908,181.83798900373256,207.11964440757788,3.096766201893673,1.984156538265251,4.60774263727748,4.1390442946723605,2.651963778996844,6.158569821150725,5.054334091483447,3.238407222366789,7.520448486596162,68.64498414197641,62.93501989160748,74.73385381259088,91.74881519857064,84.11704921674722,99.8870147358006,112.03773902788308,102.7183183515196,121.97558371760078,51.0966423312456,46.18734235695855,56.38570749806451,68.29423086209394,61.732608600464246,75.36343582483391,83.39651250947688,75.38388236316989,92.02896993179806,18.83866106151984,15.906870241736948,22.154242849737905,25.179186125923525,21.26064295066711,29.61069273292916,30.747199056524305,25.96212671865601,36.1586692718233,False,15.686274509803921,50.0,True,7.8431372549019605,23.52941176470588,50% injury-crash burden + 50% 30-day death burden; no urban/collision subset double weighting; deaths and crashes still related
15,2023,1123884,12,Galicia,1890,38,287,813,719,295,0,"Coruña, A",835637.0,714932,168.166821486915,160.66990387392278,175.92326531569148,226.1747624865821,216.0918368208203,236.60673607805856,264.36080634242137,252.5755375971978,276.55405425419565,3.3811318605834764,2.39269013930229,4.640867644637668,4.5474290870318095,3.218031471224485,6.241701710103742,5.315190815350271,3.761345365041172,7.29551466702562,72.33842638564123,67.4507637808191,77.48665867494957,97.29104862518057,90.71742180042544,104.2151267814099,113.71710875999396,106.03362865425257,121.81020838098873,63.974573888408415,59.38323274594077,68.8266764086631,86.04214509410187,79.86705369848258,92.56794563772776,100.5690051641275,93.35134691332728,108.1965842749715,26.248260496634884,23.338123870929422,29.420957118533934,35.30241001774694,31.3884425995446,39.56950562290372,41.26266554021921,36.68788641235201,46.25019298367732,False,35.294117647058826,44.5,True,37.254901960784316,33.33333333333333,50% injury-crash burden + 50% 30-day death burden; no urban/collision subset double weighting; deaths and crashes still related
16,2023,198436,8,Castilla - La Mancha,264,21,67,50,65,73,0,Cuenca,186249.0,124239,133.0403757382733,117.47456346192097,150.09486290611906,141.7457274938389,125.16138328329146,159.91615641232244,212.49366141066812,187.63176196789857,239.73328999459625,10.582757160999012,6.55089347904422,16.176868478977305,11.275228323373549,6.979544042693484,17.235384208743888,16.902904884939513,10.463164532937473,25.837885635704893,25.197040859521454,18.70172939258092,33.21915714101112,26.845781722317973,19.925456640015177,35.39281642550393,40.24501163080837,29.8706233448932,53.058030621895554,32.75615311737789,25.28050743274117,41.75040608350883,34.899516239013366,26.934709839641695,44.482298329586506,52.31851512005087,40.37832542859671,66.68424231994106,36.787679654901325,28.835668388044084,46.25498406689388,39.19484131458424,30.722498871134427,49.2816284559818,58.757716980980206,46.05667054829736,73.87900754431503,False,55.882352941176464,19.5,True,13.725490196078432,98.0392156862745,50% injury-crash burden + 50% 30-day death burden; no urban/collision subset double weighting; deaths and crashes still related
17,2023,808672,9,Cataluña,2188,51,167,1041,972,183,0,Girona,680256.0,469643,270.5670531439199,259.34759709707834,282.14700053765546,321.6436165208392,308.3061965490764,335.40957995047,465.8857898446267,446.5671585431669,485.8251463745588,6.306636065054806,4.695704789864218,8.292061722998174,7.497177533163986,5.582141111330259,9.85740388568477,10.85931228614075,8.08547127036723,14.277990170534595,128.72957144553044,121.02744948388256,136.7933411063375,153.03062376517076,143.87452610345264,162.61663952856594,221.6577272524024,208.39554646621,235.5426243745657,120.19706382810335,112.7585680912918,127.99733708018849,142.88738357324303,134.04467843800148,152.16016113244157,206.9657165123296,194.15747019655595,220.39690269270525,22.629694115784893,19.46964610928364,26.15650891150504,26.90163703076489,23.14504783270801,31.0942297818536,38.96576761497563,33.52452321973631,45.03854283888955,False,81.37254901960785,2.5,True,90.19607843137256,72.54901960784314,50% injury-crash burden + 50% 30-day death burden; no urban/collision subset double weighting; deaths and crashes still related
18,2023,934072,1,Andalucía,1478,35,136,811,778,142,0,Granada,744522.0,562904,158.23191359980814,150.26691981861748,166.50948516815865,198.51663214787476,188.5238076629242,208.9016144989568,262.566974119921,249.35001763855945,276.30261612991256,3.747034489846607,2.609946813791632,5.2112179113690456,4.701002791052514,3.2744206890487817,6.537956886308675,6.217756491337777,4.330895215262242,8.647394114997065,86.82414203615996,80.95062591481276,93.01118247976912,108.92895038695968,101.5600788821566,116.69116727409384,144.07430041356963,134.32790147076764,154.3409555470256,83.291223802876,77.54055755968866,89.35549087967378,104.49657632682444,97.28183140443602,112.10476262213696,138.21184429316546,128.6693000598566,148.27477167857865,15.202254215949091,12.804731976422376,17.918327059263486,19.07263989512734,16.064725564430333,22.480205545169067,25.226326336284696,21.24792434710146,29.73332503037883,False,33.333333333333336,46.0,True,27.450980392156865,39.21568627450981,50% injury-crash burden + 50% 30-day death burden; no urban/collision subset double weighting; deaths and crashes still related
19,2023,275082,8,Castilla - La Mancha,399,11,44,113,145,48,0,Guadalajara,218039.0,163879,145.0476585163697,131.1628302534029,160.00235146122805,182.99478533656824,165.47743143092094,201.8619001401471,243.47231799071267,220.16569341872096,268.57478288650486,3.9988076282708422,1.9961903604150175,7.154971431537488,5.044969019303886,2.518430357521746,9.02684313966857,6.712269418290324,3.350740709448337,12.01010410931355,41.07866018132775,33.8546300598366,49.38787897101969,51.8255908346672,42.71162198560795,62.3086536037408,68.95331311516424,56.8272893178502,82.90089958509655,52.71155509993384,44.48122789066279,62.02325423262183,66.50186434536941,56.11833264057944,78.24967469497695,88.47991505928154,74.66475344991915,104.11023267665826,17.449342377909133,12.86576759783746,23.135296450559203,22.01441026605332,16.231688286720832,29.187914172293613,29.28990291617596,21.596062230965064,38.83416190123644,False,35.294117647058826,44.5,True,25.49019607843137,45.09803921568628,50% injury-crash burden + 50% 30-day death burden; no urban/collision subset double weighting; deaths and crashes still related
20,2023,726712,16,País Vasco,1613,33,172,736,659,175,0,Gipuzkoa,488922.0,424862,221.95863010381004,211.25768979518963,233.06119025877436,329.90947431287606,314.00407072384115,346.41182784847973,379.6526872254991,361.349092802938,398.643238734776,4.541001111857242,3.1258162205564024,6.377253887257854,6.749542871869132,4.646074746632355,9.47886764538501,7.767227946956894,5.346602325632757,10.908075862084464,101.27808540384636,94.09242000244691,108.86696906984886,150.53525920289945,139.85480449809626,161.81503967235676,173.23272027152345,160.94188401132183,186.2132476585056,90.68241614284614,83.8901132697783,97.87821648518864,134.7863258352048,124.69054776530228,145.48184466721565,155.10918839529072,143.49118536020433,167.4173601272517,24.08106650227325,20.645298381535216,27.9251861059983,35.79303038112419,30.686256861917077,41.50675945337341,41.18984517325626,35.313080664879934,47.76508100386064,False,65.68627450980392,10.5,True,78.43137254901961,52.94117647058824,50% injury-crash burden + 50% 30-day death burden; no urban/collision subset double weighting; deaths and crashes still related
21,2023,534084,1,Andalucía,756,23,85,330,330,87,0,Huelva,377241.0,303462,141.55076729503224,131.63907090308405,152.01102153699523,200.40239528577223,186.36977832261803,215.2116403746267,249.1250963876861,231.68080861591483,267.5348294895722,4.306438687547277,2.729912717296284,6.46177247302541,6.09689826927614,3.86491050470248,9.148340953086496,7.579202667879339,4.804564339866172,11.372525355673208,61.78803334306963,55.300644258009214,68.82736052088988,87.47723603744026,78.29262802265552,97.44325780187984,108.74508175652964,97.32747193353563,121.13408603528268,61.78803334306963,55.300644258009214,68.82736052088988,87.47723603744026,78.29262802265552,97.44325780187984,108.74508175652964,97.32747193353563,121.13408603528268,16.289572426809265,13.04727974172971,20.093127407397304,23.062180409870614,18.471861100946,28.44711433341652,28.669157917630542,22.962820233116407,35.36330037451932,False,36.27450980392157,42.0,True,23.52941176470588,49.01960784313725,50% injury-crash burden + 50% 30-day death burden; no urban/collision subset double weighting; deaths and crashes still related
22,2023,226878,2,Aragón,376,21,67,119,130,77,0,Huesca,192967.0,138539,165.72783610574845,149.39779240902058,183.35569655407625,194.85196950773965,175.65217029944898,215.5776569195547,271.403720252059,244.66087055755972,300.27193586496014,9.256075952714674,5.729656901099352,14.148895324775166,10.882689786336524,6.736556501410183,16.635347357290833,15.158186503439463,9.38315635602696,23.17089825604588,52.45109706538316,43.45138496338662,62.76555764339754,61.66857545590697,51.087301547535226,73.7956447839203,85.89639018615696,71.15803721495918,102.78783726617594,57.29951780251942,47.87359669012599,68.03852444321484,67.36903201065468,56.286649374568725,79.99525488102991,93.83639264033954,78.4000596933889,111.42309637450607,33.93894515995381,26.784084774392635,42.417858276308365,39.90319588323392,31.49097817473792,49.872148346672176,55.58001717927804,43.86288038346352,69.46548517032957,False,63.72549019607843,12.5,True,35.294117647058826,92.15686274509804,50% injury-crash burden + 50% 30-day death burden; no urban/collision subset double weighting; deaths and crashes still related
23,2023,620637,1,Andalucía,878,20,83,553,402,89,0,Jaén,486744.0,379847,141.46755671995064,132.26363521045727,151.14312549824356,180.3822954160709,168.64656937961755,192.7194089292388,231.1456981363549,216.1072899512503,246.95473698582165,3.2224955972653904,1.9683840288935317,4.976883089901923,4.108936114261296,2.5098449257523354,6.345918573762512,5.2652778618759655,3.216168506110077,8.131794618010568,89.10200326438805,81.82946240398971,96.84756144384755,113.61208355932482,104.3390202201259,123.4882812974073,145.58493288087047,133.7022328938361,158.24050207537564,64.77216150503435,58.59437965994372,71.42410530445301,82.58961589665203,74.71245666923164,91.0713690232233,105.83208502370692,95.73812616397784,116.70078332549632,14.340105407830986,11.516282165315756,17.64673366134414,18.284765708462764,14.68416829839726,22.500977596797583,23.430486485348048,18.816604617741024,28.833229798775932,False,24.50980392156863,48.0,True,21.568627450980394,27.450980392156865,50% injury-crash burden + 50% 30-day death burden; no urban/collision subset double weighting; deaths and crashes still related
24,2023,448573,7,Castilla y León,545,44,151,186,156,153,0,León,382145.0,288729,121.4963896623292,111.50884500503672,132.13845908104452,142.6160227138913,130.89235010387245,155.10799567012884,188.7583166221613,173.24154182795746,205.29196930464687,9.808882835123828,7.127149284095194,13.167967372157426,11.513954127360034,8.366056695271254,15.456945997018863,15.239203543807514,11.072828624123083,20.457919460915853,41.464822893932535,35.71972374919374,47.870988860656986,48.67262426565832,41.92885852581372,56.19236961412942,64.42026952609541,55.494611353023366,74.372969414889,34.77694823362084,29.53377116373481,40.68262914555834,40.82220099700376,34.66760609776398,47.75446232113607,54.029903473499374,45.88403773860615,63.20504349653323,34.108160767589666,28.91774031244187,39.96125136898178,40.0371586701383,33.94449103134409,46.907687946560245,52.99086686823977,44.92696447247415,62.08430192442832,False,52.94117647058823,24.5,True,9.803921568627452,96.07843137254902,50% injury-crash burden + 50% 30-day death burden; no urban/collision subset double weighting; deaths and crashes still related
25,2023,447343,9,Cataluña,1409,34,192,553,531,188,0,Lleida,368200.0,260318,314.97083893120043,298.7374800657729,331.85701086366385,382.6724606192287,362.9498113662766,403.1882422889298,541.2610729953365,513.3648865812701,570.2790848530797,7.600431883364666,5.263520024806977,10.620841746758767,9.234111895708851,6.39489092465298,12.903745816187692,13.060948532179872,9.04508654206481,18.251366442275632,123.61878916178414,113.52897454084442,134.36486094970795,150.19011406844106,137.93153736563,163.2460075823607,212.43248642045495,195.09366258969783,230.89905420226495,118.70086264901876,108.81810539574693,129.24006563964628,144.21510048886475,132.20808724076485,157.01965965083184,203.98128442904448,186.9982779602241,222.09235889733435,42.02591747272227,36.23296799521355,48.48166771327463,51.05920695274308,44.021088000768096,58.90259282960188,72.2193624720534,62.26447883697176,83.31323488909491,False,90.19607843137254,1.0,True,96.07843137254902,84.31372549019608,50% injury-crash burden + 50% 30-day death burden; no urban/collision subset double weighting; deaths and crashes still related
26,2023,322282,17,"Rioja, La",686,12,91,460,264,91,0,"Rioja, La",226341.0,189160,212.85706306898928,197.22448699901344,229.399250726696,303.08251708705006,280.8236338931791,326.6365763281996,362.6559526326919,336.0218974361178,390.8397616975103,3.723447167387568,1.923959485395467,6.504112872632341,5.301734992776386,2.7394838357709026,9.261064079498173,6.343835906111228,3.277952584437629,11.081404656469106,142.7321414165234,129.98506734514436,156.39136251016532,203.2331747230948,185.08289472136207,222.68224092188825,243.18037640093044,221.46250514975583,266.4523212756455,81.91583768252649,72.33163029623047,92.41665440712993,116.6381698410805,102.99142654282586,131.59005313062434,139.56438993444704,123.23526366636575,157.4551925123633,28.23614101935572,22.733979402148144,34.6677242031971,40.20482369522093,32.37041609643462,49.36261433701701,48.10742228801015,38.733095525920426,59.06525423797192,False,54.90196078431373,21.0,True,72.54901960784314,37.254901960784316,50% injury-crash burden + 50% 30-day death burden; no urban/collision subset double weighting; deaths and crashes still related
27,2023,324267,12,Galicia,379,20,83,175,121,76,0,Lugo,296713.0,212968,116.87899169511545,105.40677123294851,129.25918718851767,127.7328596994402,115.1952812562797,141.26273150168365,177.96100822658804,160.4933017514111,196.81120568376028,6.167756817684192,3.767426098062383,9.52560016982135,6.740520300762016,4.117284913503603,10.41018691552935,9.391082228315993,5.736316998518062,14.50376483916579,53.96787215473668,46.2680016080644,62.58289571699321,58.97955263166764,50.56464016555466,68.39460301861475,82.17196949776492,70.44807706999276,95.28928217132264,37.31492874698937,30.962938431212976,44.58657829857314,40.78014781961019,33.83828533388877,48.72707291269145,56.81604748131175,47.14444966508648,67.88792675492758,23.43747590719993,18.466065272276733,29.33549604595336,25.61397714289566,20.18090069408944,32.059711897804135,35.686112467600765,28.116597740718603,44.66649119272923,False,36.27450980392157,42.0,True,3.9215686274509802,68.62745098039215,50% injury-crash burden + 50% 30-day death burden; no urban/collision subset double weighting; deaths and crashes still related
28,2023,6871903,13,"Madrid, Comunidad de",14680,137,893,11846,7338,921,0,Madrid,5444019.0,3751307,213.6235042898597,210.1816232495744,217.1076208618838,269.6537245737019,265.30909009568484,274.051672325839,391.3302750214792,385.0251998446462,397.7127201595715,1.993625346574304,1.6737799476185649,2.356791192891887,2.5165231789235123,2.1127871602541908,2.9749419443259364,3.652060468524704,3.066145597622337,4.317332723983225,172.38310843444677,169.2926625712915,175.515803121433,217.5965954564082,213.69557229716608,221.55094866817785,315.7832723368149,310.1219803662152,321.52195861804563,106.78264812527183,104.35325509270888,109.25432532790832,134.79012472219512,131.72353857166027,137.9100855422858,195.61182275937423,191.16149297600847,200.1396116030571,13.402401052517767,12.550698004915024,14.296689739601796,16.91764852400405,15.84255662444778,18.04649563339856,24.55144300373177,22.991234594254635,26.18966272598825,False,41.17647058823529,34.0,True,76.47058823529412,5.88235294117647,50% injury-crash burden + 50% 30-day death burden; no urban/collision subset double weighting; deaths and crashes still related
29,2023,1752728,1,Andalucía,5006,70,320,4056,2816,340,0,Málaga,1324079.0,991681,285.61191468385283,277.7542241554548,293.63552536388954,378.0741179340508,367.6726281404221,388.6952418246943,504.79942642845833,490.911498551996,518.9806067676999,3.993774276442209,3.113342977800634,5.045893534652207,5.28669361873423,4.1212370340399245,6.679419342202311,7.058721504193385,5.502619704113066,8.91826997109342,231.41069236070857,224.34320285582956,238.64418932503497,306.32613310837195,296.9706590430725,315.9013568429753,409.002491728691,396.5111898433996,421.787200387312,160.66383374944658,154.7840239228515,166.70982587490124,212.67613186222272,204.89282941746805,220.67941541710417,283.9622822258368,273.570122531592,294.64815771005385,19.39833219986216,17.390965551786458,21.573838290327483,25.67822614813769,23.021007258367195,28.55801688489064,34.28521873465358,30.737336169243516,38.130276206692585,False,66.66666666666666,9.0,True,92.15686274509804,41.17647058823529,50% injury-crash burden + 50% 30-day death burden; no urban/collision subset double weighting; deaths and crashes still related
30,2023,1551692,14,"Murcia, Región de",3464,62,259,2796,1791,298,0,Murcia,1179625.0,926755,223.2401791077095,215.8672528476469,230.8007016404561,293.6526438486807,283.95421367440576,303.5978402711732,373.7773197878619,361.4326216806717,386.4361156183487,3.995638309664547,3.063432980654188,5.122227985692151,5.255907597753524,4.029674217329455,6.737836335763166,6.69000976525619,5.129192125877128,8.576290591984533,180.19039861003344,173.5726510778022,186.9958631155328,237.024478118046,228.3194185408219,245.97646271439427,301.69785973639205,290.6175786439966,313.0924406444717,115.4223905259549,110.1381649468612,120.89462919673892,151.82791141252517,144.87698161934932,159.02615574233016,193.2549595092554,184.40743178372375,202.4172828498861,19.20484219806508,17.08603606267367,21.513801210367816,25.262265550492742,22.47516411585227,28.299496219322293,32.155208226553945,28.607631434588683,36.0211633362842,False,61.76470588235294,15.0,True,80.3921568627451,43.13725490196079,50% injury-crash burden + 50% 30-day death burden; no urban/collision subset double weighting; deaths and crashes still related
31,2023,672155,15,"Navarra, Comunidad Foral de",704,17,141,445,284,145,0,Navarra,492155.0,403510,104.73774650192291,97.14274449427838,112.76881435797114,143.0443661041745,132.67157994036774,154.01270415780007,174.46903422467844,161.8175049578739,187.8469490589628,2.5291785376884794,1.4733397013497325,4.049459844218464,3.454196340583759,2.0121966595091574,5.530502954538024,4.213030655993656,2.454245612155162,6.745470202945804,66.20496760419843,60.19588671327247,72.65151285620676,90.41866891528076,82.21183617713862,99.2229635457603,110.28227305395156,100.2725241846786,121.02073709167966,42.25215910020754,37.48052302441134,47.46297134181526,57.70539768975221,51.1885908981382,64.82200425121728,70.3823944883646,62.433944520515496,79.06241109825739,21.572405174401737,18.204112341081,25.383253595998063,29.462262904979124,24.86205591860146,34.6668850683587,35.93467324229883,30.32387085975391,42.28267160867904,False,4.901960784313725,52.0,True,1.9607843137254901,7.8431372549019605,50% injury-crash burden + 50% 30-day death burden; no urban/collision subset double weighting; deaths and crashes still related
32,2023,304563,12,Galicia,407,27,91,182,135,101,0,Ourense,265074.0,187605,133.63409212543874,120.96502836095203,147.26930341760902,153.54202977281815,138.98561131116836,169.20852613525756,216.94517736734096,196.37787869564585,239.08094590643776,8.865160902670384,5.842196895803093,12.898343674432592,10.185834898933882,6.712529381140653,14.819855000928849,14.391940513312544,9.484379484429931,20.93951784076231,59.75775126985221,51.39105895371761,69.09834207712653,68.66007228170247,59.046964576386586,79.39216353937348,97.01233975640308,83.42962654578022,112.17610595685557,44.32580451335192,37.16429823631314,52.46495420802692,50.92917449466941,42.70079360384738,60.280841759128776,71.95970256656273,60.33352076834967,85.173016968947,33.16226856184107,27.011212390552675,40.29516248061337,38.10256758490082,31.03516708279157,46.2980736344683,53.83651821646544,43.85072828178297,65.41624994314145,False,52.94117647058824,23.0,True,15.686274509803921,90.19607843137256,50% injury-crash burden + 50% 30-day death burden; no urban/collision subset double weighting; deaths and crashes still related
33,2023,1006060,3,"Asturias, Principado de",1842,49,198,1021,683,210,0,Asturias,718710.0,605718,183.090471741248,174.8238031653301,191.6470895722537,256.2925241056894,244.7207293797387,268.2701937291279,304.10190880904975,290.37148543135913,318.31391990177195,4.870484861737869,3.6032115131134463,6.43903928124747,6.817770728110086,5.04382431701648,9.013454466045872,8.089573035637045,5.984710665496013,10.694844563463244,101.48500089457885,95.35470648413724,107.90601723247634,142.06007986531424,133.47881065441015,151.04830557096068,168.56028713031478,158.37824863291354,179.22519670359003,67.88859511361152,62.89201496851096,73.1765689697806,95.03137565916713,88.03709504420439,102.4335531406791,112.75874251714494,104.45973304280233,121.5417388582434,20.87350655030515,18.14564804771309,23.8957044251019,29.219017406186083,25.400524098568592,33.44953095673918,34.66959872415877,30.13879507441125,39.68928180096682,False,53.92156862745098,22.0,True,49.01960784313725,58.82352941176471,50% injury-crash burden + 50% 30-day death burden; no urban/collision subset double weighting; deaths and crashes still related
34,2023,157787,7,Castilla y León,212,4,35,67,66,33,0,Palencia,132009.0,99229,134.3583438432824,116.8797961860696,153.7134198540689,160.59511093940566,139.70344749836275,183.72974099125037,213.6472200667144,185.85405880147303,244.42430517806253,2.535063091382687,0.6907193708140246,6.490768362034701,3.0300964328189743,0.8255992952195116,7.758250327934984,4.031079623900271,1.0983335251048836,10.3211648564469,42.46230678066,32.90770451634199,53.92562861819817,50.75411524971782,39.333742188184544,64.45593226810017,67.52058370032954,52.32752494250727,85.74875452518553,41.82854100781433,32.350190585182105,53.21616004012168,49.99659114151308,38.66735996685172,63.60792252233317,66.51281379435447,51.44100537004432,84.6206073249824,20.914270503907165,14.396421487657312,29.371411630342998,24.99829557075654,17.2076764256451,35.106901248527976,33.25640689717724,22.89218028270953,46.70435988387397,False,13.725490196078432,51.0,True,17.647058823529413,9.803921568627452,50% injury-crash burden + 50% 30-day death burden; no urban/collision subset double weighting; deaths and crashes still related
35,2023,1145843,5,Canarias,2189,36,127,1243,1141,148,0,"Palmas, Las",943514.0,631632,191.03838833068752,183.1184945461671,199.21269636116492,232.00503649124445,222.38678508878908,241.93225923151783,346.56255541201205,332.195083761215,361.3915597002152,3.141791676521129,2.20047226516331,4.349563988193513,3.815523670025034,2.672345870576931,5.282293054394126,5.699521240215822,3.991874606941261,7.89053982211734,108.47908483099344,102.53159312071358,114.68158431339016,131.74155338447548,124.51866984084796,139.2741290689994,196.79180282189628,186.00246386538015,208.04375113105084,99.5773417475169,93.88259686371116,105.5271996128928,120.93090298607122,114.01496579606174,128.15666008775273,180.64315930795144,170.31232812477108,191.4367907041377,12.916254670142418,10.919193704040088,15.172849640507822,15.686041754547364,13.260727102532032,18.426545393739158,23.431365098665047,19.80849873251895,27.52505185080617,False,39.21568627450981,37.0,True,52.94117647058824,25.49019607843137,50% injury-crash burden + 50% 30-day death burden; no urban/collision subset double weighting; deaths and crashes still related
36,2023,946710,12,Galicia,1929,43,201,941,807,220,0,Pontevedra,751263.0,611408,203.75827867034252,194.76594359646452,213.05868549748243,256.7676033559486,245.43584132615203,268.48758443756924,315.5012692015806,301.57745149263496,329.90210816234264,4.542045610588247,3.287100929742708,6.1181056300645,5.723694631573763,4.142266185339514,7.70977910670213,7.032946902886453,5.089778545908328,9.473333324127854,99.39685859450096,93.14672627073055,105.95607206825346,125.2557360072305,117.3795824202221,133.52138064530828,153.9070473399105,144.22928261940197,164.06339627177962,85.24257692429572,79.46202770090746,91.33247401577178,107.4191062251169,100.13470148899398,115.0933381192356,131.9904221076597,123.03976435494152,141.4200770606065,23.238372891381733,20.268874534885544,26.52050223739396,29.284019045261115,25.54198224978668,33.420020250116444,35.98251903802371,31.38451935683127,41.06459953609248,False,60.78431372549019,17.0,True,66.66666666666666,54.90196078431373,50% injury-crash burden + 50% 30-day death burden; no urban/collision subset double weighting; deaths and crashes still related
37,2023,327089,7,Castilla y León,698,17,86,457,300,94,0,Salamanca,247716.0,198895,213.39757680631263,197.85805152657247,229.8332480999568,281.7742899126419,261.255600024928,303.4762683386085,350.938937630408,325.3837060548282,377.9679091368147,5.197362185827099,3.027655002035316,8.321480335904482,6.862697605322224,3.9977742534221834,10.9878436660961,8.547223409336585,4.979072610979308,13.684932660904806,139.7173246425285,127.19956951154084,153.1338667376008,184.4854591548386,167.95677304639335,202.2009209632608,229.7694763568717,209.1836395684174,251.83339620068432,91.71815622047822,81.6319947271129,102.70633544771322,121.10642832921572,107.78846551412356,135.6154328152282,150.8333542824103,134.24634869301204,168.90375602834192,28.738355615749843,23.22351665726766,35.16846904935117,37.94668087648759,30.66478079699745,46.4371270845776,47.26111767515523,38.191793860625054,57.83563876861271,False,67.64705882352942,8.0,True,74.50980392156863,60.78431372549019,50% injury-crash burden + 50% 30-day death burden; no urban/collision subset double weighting; deaths and crashes still related
38,2023,1067173,5,Canarias,2081,33,257,1016,986,275,0,Santa Cruz de Tenerife,902954.0,594739,195.0011853748174,186.7121163803572,203.5634735309554,230.4657823100623,220.6691917572489,240.58528201707975,349.90138531355774,335.0278515012046,365.2651713414628,3.092282132325312,2.128584734877086,4.3427138120219775,3.654671223561776,2.515707508104493,5.132517190152466,5.548652434092938,3.8194370257759855,7.792370984443479,95.20480746795504,89.43996035570967,101.24373494996732,112.51957464056862,105.7062827261231,119.656793544036,170.83123857692198,160.48705535147982,181.66721933110404,92.39364189311388,86.71587845929525,98.3455287929618,109.19714625551246,102.48677580811592,116.23149462605116,165.78700909138294,155.59908491462892,176.4668081268782,25.7690177693776,22.81307167742147,29.00166418443062,30.45559352968147,26.962053594323635,34.27615689469384,46.238770284107815,40.93475312903459,52.03928609472622,False,38.23529411764706,38.5,True,54.90196078431373,21.568627450980394,50% injury-crash burden + 50% 30-day death burden; no urban/collision subset double weighting; deaths and crashes still related
39,2023,588387,6,Cantabria,1180,24,126,631,493,142,0,Cantabria,451730.0,362962,200.5482785989493,189.2674594288962,212.3258311990897,261.2179841940982,246.52450058882508,276.55847263130363,325.10290333423336,306.8158998765434,344.1951467143635,4.0789480393006645,2.613458974227245,6.069151356803126,5.312908153100303,3.4040805026645256,7.90518619391079,6.612262440696271,4.2366013121722,9.838522378032192,107.24234219994663,99.03688473055406,115.94629683499548,139.6852101919288,128.99744426085607,151.02227825438308,173.84740000330612,160.54577475316017,187.95712431563769,83.78839097396781,76.55446050192232,91.52167838923025,109.13598831160206,99.71365495172908,119.2087436796405,135.82689096930258,124.1001794990786,148.36309526177396,24.1337758991956,20.32767822314361,28.445576793675528,31.434706572510127,26.47719125734576,37.05091004117585,39.122552774119605,32.95260001510021,46.11228611507641,False,55.882352941176464,19.5,True,64.70588235294117,47.05882352941176,50% injury-crash burden + 50% 30-day death burden; no urban/collision subset double weighting; deaths and crashes still related
40,2023,155332,7,Castilla y León,322,13,48,95,95,48,0,Segovia,137486.0,97341,207.2979167203152,185.27169033349855,231.22231465699545,234.2056645767569,209.32038318725543,261.2355045626494,330.79586196977635,295.6474887548207,368.9732443708244,8.36917055082018,4.456230841683492,14.31153652702526,9.45550819719826,5.0346598861002585,16.169206987008767,13.35511243977358,7.111034909240506,22.83764900520734,61.15932325599361,49.481544732141565,74.76410116624746,69.09794451798729,55.904363399422586,84.46865398917382,97.59505244449925,78.96022545826541,119.3048906663744,61.15932325599361,49.481544732141565,74.76410116624746,69.09794451798729,55.904363399422586,84.46865398917382,97.59505244449925,78.96022545826541,119.3048906663744,30.901552803028352,22.784365631990344,40.97097583378008,34.91264565119358,25.741828857835152,46.2891030229458,49.31118439301014,36.358174688449104,65.3794764612314,False,77.45098039215686,4.0,True,68.62745098039215,86.27450980392157,50% injury-crash burden + 50% 30-day death burden; no urban/collision subset double weighting; deaths and crashes still related
41,2023,1959394,1,Andalucía,3864,60,315,2778,2006,319,0,Sevilla,1351209.0,1169106,197.20382934723696,191.0343923387328,203.52178345712036,285.9661236714675,277.01979645055576,295.1278161817904,330.50895299485245,320.16912251084074,341.0976946275024,3.0621712631558533,2.3367592709790506,3.9416214098156535,4.440467758873719,3.388544699599193,5.7157622104828585,5.132126599298951,3.916353260526185,6.6060642411075925,141.778529484116,136.55482699596462,147.15089267432472,205.5936572358532,198.0187437227928,213.3841442742876,237.61746154754147,228.8626597476457,246.62141516741497,102.37859256484404,97.94698381512192,106.9590287830214,148.4596387383447,142.03334377246375,155.1017490582726,171.58409930322827,164.15682787142225,179.26080205155,16.280543882445286,14.542786447562506,18.168792727680604,23.608486918011945,21.088557365022947,26.34664471437136,27.285806419606093,24.373366066580186,30.450466816405875,False,38.23529411764706,38.5,True,58.82352941176471,17.647058823529413,50% injury-crash burden + 50% 30-day death burden; no urban/collision subset double weighting; deaths and crashes still related
42,2023,89528,7,Castilla y León,144,17,30,46,37,32,0,Soria,77912.0,55585,160.84353498346886,135.64630193667395,189.36367722672355,184.82390389157,155.86998305506913,217.59615071817055,259.0626967707115,218.47876441102,304.9986740083495,18.98847287999285,11.061485199722204,30.402384523173325,21.8194886538659,12.71065621419973,34.93511502195633,30.583790590986776,17.81618506720751,48.96761143457158,51.380573675274775,37.61703758485823,68.53448497742158,59.04096929869596,43.22540996120222,78.75237923629993,82.75613924619951,60.58789495182491,110.3850925799874,41.32785273880797,29.09862229370256,56.96500105210753,47.48947530547285,33.436973209654525,65.45798611501544,66.56472069803004,46.86770633643255,91.75069918490748,35.74300777410419,24.448190857926644,50.458462245800725,41.0719786425711,28.093202987068185,57.98137909361905,57.56948817126923,39.37748729204744,81.27094014468017,False,65.68627450980392,10.5,True,31.372549019607842,100.0,50% injury-crash burden + 50% 30-day death burden; no urban/collision subset double weighting; deaths and crashes still related
43,2023,848592,9,Cataluña,2289,55,249,1160,1069,262,0,Tarragona,650590.0,489148,269.74093557327905,258.8027214864856,281.0226277988796,351.83448869487694,337.56731433262087,366.5496760926342,467.9565284944434,448.9805110757068,487.5284244627533,6.481324358466731,4.882620502130409,8.436334537205083,8.453864953350037,6.368608028318677,11.003867255254365,11.244040658451022,8.47055021617966,14.635664456556984,136.6970228331165,128.94278692298496,144.7957066898597,178.29969719792803,168.18551997502215,188.8631524175924,237.14703934187608,223.6947047530597,251.1969349386309,125.97337707638064,118.53402070506304,133.75732152689218,164.3123933660216,154.60892681742857,174.4653206922155,218.54326297971167,205.63719303390968,232.04713704062672,30.87467239851425,27.248986530383142,34.84849875299272,40.27113850504927,35.54200337815044,45.454367964155,53.56252095480305,47.27254732267309,60.45646154906,False,81.37254901960785,2.5,True,88.23529411764706,74.50980392156863,50% injury-crash burden + 50% 30-day death burden; no urban/collision subset double weighting; deaths and crashes still related
44,2023,135046,2,Aragón,231,10,51,57,51,53,0,Teruel,123875.0,83179,171.05282644432268,149.70401830298715,194.5921100023492,186.47830474268412,163.20426926938612,212.14035186581023,277.71432693348083,243.05328094525305,315.93173862846686,7.4048842616589905,3.550929828452848,13.617845802184275,8.072653884964682,3.871151318774921,14.845897914847852,12.02226523521562,5.765143481085891,22.109373810718782,42.20784029145624,31.96780605343716,54.68515276495625,46.01412714429869,34.85065054524702,59.61663887222024,68.52691184072903,51.90161382431232,88.78456269366404,37.76490973446085,28.118455813789943,49.65388191920071,41.17053481331988,30.654167377025843,54.1316499508406,61.31355269959966,45.65196724929461,80.61599848111156,39.24588658679265,29.39786215982515,51.3345859404975,42.78506559031282,32.04895009675679,55.96391921631019,63.71800574664278,47.72915872077985,83.34472033710942,False,61.764705882352935,16.0,True,41.17647058823529,82.35294117647058,50% injury-crash burden + 50% 30-day death burden; no urban/collision subset double weighting; deaths and crashes still related
45,2023,731112,8,Castilla - La Mancha,1003,38,130,327,416,134,0,Toledo,601586.0,440685,137.1882830537592,128.82842995950764,145.94822648622178,166.7259543938855,156.56616191958514,177.37197967172537,227.60021330428765,213.7309213714003,242.13326925762075,5.197562069833349,3.67810426380584,7.13406002353396,6.316636357893967,4.470027833958262,8.670076916560493,8.62293928769983,6.102105051271577,11.835657877908169,44.72638939040804,40.00948451429825,49.84652329150072,54.35631813240335,48.6238280847919,60.57885545324471,74.20266176520644,66.3771497605265,82.69714498268756,56.89962686975456,51.56252909900348,62.63912638208208,69.15054539168132,62.6643302447707,76.12580240806268,94.3984932548192,85.54405930456137,103.92052592544968,18.328245193622863,15.356505285166593,21.707288716524985,22.27445452520504,18.66287661622564,26.381031586699184,30.40720696188888,25.47698535699812,36.01315966759934,False,41.17647058823529,34.0,True,19.607843137254903,62.745098039215684,50% injury-crash burden + 50% 30-day death burden; no urban/collision subset double weighting; deaths and crashes still related
46,2023,2656841,10,Comunitat Valenciana,5237,73,399,3774,2564,438,0,Valencia/València,1842097.0,1577738,197.1137903999524,191.81097280552987,202.52605456145932,284.295560982945,276.6473517950557,292.101624033437,331.9309036101051,323.00119335378673,341.044917043972,2.7476239639481626,2.1536985812285776,3.4547246215705623,3.96287491918178,3.1062613381651,4.982720246706962,4.626877212819872,3.62673314089533,5.817603441317985,142.04839506767624,137.55221639695225,146.6541106350711,204.87520472591837,198.39040406900125,211.5179895270406,239.20321371482464,231.63184772395357,246.95903499427212,96.5055868981245,92.80592526409754,100.31491279206084,139.1891957915354,133.85320495315403,144.683354469049,162.51113936534458,156.28107282995668,168.92587566336852,16.485743783688974,14.97779516671798,18.104380357875996,23.77724951509068,21.602347915738516,26.111795423584976,27.761263276919237,25.221944510773124,30.486975666682053,False,36.27450980392157,42.0,True,56.86274509803921,15.686274509803921,50% injury-crash burden + 50% 30-day death burden; no urban/collision subset double weighting; deaths and crashes still related
47,2023,521333,7,Castilla y León,903,17,91,594,388,90,0,Valladolid,367316.0,317295,173.2098294180495,162.09523712328613,184.88582123546183,245.83737163641115,230.0623883936287,262.4091513632595,284.59320190989456,266.3313202388759,303.7774936325723,3.2608716501736894,1.8995779031074755,5.220971397534131,4.628167572335537,2.696078164198481,7.410144620954877,5.357790069178525,3.121110156040056,8.578340918043654,113.93869177665717,104.95894629321975,123.4812780564168,161.71361988042992,148.9686328607606,175.25744898938774,187.207488299532,172.4532764395378,202.88647830248172,74.42460001572891,67.20251540422377,82.21133049153228,105.63111870977578,95.38078647058715,116.68285497811694,122.28367922595692,110.41740009527471,135.07770232478293,17.263438147978356,13.881842916352117,21.219696391731663,24.50206361824696,19.702552606231684,30.11719603554063,28.364770954474544,22.80862545300303,34.86511914461508,False,36.274509803921575,40.0,True,43.13725490196079,29.411764705882355,50% injury-crash burden + 50% 30-day death burden; no urban/collision subset double weighting; deaths and crashes still related
48,2023,1153282,16,País Vasco,1965,14,172,968,718,172,0,Bizkaia,710240.0,646947,170.38330607778497,162.93231711308545,178.0871683296865,276.6670421266051,264.5681861692011,289.17651169407173,303.7343089928541,290.4517812816404,317.4676220240568,1.2139268626407071,0.6636651119414505,2.036763005217768,1.971164676728993,1.077654071342166,3.307279387507825,2.164010343969444,1.1830845921382431,3.63084164882681,83.93437164544318,78.72947294863192,89.39295137898607,136.29195764811894,127.84028500386366,145.1555555196269,149.62585806874444,140.34732987577672,159.35661151881035,62.25710624114484,57.78597218380175,66.98235686009059,101.0925884208155,93.8323968969352,108.76541237373142,110.9828162121472,103.01233574323592,119.40629832786766,14.91395859815726,12.768357277088858,17.316926905189668,24.21716602838477,20.733155858914724,28.119086639827312,26.586412797338884,22.761550199994115,30.87007142017963,False,21.568627450980394,49.0,True,39.21568627450981,3.9215686274509802,50% injury-crash burden + 50% 30-day death burden; no urban/collision subset double weighting; deaths and crashes still related
49,2023,166927,7,Castilla y León,196,14,44,61,67,39,0,Zamora,148307.0,105961,117.41659527817548,101.55312171489308,135.05542708911662,132.15829327004118,114.30315459487385,152.01168709302306,184.9737167448401,159.9829932569715,212.7612732770073,8.38689966272682,4.585196089488579,14.071792533164544,9.439878090717228,5.160869194509092,15.838511413376024,13.212408338917148,7.223346586291749,22.168176142010346,36.542919959024005,27.952438228077263,46.94090944834333,41.13089739526792,31.461877430588267,52.834358401718106,57.568350619567575,44.03522669754206,73.94895472375315,40.13730552876408,31.10586048104892,50.97295921438494,45.17655943414674,35.0112130413268,57.37263354244665,63.230811336246354,49.00301028227417,80.30089526127193,23.36350620331043,16.613736836722925,31.93868209806253,26.29680325271228,18.699597786642894,35.94859572766818,36.80599465841205,26.17266021407544,50.31500633802328,False,47.05882352941176,30.0,True,5.88235294117647,88.23529411764706,50% injury-crash burden + 50% 30-day death burden; no urban/collision subset double weighting; deaths and crashes still related
50,2023,979365,2,Aragón,1578,44,229,1030,689,257,0,Zaragoza,619322.0,542217,161.12481046392304,153.2721441420704,169.2755154926585,254.794759430474,242.3769435732927,267.68387887152,291.0273930916958,276.8437239107198,305.74938674085746,4.492707009133469,3.2644077905729056,6.031249460651313,7.104543355475827,5.162172078199117,9.537517846985532,8.114832253507359,5.896249538126679,10.893783536906392,105.1701868047153,98.84467161250386,111.79433467890924,166.3109012759114,156.30804624053374,176.78599917782665,189.96084593437683,178.53555276536855,201.9255364232585,70.35170748393091,65.1960078335766,75.80672697859498,111.25069027097376,103.09772333605255,119.87698671675102,127.0708959696948,117.75855093427676,136.9238794936191,26.241493212438677,23.13100764004488,29.653691345663425,41.496991871756535,36.5782247318722,46.892872245367776,47.39799748071344,41.77976584539502,53.56118938496148,False,42.15686274509804,32.0,True,33.33333333333333,50.98039215686274,50% injury-crash burden + 50% 30-day death burden; no urban/collision subset double weighting; deaths and crashes still related
51,2023,83052,18,Ceuta,322,1,16,281,189,16,0,Ceuta,63367.0,41658,387.7089052641719,346.513295319595,432.45466190218673,508.15093029494847,454.1578771739707,566.7969855019239,772.960775841375,690.830625639325,862.1687210211824,1.204064923180658,0.0304842845257066,6.7086203715008645,1.5781084791768587,0.0399542474541794,8.79265767819038,2.400499303855202,0.0607753804414275,13.37472608127826,338.3422434137649,299.9351948545259,380.303990837282,443.4484826486973,393.110259331483,498.4456743575984,674.5403043833118,597.9696049512239,758.1978742862821,227.56827048114437,196.27972485307728,262.4266371876645,298.26250256442626,257.25414977035007,343.9496436900896,453.69436842863314,391.3155626409759,523.1901932812403,19.265038770890527,11.011634221501623,31.28521600631043,25.24973566682974,14.432405595406962,41.00398882314286,38.40798886168323,21.95348421345607,62.37216764501642,False,49.99999999999999,29.0,True,98.0392156862745,1.9607843137254901,50% injury-crash burden + 50% 30-day death burden; no urban/collision subset double weighting; deaths and crashes still related
52,2023,85493,19,Melilla,437,0,21,437,235,19,0,Melilla,69630.0,45598,511.1529598914531,464.34569382303096,561.4001050189771,627.6030446646561,570.1322189000773,689.2974174693007,958.3753673406728,870.615079652888,1052.5851830867014,0.0,0.0,4.314832154812599,0.0,0.0,5.297830610532723,0.0,0.0,8.090002750370488,511.1529598914531,464.34569382303096,561.4001050189771,627.6030446646561,570.1322189000773,689.2974174693007,958.3753673406728,870.615079652888,1052.5851830867014,274.8763056624519,240.8529256795911,312.35916127638086,337.498204796783,295.72367047429674,383.5203471923255,515.3734812930392,451.5820688434862,585.6511639765258,22.224041734411003,13.380324897204137,34.70559410897452,27.287088898463303,16.4286100306861,42.61216942637597,41.668494232203166,25.08715549885244,65.07051531116626,False,50.0,27.0,True,100.0,0.0,50% injury-crash burden + 50% 30-day death burden; no urban/collision subset double weighting; deaths and crashes still related
01,2024,338594,16,País Vasco,867,10,112,512,349,101,0,Araba/Álava,222153.0,195821,256.0588787751703,239.29604207541573,273.68629798924275,390.2715695939285,364.7225293850784,417.1383613157133,442.7512881662335,413.766675027108,473.23085052864434,2.9533896052499453,1.4162651128290618,5.431388637134083,4.501402186781182,2.15859731632363,8.278238890322335,5.10670459245944,2.4488633477167583,9.39141156567364,151.2135477887972,138.3975186205124,164.8970866324043,230.47179196319647,210.9382696600711,251.3275272051798,261.46327513392333,239.30308506132525,285.12347578253764,103.0732972232231,92.54180769235327,114.4749582958327,157.09893631866328,141.04739001402038,174.47675263993366,178.22399027683446,160.01399662847535,197.938597133194,29.829235013024448,24.29640182432026,36.24522457746756,45.46416208648994,37.031306708907344,55.24307828650998,51.57771638384035,42.01089709124095,62.67160095486721,False,50.0,23.0,True,86.27450980392157,13.725490196078432,50% injury-crash burden + 50% 30-day death burden; no urban/collision subset double weighting; deaths and crashes still related
02,2024,389070,8,Castilla - La Mancha,854,13,97,540,368,105,0,Albacete,305468.0,241169,219.4977767496852,205.02130286029836,234.72673074426828,279.57101889559624,261.13255170379966,298.9679086865808,354.10852970323714,330.7541114482221,378.67689931405965,3.341301051224715,1.7791020872860417,5.713726557729682,4.255764924640224,2.2660155862492317,7.277487631489673,5.390410873702673,2.8701667672892457,9.217766760304547,138.79250520471894,127.3315796211102,151.00810546519745,176.77792763890162,162.1803189963772,192.33675407356705,223.90937475380332,205.41984120341067,243.6164000901624,94.5845220654381,85.16649926941167,104.7594776721374,120.4708840205848,108.47528995099324,133.43057203339956,152.59009242481417,137.3963066179733,169.0050129904693,26.98743156758424,22.07304529269236,32.66993134110464,34.373485929786426,28.11410600137433,41.61120047560983,43.53793397990621,35.60971655572572,52.70532359832144,False,49.01960784313726,26.0,True,74.50980392156863,23.52941176470588,50% injury-crash burden + 50% 30-day death burden; no urban/collision subset double weighting; deaths and crashes still related
03,2024,1993289,10,Comunitat Valenciana,3758,67,405,2345,1930,437,2,Alicante/Alacant,1497529.0,1147173,188.53262121047172,182.55251455204305,194.65873052809496,250.94672624036,242.98689319467425,259.1008964204472,327.5879052244082,317.1970741805528,338.23242555012706,3.361278770915808,2.604944878800843,4.268705221761438,4.474036896781298,3.46731714211882,5.681868706902928,5.840444292186096,4.526264105344228,7.417157798152184,117.64475698205328,112.93089093601948,122.50483782324363,156.59129138734542,150.31689046620622,163.06031180688686,204.41555022651332,196.2248960383197,212.8602622968423,96.82489593832103,92.55287887630314,101.24323098795148,128.87897329534186,123.19269635677668,134.76000708683625,168.239663939092,160.81675159933803,175.9168134647022,21.923564520749373,19.91598127617841,24.078685618787546,29.181404834230257,26.50920710184069,32.049983124458635,38.09364411470633,34.60533537837134,41.83830963454284,False,39.21568627450981,38.0,True,52.94117647058824,25.49019607843137,50% injury-crash burden + 50% 30-day death burden; no urban/collision subset double weighting; deaths and crashes still related
04,2024,760964,1,Andalucía,1503,40,129,817,841,144,2,Almería,595107.0,436948,197.51262871830997,187.65231900022405,207.7565952589337,252.55962373153065,239.95123444302703,265.6585954368193,343.9768576581195,326.80469821508854,361.817172191243,5.256490451585095,3.7553138442539935,7.157848066923542,6.721480338829824,4.801924097983886,9.15274849127704,9.154407389437644,6.540042852190413,12.465704606494151,107.36381747362556,100.12707808236895,114.98538684685236,137.28623592059915,128.03260900287142,147.03194537541677,186.9787709292639,174.37567364050597,200.25206641643436,110.51771174457662,103.17361198242996,118.24657739862134,141.31912412389704,131.92821537739908,151.20203345543658,192.47141536292648,179.68134530561497,205.9315720029946,18.923365625706342,15.958891773837587,22.27878230081069,24.197329219787367,20.406653122525103,28.487904351241216,32.95586660197552,27.793106089938725,38.79947109210731,False,62.745098039215684,11.0,True,60.78431372549019,64.70588235294117,50% injury-crash burden + 50% 30-day death burden; no urban/collision subset double weighting; deaths and crashes still related
05,2024,160463,7,Castilla y León,363,18,71,153,120,65,0,Ávila,140025.0,98202,226.2203747904501,203.544528395618,250.73174934323092,259.2394215318693,233.25381653237676,287.3284677369246,369.6462393841266,332.59369116663663,409.6980580320448,11.217539245807444,6.648224687560076,17.728548180906493,12.854847348687734,7.618597236493144,20.316200869507576,18.32956558929553,10.863262235391872,28.96861598290053,95.34908358936327,80.8393057911979,111.7113503445546,109.26620246384574,92.63858257577569,128.01669994885387,155.80130750901205,132.092192879707,182.5374066754065,74.78359497204963,62.003032241662375,89.42284848803291,85.69898232458489,71.05297313046863,102.47497616093716,122.19710392863688,101.31354313144205,146.117783109664,40.50778060986022,31.263049880180645,51.63049164970839,46.42028209248348,35.826193700577946,59.16646014345408,66.19009796134499,51.08412021062124,84.36471336212253,False,88.23529411764706,2.0,True,78.43137254901961,98.0392156862745,50% injury-crash burden + 50% 30-day death burden; no urban/collision subset double weighting; deaths and crashes still related
06,2024,666029,11,Extremadura,1075,26,110,726,497,120,0,Badajoz,554683.0,419861,161.4043832926194,151.89888378559428,171.34891231029914,193.8043891736361,182.39077395347536,205.7451638451444,256.0371170458795,240.9584640365158,271.8122062232887,3.903733921495911,2.5500486038290138,5.719874672593084,4.687361970711199,3.061940462497741,6.868071327789926,6.19252562157476,4.045163331577913,9.073484815956949,109.00426257715505,101.21832697892788,117.2301911380812,130.88556887447425,121.536699519272,140.76275453458115,172.91436927935675,160.56347481535164,185.96322824340692,74.62137534551799,68.2042787050309,81.4795902804835,89.60072690167176,81.89547460735776,97.8356467296098,118.3725089970252,108.193015168432,129.25175244883462,18.01723348382728,14.938077114650968,21.544194827755582,21.63397832635938,17.93671802199431,25.86893511597656,28.5808874841912,23.69639609917061,34.175735629018234,False,35.294117647058826,43.5,True,35.294117647058826,35.294117647058826,50% injury-crash burden + 50% 30-day death burden; no urban/collision subset double weighting; deaths and crashes still related
07,2024,1231768,4,"Balears, Illes",2888,62,307,1586,1532,306,1,"Balears, Illes",1107208.0,705388,234.45973592429743,225.9858705830547,243.1700494663792,260.83626563391886,251.40909732981348,270.5264823692594,409.42006385138393,394.6227662454537,424.6302538334972,5.033415383416358,3.859090712388419,6.4526113582871325,5.599670522611831,4.293235280649397,7.178524891054459,8.789488905396746,6.738850744012172,11.267728097975334,128.75801287255393,122.49844251038785,135.254545466138,143.24318465907038,136.27941771928616,150.47057188869107,224.84079683805223,213.9101622569925,236.1852214096836,124.37407044183644,118.22331792165518,130.76181984003503,138.36605226840845,131.52334508937918,145.4724182815878,217.18543553335184,206.4448216722164,228.3398998859072,24.842340440732347,22.136586351111333,27.78757575811837,27.6370835470842,24.62693432176764,30.91365544362572,43.38038072663555,38.65551823469595,48.52343195011249,False,70.58823529411765,7.0,True,80.3921568627451,60.78431372549019,50% injury-crash burden + 50% 30-day death burden; no urban/collision subset double weighting; deaths and crashes still related
08,2024,5877672,9,Cataluña,17945,130,1232,12533,8626,1244,0,Barcelona,3681009.0,3144610,305.30795185576875,300.8571032459879,309.80816718359955,487.5022038794255,480.3952861158591,494.6879482300537,570.659000639189,562.3398042205718,579.0704696691678,2.2117600301616016,1.847919698455852,2.6262854321622062,3.5316403736040853,2.950676260194529,4.193536160500476,4.134057959492592,3.4539945716201386,4.908858125054521,213.23068044627192,209.5137154064022,216.9970366154558,340.4772984798461,334.542213469236,346.49124905634284,398.55498774092814,391.6075121112567,405.5947816096875,146.75878477056904,143.6778858778432,149.889105294386,234.33792202083723,229.41847923854425,239.33627907290216,274.3106458352546,268.55205791605147,280.16160900520714,21.16484213477717,20.00491504493716,22.37448240399185,33.79508172894986,31.94296156896272,35.72658169008432,39.55975462775988,37.39170486070002,41.820724586017214,False,50.98039215686274,21.0,True,94.11764705882352,7.8431372549019605,50% injury-crash burden + 50% 30-day death burden; no urban/collision subset double weighting; deaths and crashes still related
09,2024,359740,7,Castilla y León,655,26,98,408,267,104,0,Burgos,279262.0,215676,182.0759437371435,168.39730662425632,196.56971944111808,234.5467697001382,216.926209384055,253.21737605455743,303.6962851684935,280.8807984430812,327.87139446089424,7.227442041474398,4.721205096902303,10.58987715659226,9.310253453745943,6.081766661986358,13.64167845361166,12.055119716611957,7.874804436096896,17.66354350188477,113.4152443431367,102.67586679218844,124.97256519193894,146.09936188955174,132.26509986973474,160.98728291764763,189.17264786067992,171.25974294692904,208.44985349388952,74.22027019514094,65.58384892903683,83.67776599362452,95.6091412365449,84.48386752845612,107.79210754970774,123.796806320592,109.39155869791593,139.57157745204142,28.909768165897592,23.62137552402581,35.029022904043295,37.24101381498378,30.42860693905024,45.12372144975161,48.22047886644782,39.399625507766494,58.427181047036,False,67.6470588235294,8.5,True,47.05882352941176,88.23529411764706,50% injury-crash burden + 50% 30-day death burden; no urban/collision subset double weighting; deaths and crashes still related
10,2024,388652,11,Extremadura,517,18,59,234,204,65,0,Cáceres,334260.0,244114,133.02388769387525,121.80295928819883,145.00053806782955,154.6700173517621,141.6231787628704,168.59555172960597,211.78629656635837,193.92154375937903,230.85422843891828,4.631392608297397,2.7448567820053738,7.319597034758082,5.385029617662897,3.1915098367736268,8.510668422045109,7.373604135772631,4.370065125473969,11.653473486784035,60.20810390786616,52.74034599592337,68.43688792921988,70.00538502961766,61.32244645487827,79.57318664353248,95.8568537650442,83.9674944985032,108.95783677899328,52.4891162273705,45.533011894619605,60.20739252840213,61.03033566684617,52.94230879814425,70.00455789190613,83.56751353875649,72.49275395457737,95.8557211833346,16.724473307740602,12.907595414209696,21.316714133948,19.445940286004905,15.00796617280987,24.78544720154119,26.62690382362339,20.550082227661772,33.938174711762365,False,36.274509803921575,42.0,True,17.647058823529413,54.90196078431373,50% injury-crash burden + 50% 30-day death burden; no urban/collision subset double weighting; deaths and crashes still related
11,2024,1258730,1,Andalucía,2707,38,236,2077,1441,247,1,Cádiz,863282.0,766471,215.05803468575468,207.03215016052508,223.3153500819616,313.570768300509,301.86842581167883,325.6105543827713,353.1770934582,339.9966578925461,366.7375942581879,3.018915891414362,2.1363645615180498,4.143697927217085,4.40180613055757,3.114980000184893,6.04182282490074,4.957787052608644,3.5084251909330098,6.804950078901825,165.00758701230606,157.98680162455486,172.26001394903025,240.59345613600192,230.35662368597505,251.1680393638033,270.9822028491619,259.452382163025,282.89243475364736,114.4804684086341,108.6452544129979,120.5476641872213,166.9211219508805,158.4129416427921,175.7675491234395,188.00450375813304,178.421676863538,197.96830061721977,19.622953294193355,17.2518775034216,22.22887441212827,28.611739848624204,25.15453324624152,32.41136857802921,32.225615841956184,28.331738278267373,36.50516599946797,False,44.11764705882353,30.0,True,72.54901960784314,15.686274509803921,50% injury-crash burden + 50% 30-day death burden; no urban/collision subset double weighting; deaths and crashes still related
12,2024,615188,10,Comunitat Valenciana,1066,30,168,486,424,175,1,Castellón/Castelló,467633.0,373453,173.28036307600277,163.0331225848559,184.0029360901308,227.95653856763744,214.47592581518484,242.0624683189924,285.4442192190182,268.56397087915303,303.1074813896672,4.876558060300266,3.290193245222748,6.961589854614795,6.415287201715875,4.328367335372165,9.15822138189727,8.033139377645915,5.419925404648219,11.467805960805688,79.00024057686431,72.13186940546099,86.34626471978481,103.92765266779718,94.89206381031008,113.5916111575423,130.13685791786384,118.82261081262364,142.2379413217593,68.92202058557709,62.517020959546976,75.8051762686898,90.66939245091773,82.2433854968785,99.72443086433752,113.5350365373956,102.98409998061814,124.8736381241622,28.446588685084883,24.387969332045195,32.987587283013056,37.42250867667594,32.083249209192296,43.39635535871557,46.8599797029345,40.174228289616686,54.34035299077056,False,50.98039215686275,19.5,True,43.13725490196079,58.82352941176471,50% injury-crash burden + 50% 30-day death burden; no urban/collision subset double weighting; deaths and crashes still related
13,2024,492948,8,Castilla - La Mancha,546,28,55,290,219,69,2,Ciudad Real,385719.0,302472,110.76218992672656,101.66520732699573,120.45476950443448,141.55382545324446,129.9279024923011,153.94091999012744,180.51257637070535,165.68694167204862,196.30887393766025,5.680112303934695,3.774393375337264,8.209343773231293,7.259170536063818,4.82366610300699,10.491522570386264,9.257055198497712,6.1512459519749045,13.379022171727694,58.829734576466485,52.2529810104765,66.00520256805311,75.18426626637526,66.77919024769942,84.35449795192002,95.87664312729774,85.15830385342237,107.5707258705488,44.42659266291779,38.73707423125437,50.716550970050335,56.77708383564201,49.505892289849285,64.8156361692952,72.40339601682139,63.13101136021972,82.65433616197325,13.997419606124785,10.890827948758254,17.714630365686702,17.88867024958584,13.91845321512418,22.63925710038792,22.812028882012218,17.749120102635892,28.87008255145775,False,37.25490196078431,40.5,True,5.88235294117647,68.62745098039215,50% injury-crash burden + 50% 30-day death burden; no urban/collision subset double weighting; deaths and crashes still related
14,2024,774313,1,Andalucía,812,32,130,376,332,142,1,Córdoba,584860.0,474348,104.86715320548667,97.77734916773488,112.33516630479748,138.83664466709982,129.45024889053155,148.72376231400102,171.18233870491707,159.60913204254322,183.3729237331382,4.132695692827061,2.826760794573327,5.8341332354513575,5.471394863728071,3.7424300364676273,7.723977033720971,6.746102017927766,4.614328786309748,9.523483197867488,48.55917439071796,43.77438109159186,53.72423519015658,64.28888964880484,57.954163981420805,71.1270624128778,79.26669871065126,71.45612998510327,87.69800594246357,42.87671781308076,38.38811128504619,47.74600412211921,56.76572171117874,50.82312624125085,63.21231010807799,69.99080843600058,62.66372708108387,77.93930129316556,18.338837136920084,15.446649619315188,21.615299746872857,24.27931470779332,20.45026434818726,28.61711793061649,29.935827704554463,25.214698083855737,35.28423771766796,False,21.568627450980394,51.0,True,3.9215686274509802,39.21568627450981,50% injury-crash burden + 50% 30-day death burden; no urban/collision subset double weighting; deaths and crashes still related
15,2024,1128449,12,Galicia,1713,55,237,685,620,250,1,"Coruña, A",839160.0,716355,151.80127768290814,144.69696778200367,159.16416389782393,204.1327041327041,194.5792799902692,214.03384525756172,239.12724836149675,227.93607721958284,250.72574573547405,4.87394645216576,3.6717234869664894,6.344111251457475,6.554173220839887,4.937500234929988,8.531157344959169,7.677757536417,5.783937708459979,9.993656772963035,60.702787631519016,56.24148325385569,65.4238770246301,81.62924829591496,75.62996989409672,87.97786906497785,95.62298022628444,88.59524333093258,103.05994737883704,54.9426690971413,50.70244533109742,59.44284550428211,73.88340721674055,68.18142396137989,79.93495825165837,86.54926677415527,79.86979044109631,93.63823741924276,22.15430205529891,19.492949670825823,25.077580381773217,29.791696458363123,26.21287902556572,33.722735240277906,34.89889789280455,30.706562476835828,39.50383609276352,False,43.13725490196079,33.5,True,29.411764705882355,56.86274509803921,50% injury-crash burden + 50% 30-day death burden; no urban/collision subset double weighting; deaths and crashes still related
16,2024,199025,8,Castilla - La Mancha,268,16,56,54,77,61,0,Cuenca,187201.0,125100,134.65645019469915,119.0159033336677,151.78104359848004,143.16162841010464,126.5331924561472,161.3678463372925,214.2286171063149,189.34564477204805,241.47259953786963,8.03919105639995,4.5950923017920005,13.055142619048327,8.546962890155502,4.885327777972089,13.879732265084556,12.78976818545164,7.310457596835755,20.76978225224695,27.13226981534983,20.3825961424669,35.40172661409909,28.845999754274818,21.67000281651527,37.63777244443711,43.16546762589928,32.42722779579916,56.32157185748258,38.68860695892476,30.53244358972316,48.3541205879276,41.13225890887335,32.46093549417285,51.40826624864338,61.550759392486015,48.57489676614431,76.92788848930687,30.649415902524808,23.44437460669893,39.37045693497605,32.58529601871785,24.925169502824527,41.85717593113075,48.76099120703437,37.29829461309556,62.63553310538455,False,55.88235294117647,15.5,True,19.607843137254903,92.15686274509804,50% injury-crash burden + 50% 30-day death burden; no urban/collision subset double weighting; deaths and crashes still related
17,2024,821108,9,Cataluña,2247,36,196,1129,948,184,0,Girona,681757.0,476600,273.6546227780024,262.4555473007037,285.20869630660286,329.589575171212,316.1014108149769,343.50529911232604,471.46454049517416,452.1702675891443,491.37042007327335,4.384319724080146,3.070723634079223,6.069746548473063,5.280473834518751,3.698378955744529,7.310401578456282,7.553503986571548,5.290381329692662,10.457233421996683,137.49713801351345,129.59272750974995,145.75757314267472,165.60152664365748,156.08145614944291,175.55039312839523,236.88627780109107,223.2682024760297,251.1177284264275,115.4537527341105,108.22037307311516,123.04347834714196,139.0524776423271,130.34059656640042,148.1935417145186,198.9089383130508,186.44694522307896,211.9848602993392,22.40874525640963,19.28774296207876,25.890936062937403,26.989088487540283,23.23015392303499,31.18303842683889,38.60679815358792,33.229794477772906,44.60607370702141,False,67.6470588235294,8.5,True,88.23529411764706,47.05882352941176,50% injury-crash burden + 50% 30-day death burden; no urban/collision subset double weighting; deaths and crashes still related
18,2024,939741,1,Andalucía,1319,56,118,745,648,146,1,Granada,750858.0,567521,140.35782199563496,132.88446347141775,148.14203028083105,175.66570510003223,166.31237675711466,185.4080793946904,232.4143071357712,220.03939693349423,245.3039441327078,5.959088727638785,4.501431584088618,7.738372382133475,7.458134560729192,5.633794696551174,9.68500808509531,9.867476269600596,7.453785530866737,12.813738699992587,79.27716253733742,73.68591497953824,85.18020015647694,99.219825852558,92.22206519579768,106.60780929982474,131.2726753723651,122.0142962617881,141.04733829276415,68.95516956267737,63.7474860971404,74.47491597233312,86.30127134558066,79.78356271413878,93.20954429566748,114.18079683394976,105.55754999799623,123.32077933813252,15.536195611343976,13.11835521817886,18.270547434913,19.4444222476154,16.418359065344738,22.86661727920935,25.72592027431584,21.722290895115105,30.253651436744324,False,48.03921568627451,27.0,True,25.49019607843137,70.58823529411765,50% injury-crash burden + 50% 30-day death burden; no urban/collision subset double weighting; deaths and crashes still related
19,2024,280225,8,Castilla - La Mancha,410,17,36,110,136,43,0,Guadalajara,223751.0,167493,146.31100008921402,132.48968835777077,161.182308255939,183.23940451662787,165.9296401806307,201.86418085738396,244.78634928026844,221.662534673427,269.6668656661503,6.066553662235704,3.533991067751733,9.713140089537555,7.597731406787009,4.42595852961877,12.1647039860857,10.14967789698674,5.912561402331616,16.250617527840934,39.25417075564279,32.26215437323427,47.311891168462616,49.16179145568064,40.40501365017172,59.25325340526941,65.67438639226714,53.97635847014247,79.1553957638972,48.53242929788563,40.71887350934532,57.40843061494786,60.78185125429607,50.99618025911076,71.89812545675221,81.19742317589392,68.12491464811241,96.047461500324,15.344812204478544,11.105116678371736,20.669361338347265,19.217791205402435,13.908010785188532,25.886238635976436,25.67271468061352,18.57947091040652,34.58097819633276,False,50.0,23.0,True,27.450980392156865,72.54901960784314,50% injury-crash burden + 50% 30-day death burden; no urban/collision subset double weighting; deaths and crashes still related
20,2024,729722,16,País Vasco,1438,21,163,612,586,165,0,Gipuzkoa,487917.0,425433,197.06134664982008,187.0065454157144,207.5163072603943,294.72225808897826,279.6844347170644,310.3585543579532,338.0085700921179,320.762118438969,355.94139327854083,2.8778082612282487,1.7814086712578472,4.399035623832556,4.304010723135288,2.6642504737642234,6.579137585889281,4.9361474074648655,3.0555530445631125,7.545425656905647,83.86755504150896,77.353726389917,90.78341163063423,125.43116964565696,115.68917649662342,135.7744302861546,143.85343873183322,132.680624043511,155.71582999421693,80.30455433713112,73.93342032676047,87.07783395761626,120.1023944646323,110.57381347172634,130.2324189385073,137.74201813211482,126.81395977200712,149.35985490363854,22.61135062393624,19.292815210622653,26.33684891105511,33.81722711034869,28.8540708791167,39.38903145631932,38.7840153443668,33.09191271275614,45.1741591768221,False,35.294117647058826,43.5,True,58.82352941176471,11.76470588235294,50% injury-crash burden + 50% 30-day death burden; no urban/collision subset double weighting; deaths and crashes still related
21,2024,535734,1,Andalucía,743,24,83,292,339,90,2,Huelva,382733.0,306980,138.68822960648382,128.89393211754734,149.0294527725377,194.13011159215432,180.42045454419164,208.60533283422836,242.0353117466936,224.9425429313379,260.08256189863414,4.479835142066772,2.8703149052862917,6.6656395886304045,6.270690011052091,4.017749411387694,9.330289678118485,7.818098898951072,5.009203483838185,11.632711444964889,54.504660895145726,48.431702408470485,61.12848173417867,76.2933951344671,67.79271622279639,85.56514863724443,95.12020327057137,84.52182441233803,106.67993365489112,63.27767138169315,56.72022345917973,70.38522516326911,88.57349640611079,79.39464899729104,98.52235949766238,110.43064694768388,98.98674895654504,122.83457625128288,16.799381782750395,13.508686798132278,20.649292333491328,23.515087541445343,18.908907288137154,28.90403487285037,29.31787087106652,23.575030337841543,36.036640755067566,False,37.25490196078431,40.5,True,23.52941176470588,50.98039215686274,50% injury-crash burden + 50% 30-day death burden; no urban/collision subset double weighting; deaths and crashes still related
22,2024,228519,2,Aragón,437,20,88,152,142,91,0,Huesca,195177.0,139523,191.23136369404733,173.71993751947272,210.02970947005463,223.8993324008464,203.3964370904993,245.9089912150889,313.21000838571416,284.5287615806168,343.9990480307004,8.752007491718413,5.345953546709003,13.51676574056188,10.24710903436368,6.259200410603681,15.82582881316682,14.334554159529253,8.755918081896137,22.138556297294784,66.51525693705995,56.36142925269873,77.96998864540355,77.87802866116397,65.9896271148622,91.28956708658792,108.94261161242233,92.3120736466207,127.70384693031951,62.13925319120073,52.33937487334008,73.24120792100597,72.75447414398212,61.28048697685076,85.75297085671141,101.7753345326577,85.72451571913449,119.9587709044413,39.82163408731878,32.061895727196024,48.89214241115517,46.62434610635474,37.53901509749155,57.24436532816248,65.22222142585811,52.51286418499536,80.07843503690982,False,74.50980392156862,6.0,True,54.90196078431373,94.11764705882352,50% injury-crash burden + 50% 30-day death burden; no urban/collision subset double weighting; deaths and crashes still related
23,2024,619055,1,Andalucía,959,32,92,609,426,112,2,Jaén,490868.0,380599,154.91353756935976,145.2628615767508,165.03683777052734,195.36820489418744,183.19731735088757,208.1351393980333,251.97123481669684,236.27413832772936,268.43706790095035,5.169169136829522,3.535707862998371,7.297324483191392,6.519064188335764,4.459035078938649,9.202973524332505,8.407799284811574,5.75092848674972,11.869303933909569,98.37575013528684,90.71668302324628,106.5087303217702,124.06594033426502,114.4067574357174,134.32279563822345,160.01093013907027,147.55324162427053,173.239451625841,68.81456413404301,62.43421340157132,75.67006626171796,86.78504200721986,78.7385039915206,95.43081412853928,111.92882797905408,101.55100769395015,123.07949539974572,18.09209197890333,14.896972568278812,21.76948789560465,22.816724659175176,18.787220501755748,27.45444870966032,29.427297496840502,24.23034572675136,35.40868559616168,False,47.05882352941176,28.0,True,31.372549019607842,62.745098039215684,50% injury-crash burden + 50% 30-day death burden; no urban/collision subset double weighting; deaths and crashes still related
24,2024,447802,7,Castilla y León,403,32,108,112,95,117,2,León,383305.0,288810,89.99513177699072,81.42204438090238,99.22537674780926,105.1382058673902,95.12256380129882,115.92158244328272,139.53810463626607,126.24547044027857,153.84966641883068,7.146015426460802,4.887869261701503,10.088041607545405,8.348443145797733,5.710328931603962,11.785510775862686,11.079948755237009,7.578676746402328,15.64158169018402,25.011053992612805,20.59402448683981,30.094797096068216,29.219551010292065,24.059287912382672,35.158712589748475,38.77982064332952,31.93118435392071,46.66220120222132,21.214733297305507,17.16398610620992,25.933911332141328,24.78444058908702,20.052092475529967,30.29769338348196,32.89359786710987,26.612884963585103,40.210717642587,26.127618902997305,21.60825269632107,31.313265506330143,30.52399525182296,25.244175718860877,36.58220717252749,40.5110626363353,33.50375254983542,48.55144531098525,False,43.13725490196079,33.5,True,0.0,86.27450980392157,50% injury-crash burden + 50% 30-day death burden; no urban/collision subset double weighting; deaths and crashes still related
25,2024,451707,9,Cataluña,1542,32,190,575,532,177,0,Lleida,370553.0,263608,341.371729904562,324.5437901702462,358.8459228494381,416.13480392818303,395.6214140121154,437.4359815533841,584.9594852963492,556.1238726686269,614.9024888188187,7.084238234076514,4.845613707842598,10.000830644515244,8.63574171575996,5.906840940778935,12.19109063465158,12.139237048951474,8.303229155141182,17.13698069839325,127.29490576856236,117.10155431060832,138.13799823405736,155.17348395506176,142.7477089457701,168.39129832523648,218.1269157233468,200.6600398811188,236.70715899483835,117.77546064152205,107.9787700567748,128.22224621815812,143.56920602450933,131.62696371648747,156.30391920309796,201.81481593881824,185.0276406104351,219.71596526837408,39.18469273223572,33.624463059410864,45.40179277708905,47.76644636529727,40.9884829840193,55.34513985842933,67.14515492701284,57.61739148727391,77.7985023594146,False,90.19607843137254,1.0,True,96.07843137254902,84.31372549019608,50% injury-crash burden + 50% 30-day death burden; no urban/collision subset double weighting; deaths and crashes still related
26,2024,324184,17,"Rioja, La",669,14,95,474,263,89,0,"Rioja, La",228859.0,190887,206.3642869481529,191.02088993246656,222.6121028867757,292.3197252456753,270.5854529726458,315.3351275774449,350.4691257131182,324.41138569869474,378.0628432645832,4.318535152876144,2.360983353990512,7.245768181599208,6.117303667323548,3.344386839189457,10.26379610233182,7.334182002965105,4.009665548885256,12.305511177731107,146.21326160452088,133.34509659056965,159.98801524791665,207.1144241650973,188.8863745499073,226.62667727784623,248.3144478146757,226.46040219143907,271.7081557944261,81.12676751474471,71.61741935737263,91.54738189520744,114.91791889329238,101.44771006143736,129.67895714092927,137.7778476271302,121.62809136793229,155.4752102150274,27.45354490042692,22.0474508743031,33.78394936016473,38.8885733136997,31.2307176656154,47.85573579966548,46.62444273313531,37.44325603228651,57.37538878695586,False,55.88235294117647,15.5,True,68.62745098039215,43.13725490196079,50% injury-crash burden + 50% 30-day death burden; no urban/collision subset double weighting; deaths and crashes still related
27,2024,325048,12,Galicia,391,21,73,153,128,80,1,Lugo,298190.0,212822,120.28992641086856,108.66084139226749,132.82456904733831,131.12445085348267,118.4479331059853,144.788089874574,183.7216077285243,165.96023518655852,202.86605952250807,6.460584282936674,3.999203497353064,9.875689355093218,7.0424896877829575,4.359412114449239,10.765193579577922,9.867400926595934,6.108076695114315,15.083370485637484,47.06997120425291,39.9070830313461,55.1473579604805,51.30956772527583,43.50151757326868,60.11448542988787,71.89106389377038,60.95101787020603,84.22784491423943,39.378799438852106,32.85278906284735,46.82152125743707,42.92565143029612,35.81184271538417,51.03873986950402,60.14415802877522,50.1768303056094,71.51160050035901,24.61174964928257,19.515586802869223,30.63145288309372,26.828532143935075,21.273357453633707,33.390430587021186,37.590098767984514,29.80661049656067,46.78413179438144,False,43.13725490196079,33.5,True,7.8431372549019605,78.43137254901961,50% injury-crash burden + 50% 30-day death burden; no urban/collision subset double weighting; deaths and crashes still related
28,2024,7009268,13,"Madrid, Comunidad de",14183,125,973,11564,7113,990,2,Madrid,5490370.0,3792058,202.34637910834627,199.0297956229429,205.70437240910783,258.32503091777056,254.09092237980937,262.61200519951166,374.01854085565145,367.8881434583632,380.2254804613333,1.7833531261752298,1.484447435488274,2.1247847413871543,2.2767135912515912,1.895116341385011,2.712601463051353,3.2963630830541093,2.7438635978801016,3.9274678010445134,164.98156440872285,161.98812743029598,168.0164237871948,210.6233277538672,206.80176344710756,214.4977738706177,304.95314153950176,299.4200505311617,310.5627980178635,101.47992629187527,99.13515301963945,103.86615761767098,129.55411019658055,126.56066089091668,132.6004868292114,187.57624487811103,183.24214865270048,191.98697247576317,14.12415675930782,13.257928235245195,15.032120156297369,18.031571642712603,16.925703026499242,19.190720986689445,26.10719561778855,24.50605241945156,27.78548186332861,False,35.29411764705882,45.0,True,64.70588235294117,5.88235294117647,50% injury-crash burden + 50% 30-day death burden; no urban/collision subset double weighting; deaths and crashes still related
29,2024,1774701,1,Andalucía,5185,65,318,4193,3000,348,1,Málaga,1348138.0,1008770,292.16189093261346,284.2630116707204,300.2246225130543,384.6045434517831,374.2063876806671,395.2183958901389,513.9922876374198,500.09600907544745,528.1768270255262,3.662588796647999,2.8267087091985785,4.668270081319139,4.821464864872884,3.721104792627629,6.145352761799725,6.443490587547211,4.972950001411052,8.21275769658808,236.2651511437701,229.16736412993575,243.52687601985977,311.02157197556926,301.6779812517421,320.58097197714267,415.654708209007,403.1677689550256,428.4300587837873,169.04255984529226,163.04710601868507,175.20210618419483,222.5291476095177,214.6366782172644,230.6376298622224,297.39187327140974,286.8442381300657,308.2281918050664,19.6089369420539,17.60259986517272,21.781297631919013,25.81338112270405,23.172220932368862,28.67309629182198,34.49745729948353,30.967764290494262,38.3192310325092,False,61.76470588235294,12.0,True,92.15686274509804,31.372549019607842,50% injury-crash burden + 50% 30-day death burden; no urban/collision subset double weighting; deaths and crashes still related
30,2024,1568492,14,"Murcia, Región de",3922,84,318,3152,2096,360,0,Murcia,1182438.0,937764,250.04909173907168,242.2840170832444,257.99968973223315,331.68758108247533,321.3872884015332,342.23396858650506,418.2288934102824,405.2411294557396,431.5269613116838,5.355462444182055,4.27172658450193,6.630426917694684,7.103966550466071,5.666401937335066,8.795193978025715,8.957477574315073,7.144834920063684,11.089966747485262,200.95735266740283,194.00242859515333,208.0979147269652,266.56788770320304,257.3422515447484,276.0397707667777,336.1186823123942,324.4859657995714,348.0618945341547,133.63153908339984,127.97130132685491,139.4776652348716,177.260879640201,169.7526317327093,185.01570661596992,223.51039280671893,214.0431519665516,233.28854818437716,22.95198190363738,20.642012824141062,25.44974626718504,30.44557093056888,27.381420403067786,33.75882999540745,38.38918960420745,34.5255650446836,42.56691813943551,False,75.49019607843137,5.0,True,84.31372549019608,66.66666666666666,50% injury-crash burden + 50% 30-day death burden; no urban/collision subset double weighting; deaths and crashes still related
31,2024,678333,15,"Navarra, Comunidad Foral de",842,27,155,598,343,164,0,Navarra,493180.0,406997,124.12782512423838,115.88412458473309,132.80315880745798,170.72874001378807,159.39013318045286,182.66102665018727,206.88113180195435,193.1415363797172,221.3401207461956,3.980345936287929,2.623073052875914,5.791194361053072,5.474674561012207,3.607845032597586,7.965364054739068,6.633955532841766,4.371818497867251,9.65205700414552,88.15729147778451,81.23223164748765,95.51490312957644,121.25390324019628,111.72899020668972,131.37375965082725,146.9298299496065,135.3879841623777,159.1926003990078,50.56513541284296,45.35489101351281,56.20979741929013,69.54864349730322,62.382333602070624,77.3124630212485,84.27580547276762,75.59200506605501,93.68364020574928,24.17691605745261,20.618245393666587,28.173413592832134,33.25357881503711,28.358887733934942,38.75046871865566,40.29513731059443,34.36397873355832,46.9560123604513,False,24.50980392156863,50.0,True,11.76470588235294,37.254901960784316,50% injury-crash burden + 50% 30-day death burden; no urban/collision subset double weighting; deaths and crashes still related
32,2024,304467,12,Galicia,397,19,74,153,127,90,0,Ourense,265337.0,187531,130.39179943967656,117.87931095189626,143.87093676546556,149.6210479503424,135.26330729446326,165.08799189020377,211.698332542353,191.38361213661207,233.58246105535085,6.240413575198626,3.757136623793953,9.745178811360702,7.160705065633515,4.311212218562331,11.182327972195958,10.13165823250556,6.099920100872247,15.821839360738004,50.2517514213363,42.60467480933234,58.87514380979963,57.66251973904883,48.88770704867014,67.55762826269334,81.58651103017634,69.17105718613449,95.58706779326224,41.71223810790661,34.77361351178428,49.6296495354515,47.863660175550336,39.90177692931037,56.94867472350374,67.72213660674768,56.456893980688136,80.5764940469059,29.55985377725665,23.76961317026344,36.33407882953043,33.91912925826402,27.27498544534157,41.6923684936162,47.99206531186844,38.591287910322016,58.99039614245454,False,45.09803921568628,29.0,True,15.686274509803921,74.50980392156863,50% injury-crash burden + 50% 30-day death burden; no urban/collision subset double weighting; deaths and crashes still related
33,2024,1009599,3,"Asturias, Principado de",1945,44,216,1118,768,235,1,Asturias,720409.0,605897,192.65074549400308,184.18326315014752,201.407100423416,269.98552211313296,258.1189828182682,282.25689459790254,321.0116570968333,306.9023914842387,335.60226767978776,4.358165964902897,3.166650061870538,5.850634388535224,6.10764163135108,4.437821759326207,8.199223813182197,7.261960366200856,5.276551519176417,9.748842836374456,110.7370351991236,104.34022661929733,117.4234130595716,155.1896214511479,146.2249756105434,164.5600768473609,184.51981112301263,173.86088469594,195.66124341518517,76.06980593285057,70.7842571666474,81.64551773941781,106.60610847449158,99.19880963617896,114.420048978009,126.7542173009604,117.9469699490013,136.04495989285056,23.276568221640478,20.39546312459232,26.450622252004635,32.62035871289781,28.58270673343237,37.06855657689122,38.78547013766367,33.9847188138005,44.07435880191126,False,50.98039215686275,19.5,True,56.86274509803921,45.09803921568628,50% injury-crash burden + 50% 30-day death burden; no urban/collision subset double weighting; deaths and crashes still related
34,2024,158063,7,Castilla y León,151,10,40,30,42,40,0,Palencia,131767.0,99256,95.531528567723,80.90206794822122,112.04192834900036,114.5962190836856,97.04723918811,134.40150660353535,152.13186104618362,128.83476632243585,178.42431007322523,6.326591295875695,3.033846438529215,11.634826646348468,7.589153581701033,3.63929412989021,13.956723642503643,10.074957685177722,4.831333819751384,18.52820589386816,18.979773887627086,12.805573740483805,27.09480738364302,22.767460745103097,15.361110157642592,32.50196589040326,30.22487305553317,20.392594927682875,43.14788566414893,26.57168344267792,19.15053221340712,35.91719680032053,31.874445043144338,22.97229635073857,43.08499000393926,42.31482227774644,30.496801938903136,57.19734704047176,25.30636518350278,18.079238304846147,34.460086778046765,30.35661432680413,21.687210334749192,41.33709271971287,40.29983074071089,28.790789918784725,54.87693133310234,False,39.2156862745098,39.0,True,1.9607843137254901,76.47058823529412,50% injury-crash burden + 50% 30-day death burden; no urban/collision subset double weighting; deaths and crashes still related
35,2024,1159890,5,Canarias,1920,36,149,984,942,164,3,"Palmas, Las",960720.0,636899,165.53293846830303,158.21066847992213,173.1066631623378,199.85011241568824,191.0098387284296,208.99397070464235,301.4606711582213,288.1257032326584,315.25357636825305,3.1037425962806817,2.173823157136903,4.296888022936329,3.747189607794154,2.6244855334868875,5.1876899085307056,5.652387584216649,3.9588627737388857,7.82528697473794,84.83563096500531,79.61710995891428,90.30636580345409,102.42318261304024,96.12279297843811,109.02807335307725,154.49859396858844,144.99487308073194,164.46163462616263,81.21459793601117,76.11044421135585,86.57102432067092,98.05146140394704,91.88914890531014,104.51834603141704,147.90414178700237,138.60870112264195,157.65900935517718,14.139271827500885,12.058071241774682,16.47652463825587,17.070530435506704,14.557869361127109,19.892326757709423,25.749765661431404,21.959582685201323,30.00625870454593,False,29.411764705882355,48.0,True,39.21568627450981,19.607843137254903,50% injury-crash burden + 50% 30-day death burden; no urban/collision subset double weighting; deaths and crashes still related
36,2024,947869,12,Galicia,1737,35,163,734,745,172,1,Pontevedra,756915.0,613430,183.25317106055795,174.7356617475442,192.07850126748937,229.4841560809338,218.81785532719388,240.5359345737816,283.1618929625222,270.00067972708047,296.79874951977223,3.692493371974397,2.571956926803152,5.135364419459132,4.624033081653819,3.2208084662768965,6.430910652990504,5.705622483412941,3.9741751141156727,7.935139684900164,77.4368610008345,71.935384530561,83.24748189489965,96.9725794838258,90.08319428152213,104.24909985432532,119.65505436643136,111.15420015258192,128.63359701389993,78.59735891774075,73.05405644533818,84.4497778440352,98.42584702377414,91.48408398404874,105.7547102055684,121.44825000407543,112.88276645874224,130.49137876407707,18.145967427988467,15.53539214515465,21.069683780217467,22.72381971555591,19.454650280725836,26.38512923521261,28.039059061343597,24.00521105462008,32.556771098692515,False,41.17647058823529,36.0,True,49.01960784313725,33.33333333333333,50% injury-crash burden + 50% 30-day death burden; no urban/collision subset double weighting; deaths and crashes still related
37,2024,327552,7,Castilla y León,660,15,66,448,285,75,0,Salamanca,249342.0,198993,201.4947245017585,186.41356328837657,217.4710827928882,264.6966816661453,244.8850794580709,285.6842734516292,331.66995823973707,306.84564523492946,357.9678084705297,4.579425556858148,2.563069721077359,7.553066038823101,6.015833674230575,3.367016440384416,9.922202786327952,7.537953596357661,4.21893540616168,12.432708121132825,136.77217663149668,124.39872244875691,150.043285229334,179.67289907035317,163.41831835605404,197.10669748152665,225.13354741121543,204.76624974514291,246.97842719813667,87.00908558030481,77.19967894117933,97.71967563570576,114.30083981038092,101.41456006826436,128.37097317670788,143.22111833079555,127.07436561357018,160.85126207367443,22.89712778429074,18.010043504985916,28.701747951113948,30.079168371152875,23.659174026618643,37.70449801831732,37.68976798178831,29.6453934065276,47.24445053284928,False,57.84313725490196,14.0,True,62.745098039215684,52.94117647058824,50% injury-crash burden + 50% 30-day death burden; no urban/collision subset double weighting; deaths and crashes still related
38,2024,1078864,5,Canarias,1937,33,294,979,907,290,0,Santa Cruz de Tenerife,917635.0,599131,179.54070207180885,171.63334209178282,187.71839272131768,211.0861072212808,201.78941952138837,220.7006228455668,323.3015817909606,309.0626824225573,338.02726957024703,3.0587729315279777,2.1055185429053007,4.295654435514513,3.596201103924763,2.475459368128923,5.050403403223427,5.507977387249199,3.7914381951075535,7.735248095853711,90.74359696866334,85.14764721785538,96.61070990123837,106.68729941643464,100.10813805929844,113.58526748313832,163.40332915505957,153.32662016828428,173.96832566982783,84.0699105726023,78.68699366800735,89.72410260421776,98.84104246241698,92.51234394573125,105.48867930276938,151.38592394651587,141.69282633788117,161.56751066460723,26.88012576191253,23.875115383544514,30.15869710687968,31.602979398126703,28.06998695903313,35.457597623801014,48.40343764552327,42.99227127815514,54.307209267283184,False,31.372549019607845,47.0,True,45.09803921568628,17.647058823529413,50% injury-crash burden + 50% 30-day death burden; no urban/collision subset double weighting; deaths and crashes still related
39,2024,590851,6,Cantabria,1203,19,117,652,517,123,0,Cantabria,454529.0,365178,203.60463128606028,192.26033186193536,215.4435466479071,264.6695810388336,249.9229077593649,280.05921510060426,329.42838834760033,311.07352945948656,348.583526336369,3.2157007435038616,1.9360619114407407,5.02171504687063,4.180151321477838,2.5167241615753304,6.527824092980995,5.2029421268532055,3.132511039648263,8.125038630910293,110.34930972444828,102.04052981690867,119.15440199119948,143.4451927159763,132.64444971135023,154.8911017138669,178.5430666688574,165.0996201382622,192.78953707754084,87.5009097048156,80.1199688809481,95.37895192043018,113.74411753705483,104.1494904247629,123.98493632119865,141.5747936622688,129.63257297339123,154.3213148687437,20.81743112899868,17.301320551329074,24.83814359510928,27.06097960746179,22.49031975753656,32.28758116932894,33.682204294891804,27.99320481812523,40.18763994904927,False,44.11764705882352,31.0,True,66.66666666666666,21.568627450980394,50% injury-crash burden + 50% 30-day death burden; no urban/collision subset double weighting; deaths and crashes still related
40,2024,156620,7,Castilla y León,345,12,52,100,99,58,0,Segovia,138994.0,98012,220.27838079427917,197.64493220491008,244.79322825176035,248.21215304257737,222.70852901515903,275.83575844130473,351.9977145655634,315.83019713844243,391.1716464187111,7.661856723279275,3.958993173746788,13.383721777663746,8.633466192785301,4.461037964748276,15.0809279883858,12.243398767497858,6.326342803658959,21.386753711970943,63.84880602732729,51.94993694989346,77.65725564578366,71.94555160654417,58.53777231457699,87.50506769531518,102.02832306248214,83.01431585002157,124.09377810107576,63.21031796705402,51.37422733635257,76.95629405769088,71.22609609047872,57.8890562572452,86.71521630657111,101.00803983185732,82.09435054299003,122.97366419739976,37.03230749584983,28.120183680404647,47.87284493978711,41.728419931795614,31.68613873998141,53.943659254856016,59.17642737623965,44.93514230935983,76.4992549327578,False,83.33333333333334,4.0,True,76.47058823529412,90.19607843137256,50% injury-crash burden + 50% 30-day death burden; no urban/collision subset double weighting; deaths and crashes still related
41,2024,1968624,1,Andalucía,4748,71,363,3656,2525,371,2,Sevilla,1362051.0,1179068,241.18368972439632,234.3716666903271,248.1434554852315,348.5919396557104,338.74626424897343,358.651153232264,402.6909389449973,391.3172844709368,414.3112711999294,3.606580027470964,2.816768923598363,4.549209961226756,5.212726983057169,4.071183021377249,6.57514579902666,6.021705279084837,4.703001782297462,7.595561842667311,185.713472963857,179.74184094030855,191.83294811898497,268.4187302824931,259.7877038960171,277.26343995767314,310.07541549766427,300.10491496612065,320.29276145039023,128.26217703329837,123.30762890888192,133.36473478578853,185.38219200308947,178.2211955742617,192.75711236432272,214.1521947843551,205.8798624448452,222.6716505349464,18.845650566080675,16.976544009691036,20.864343574065245,27.238333953721263,24.536843315363377,30.15602756736027,31.465530401978512,28.344787556386912,34.836029392834526,False,55.882352941176464,17.0,True,82.35294117647058,29.411764705882355,50% injury-crash burden + 50% 30-day death burden; no urban/collision subset double weighting; deaths and crashes still related
42,2024,90073,7,Castilla y León,117,8,39,33,31,34,0,Soria,78589.0,55754,129.89464101340025,107.42640717993147,155.67531802277765,148.87579686724607,123.12434022468751,178.4237351317061,209.8504143200488,173.55201015026665,251.50021380108424,8.881684855617111,3.8344811172587816,17.50045987165223,10.17954166613648,4.39480356888178,20.05775518226891,14.348746278293934,6.194770198996489,28.272750332161483,36.63695002942058,25.219190626191917,51.4518993140778,41.99060937281299,28.904403380536515,58.97042750151968,59.18857839796248,40.74269392820218,83.12277014953061,34.4165288155163,23.384361550233532,48.85151544108528,39.44572395627887,26.80145564791746,55.99005650059009,55.601391828389,37.77844814567897,78.9217374596419,37.74716063637272,26.14100605572399,52.74787349727786,43.26305208108005,29.960921228889884,60.45577891970007,60.98217168274922,42.23192665023545,85.21647253148309,False,54.90196078431373,18.0,True,13.725490196078432,96.07843137254902,50% injury-crash burden + 50% 30-day death burden; no urban/collision subset double weighting; deaths and crashes still related
43,2024,861744,9,Cataluña,2381,58,248,1124,1106,269,0,Tarragona,651373.0,496733,276.30015410609184,265.31234821921606,287.6261498459136,365.5355687140855,350.9990807169166,380.5194702157089,479.3319549939304,460.27005293350777,498.98055670313215,6.730537143281532,5.110779034173694,8.700780016419559,8.904268368507752,6.761384288303285,11.510831696231586,11.676292897794188,8.866298731964608,15.094316211061992,130.4331680870421,122.91843679590292,138.28714292554122,172.55858010694334,162.6168499435018,182.949117776186,226.27850374345977,213.24177253826215,239.90376257109472,128.34438069774782,120.89095664867249,136.13707554421308,169.7951864753375,159.93456367742232,180.1046528299029,222.65482663724777,209.7244526662284,236.1737755046924,31.215767095564345,27.59654571052504,35.17772534325742,41.29738260566526,36.509277613242624,46.53891663946774,54.15384119839028,47.875131482649,61.02713882145946,False,86.27450980392157,3.0,True,90.19607843137256,82.35294117647058,50% injury-crash burden + 50% 30-day death burden; no urban/collision subset double weighting; deaths and crashes still related
44,2024,135309,2,Aragón,254,9,45,54,55,50,0,Teruel,125013.0,83468,187.7184814018284,165.34079770484948,212.28021806289377,203.17886939758264,178.9581723232422,229.7634968033092,304.3082378875737,268.03203618926386,344.12498233900527,6.651442254395495,3.041462945833857,12.62650928720127,7.199251277867102,3.2919561144667626,13.666421453304189,10.782575358221116,4.930480061075303,20.468686743924817,39.908653526372966,29.98060880839024,52.07213592126962,43.19550766720261,32.44979479937667,56.36076759513868,64.69545214932668,48.60121480393055,84.41353140570124,40.647702665750245,30.62141244960681,52.90857221320042,43.99542447585451,33.1433746661855,57.26609230716754,65.89351607801792,49.64001410293583,85.769468510039,36.952456968863856,27.426825811632533,48.71720777208967,39.99584043259501,29.68568367886689,52.72952946040557,59.90319643456175,44.46130701282152,78.97489656435619,False,65.68627450980392,10.0,True,50.98039215686274,80.3921568627451,50% injury-crash burden + 50% 30-day death burden; no urban/collision subset double weighting; deaths and crashes still related
45,2024,743165,8,Castilla - La Mancha,918,32,99,301,353,105,4,Toledo,617773.0,447605,123.5257311633352,115.66324507402476,131.7820054486598,148.59827153339495,139.13990337136394,158.53035674795314,205.0915427665017,192.03734436710408,218.79955335452743,4.30590784011626,2.945237775094974,6.078657105679152,5.179896175456033,3.543045149477974,7.312467861078498,7.149160532165637,4.890020511675376,10.092481558387522,40.50244562109357,36.05561716449176,45.34626645234227,48.72339840038331,43.37397835458901,54.55039004303352,67.24679125568302,59.86365820321381,75.28905644051103,47.499545861282485,42.6731247053786,52.72238711327012,57.140729685499366,51.3346694039278,63.42367312756204,78.86417712045218,70.85080086610446,87.53573534485402,14.128760100381475,11.555925981481655,17.10372553454964,16.99653432571511,13.901481178406655,20.57534108302497,23.458182996168496,19.186469615012825,28.39756076648738,False,25.49019607843137,49.0,True,9.803921568627452,41.17647058823529,50% injury-crash burden + 50% 30-day death burden; no urban/collision subset double weighting; deaths and crashes still related
46,2024,2710808,10,Comunitat Valenciana,5779,66,477,4252,2885,503,2,Valencia/València,1776034.0,1592371,213.1836706989208,207.72232713798715,218.75225804487025,325.3879148709991,317.052120727572,333.88739806000257,362.9179380935724,353.62069906088004,372.3977459562493,2.434698436776046,1.882995594621282,3.0975333716923807,3.716145073799263,2.874066330860855,4.72784768999393,4.144762746872432,3.2055592081645097,5.27315446227712,156.85360232078406,152.1740268507641,161.6405001086537,239.409831118098,232.26727043472488,246.71620071380352,267.0231999954784,259.0568211674705,275.172281345578,106.42583318331656,102.5773998359996,110.38170692119785,162.44058390774052,156.5666175842503,168.47853936109246,181.17637158677215,174.6249059387708,187.91074076056304,18.555353237853804,16.969009720345756,20.250067260609363,28.321529880621654,25.90025151657628,30.908217033343924,31.58811608601262,28.887569104179263,34.47314999494336,False,40.196078431372555,37.0,True,70.58823529411765,9.803921568627452,50% injury-crash burden + 50% 30-day death burden; no urban/collision subset double weighting; deaths and crashes still related
47,2024,525116,7,Castilla y León,889,18,97,561,391,104,0,Valladolid,369103.0,318573,169.2959269951782,158.34869901527418,180.80055833783445,240.85417891482865,225.27976047906608,257.2216047881764,279.0569194501731,261.0121869464918,298.0204411300716,3.4278140448967465,2.031539846510014,5.417424010604892,4.876687537083145,2.890234102784189,7.707268775254599,5.650196344322965,3.3486644443815154,8.929746170431262,106.83353773261528,98.17481900565792,116.05126172095336,151.990094905758,139.6714961866337,165.10398005396908,176.09778606473242,161.8252904576818,191.29171131847377,74.45973841970155,67.2613083068765,82.2187107604781,105.93249038886164,95.69141722736948,116.97103659330654,122.73482059057108,110.86937428116556,135.52422998715906,19.805147814958985,16.182240935361037,23.99725146348718,28.17641688092484,23.022174382253866,34.1404450776627,32.64557887831047,26.673803589799032,39.55558286327007,False,34.31372549019608,46.0,True,41.17647058823529,27.450980392156865,50% injury-crash burden + 50% 30-day death burden; no urban/collision subset double weighting; deaths and crashes still related
48,2024,1159368,16,País Vasco,1849,15,203,919,637,203,0,Bizkaia,706307.0,648971,159.48344270326592,152.29613577803838,166.9223539943281,261.7841816660461,249.9865728991965,273.9947865527259,284.9125769872614,272.07266017235406,298.2019777550864,1.2938083507566192,0.7241347124280911,2.133940118364992,2.1237224039971285,1.188631308026582,3.5027571398111363,2.311351354683029,1.293645807406388,3.812222560250896,79.26732495635554,74.22461348136049,84.56245659607207,130.11339261822408,121.83603119133458,138.80508925845967,141.60879299691356,132.6001341857463,151.06839316221354,54.94372796213109,50.75925872513301,59.38117214106144,90.18741142307806,83.31881217323347,97.4712565256158,98.15538752887264,90.6799537570092,106.08275374837724,17.50953968023958,15.183590199377788,20.091004381359117,28.74104320076114,24.923112190976767,32.97838980444418,31.28028833337699,27.125046577231075,35.89200067122807,False,18.627450980392155,52.0,True,33.33333333333333,3.9215686274509802,50% injury-crash burden + 50% 30-day death burden; no urban/collision subset double weighting; deaths and crashes still related
49,2024,166253,7,Castilla y León,227,24,48,82,68,59,0,Zamora,149477.0,105458,136.53888952379808,119.3532874211344,155.50413076706576,151.8628283950039,132.7484636005931,172.9565635677528,215.25156934514212,188.1587181022384,245.1499957558173,14.435829729388342,9.24930849650019,21.47937035346924,16.0559818567405,10.287370535056535,23.890028294488925,22.757875173054675,14.581400040477217,33.86191431067649,49.32241824207684,39.22758294160367,61.22212599836884,54.85793801053005,43.630146087962935,68.09316559475246,77.7560735079368,61.841712784145685,96.515789353172,40.90151756660031,31.76162881429055,51.8524195990626,45.49194859409809,35.32627812481015,57.671884742154006,64.48064632365491,50.0717449151534,81.74458377366302,35.48808141807967,27.01517183370733,45.77703942940926,39.4709553978204,30.047120044350265,50.91465667800114,55.94644313375941,42.58902466260829,72.16683548196985,False,60.78431372549019,13.0,True,21.568627450980394,100.0,50% injury-crash burden + 50% 30-day death burden; no urban/collision subset double weighting; deaths and crashes still related
50,2024,987763,2,Aragón,1599,44,240,1053,751,260,0,Zaragoza,624821.0,545957,161.88093702639196,154.04275663201477,170.0146058560497,255.9132935672777,243.5221214061448,268.77159558367794,292.88020851459,278.69911992905816,307.5959043005021,4.454509836873825,3.2366536667342607,5.979971539762851,7.042016833621149,5.1167402116997245,9.453578909849018,8.059242760876772,5.855858127681179,10.819157237714276,106.60451950518495,100.26207002410648,113.24302904212648,168.52826649552432,158.50165579137305,179.02291071480946,192.8723324364373,181.3973684250252,204.88293784261023,76.03038380664188,70.68919763617693,81.66818737241996,120.1944236829428,111.75068367532948,129.1070782888918,137.55662075951037,127.89317459928718,147.75671667098996,26.32210358152715,23.219545316953685,29.72377411306485,41.61191765321588,36.70716531760316,46.98952866379855,47.62279813245365,42.00954972811069,53.7772100902512,False,43.13725490196079,33.5,True,37.254901960784316,49.01960784313725,50% injury-crash burden + 50% 30-day death burden; no urban/collision subset double weighting; deaths and crashes still related
51,2024,83179,18,Ceuta,300,1,11,287,188,11,0,Ceuta,63441.0,41615,360.6679570564686,321.005632711341,403.8773314809876,472.8803139925285,420.8780997036086,529.5331497810101,720.8939084464736,641.6178667138444,807.2597033583339,1.202226523521562,0.0304377402761392,6.698377464190358,1.5762677133084284,0.0399076432973785,8.782401587205275,2.4029796948215787,0.0608381785036402,13.38854593521302,345.0390122506883,306.2710098446509,387.3555609966445,452.3888337195189,401.55918613937706,507.8710645818932,689.6551724137931,612.1666785502396,774.2364101439358,226.01858642205363,194.86366272596223,260.738103125301,296.3383301019845,255.4903706102176,341.85991204204555,451.7601826264568,389.48851620528205,521.156666583189,13.224491758737182,6.601618638402528,23.662268737664498,17.33894484639271,8.655538795474282,31.024161840610887,26.432776643037368,13.19514686347913,47.295538900160885,False,49.99999999999999,25.0,True,98.0392156862745,1.9607843137254901,50% injury-crash burden + 50% 30-day death burden; no urban/collision subset double weighting; deaths and crashes still related
52,2024,85985,19,Melilla,413,1,12,412,242,12,0,Melilla,69501.0,45515,480.31633424434494,435.1041118816585,528.9502918293285,594.2360541574941,538.3005576918952,654.4048408360285,907.3931670877732,821.9801617081052,999.2703689540772,1.1629935453858231,0.0294444472690468,6.479785300853519,1.4388282182990173,0.0364279765532724,8.01663773318211,2.197077886411073,0.055625196054685,12.24133448520026,479.1533406989592,433.9972453742612,527.7312382543748,592.7972259391951,536.9311685228392,652.8966564697259,905.1960892013622,819.8891166320082,996.9673848468072,281.4444379833692,247.09894975459548,319.2285455045569,348.1964288283622,305.70499985106534,394.9420365924134,531.6928485114797,466.8088145589123,603.0729756170344,13.955922544629876,7.2112288291239395,24.378188112085784,17.26593861958821,8.921562436112026,30.160120067591777,26.36493463693288,13.623146454404525,46.05423497347459,False,50.0,23.0,True,100.0,0.0,50% injury-crash burden + 50% 30-day death burden; no urban/collision subset double weighting; deaths and crashes still related
