year,zone,role,age_band,sex,category,fatalities,hospitalized,non_hospitalized,involved,casualties
2022,Interurbana,all_victims,0–17,F,Autobús,0.0,0.0,16.0,,16.0
2022,Interurbana,all_victims,0–17,F,Bicicleta,0.0,0.0,16.0,,16.0
2022,Interurbana,all_victims,0–17,F,Ciclomotor,0.0,10.0,50.0,,60.0
2022,Interurbana,all_victims,0–17,F,Desconocido,0.0,0.0,1.0,,1.0
2022,Interurbana,all_victims,0–17,F,Furgoneta,1.0,0.0,25.0,,26.0
2022,Interurbana,all_victims,0–17,F,Motocicleta,1.0,6.0,43.0,,50.0
2022,Interurbana,all_victims,0–17,F,Otros,0.0,2.0,10.0,,12.0
2022,Interurbana,all_victims,0–17,F,Peatón,1.0,7.0,20.0,,28.0
2022,Interurbana,all_victims,0–17,F,Total,8.0,58.0,1278.0,,1344.0
2022,Interurbana,all_victims,0–17,F,Turismo,5.0,33.0,1092.0,,1130.0
2022,Interurbana,all_victims,0–17,F,VMP,0.0,0.0,4.0,,4.0
2022,Interurbana,all_victims,0–17,F,Vehículo pesado,0.0,0.0,1.0,,1.0
2022,Interurbana,all_victims,0–17,M,Autobús,0.0,1.0,18.0,,19.0
2022,Interurbana,all_victims,0–17,M,Bicicleta,1.0,8.0,57.0,,66.0
2022,Interurbana,all_victims,0–17,M,Ciclomotor,3.0,26.0,120.0,,149.0
2022,Interurbana,all_victims,0–17,M,Desconocido,0.0,1.0,5.0,,6.0
2022,Interurbana,all_victims,0–17,M,Furgoneta,0.0,3.0,40.0,,43.0
2022,Interurbana,all_victims,0–17,M,Motocicleta,2.0,15.0,142.0,,159.0
2022,Interurbana,all_victims,0–17,M,Otros,1.0,2.0,19.0,,22.0
2022,Interurbana,all_victims,0–17,M,Peatón,2.0,5.0,32.0,,39.0
2022,Interurbana,all_victims,0–17,M,Total,19.0,109.0,1487.0,,1615.0
2022,Interurbana,all_victims,0–17,M,Turismo,9.0,44.0,1040.0,,1093.0
2022,Interurbana,all_victims,0–17,M,VMP,1.0,4.0,9.0,,14.0
2022,Interurbana,all_victims,0–17,M,Vehículo pesado,0.0,0.0,5.0,,5.0
2022,Interurbana,all_victims,0–17,UNK,Autobús,0.0,0.0,0.0,,0.0
2022,Interurbana,all_victims,0–17,UNK,Bicicleta,0.0,0.0,0.0,,0.0
2022,Interurbana,all_victims,0–17,UNK,Ciclomotor,0.0,0.0,0.0,,0.0
2022,Interurbana,all_victims,0–17,UNK,Desconocido,0.0,0.0,0.0,,0.0
2022,Interurbana,all_victims,0–17,UNK,Furgoneta,0.0,0.0,1.0,,1.0
2022,Interurbana,all_victims,0–17,UNK,Motocicleta,0.0,0.0,0.0,,0.0
2022,Interurbana,all_victims,0–17,UNK,Otros,0.0,1.0,0.0,,1.0
2022,Interurbana,all_victims,0–17,UNK,Peatón,0.0,0.0,0.0,,0.0
2022,Interurbana,all_victims,0–17,UNK,Total,0.0,1.0,7.0,,8.0
2022,Interurbana,all_victims,0–17,UNK,Turismo,0.0,0.0,6.0,,6.0
2022,Interurbana,all_victims,0–17,UNK,VMP,0.0,0.0,0.0,,0.0
2022,Interurbana,all_victims,0–17,UNK,Vehículo pesado,0.0,0.0,0.0,,0.0
2022,Interurbana,all_victims,18–24,F,Autobús,0.0,0.0,27.0,,27.0
2022,Interurbana,all_victims,18–24,F,Bicicleta,0.0,0.0,15.0,,15.0
2022,Interurbana,all_victims,18–24,F,Ciclomotor,0.0,3.0,32.0,,35.0
2022,Interurbana,all_victims,18–24,F,Desconocido,0.0,0.0,0.0,,0.0
2022,Interurbana,all_victims,18–24,F,Furgoneta,2.0,6.0,57.0,,65.0
2022,Interurbana,all_victims,18–24,F,Motocicleta,3.0,14.0,149.0,,166.0
2022,Interurbana,all_victims,18–24,F,Otros,0.0,0.0,8.0,,8.0
2022,Interurbana,all_victims,18–24,F,Peatón,1.0,4.0,19.0,,24.0
2022,Interurbana,all_victims,18–24,F,Total,28.0,124.0,2682.0,,2834.0
2022,Interurbana,all_victims,18–24,F,Turismo,22.0,97.0,2359.0,,2478.0
2022,Interurbana,all_victims,18–24,F,VMP,0.0,0.0,9.0,,9.0
2022,Interurbana,all_victims,18–24,F,Vehículo pesado,0.0,0.0,7.0,,7.0
2022,Interurbana,all_victims,18–24,M,Autobús,1.0,0.0,20.0,,21.0
2022,Interurbana,all_victims,18–24,M,Bicicleta,0.0,4.0,67.0,,71.0
2022,Interurbana,all_victims,18–24,M,Ciclomotor,2.0,17.0,101.0,,120.0
2022,Interurbana,all_victims,18–24,M,Desconocido,0.0,0.0,1.0,,1.0
2022,Interurbana,all_victims,18–24,M,Furgoneta,0.0,12.0,186.0,,198.0
2022,Interurbana,all_victims,18–24,M,Motocicleta,18.0,68.0,590.0,,676.0
2022,Interurbana,all_victims,18–24,M,Otros,1.0,5.0,22.0,,28.0
2022,Interurbana,all_victims,18–24,M,Peatón,7.0,11.0,27.0,,45.0
2022,Interurbana,all_victims,18–24,M,Total,95.0,295.0,3810.0,,4200.0
2022,Interurbana,all_victims,18–24,M,Turismo,65.0,171.0,2726.0,,2962.0
2022,Interurbana,all_victims,18–24,M,VMP,0.0,3.0,22.0,,25.0
2022,Interurbana,all_victims,18–24,M,Vehículo pesado,1.0,4.0,48.0,,53.0
2022,Interurbana,all_victims,18–24,UNK,Autobús,0.0,1.0,0.0,,1.0
2022,Interurbana,all_victims,18–24,UNK,Bicicleta,0.0,0.0,0.0,,0.0
2022,Interurbana,all_victims,18–24,UNK,Ciclomotor,0.0,0.0,0.0,,0.0
2022,Interurbana,all_victims,18–24,UNK,Desconocido,0.0,0.0,0.0,,0.0
2022,Interurbana,all_victims,18–24,UNK,Furgoneta,0.0,0.0,0.0,,0.0
2022,Interurbana,all_victims,18–24,UNK,Motocicleta,0.0,0.0,0.0,,0.0
2022,Interurbana,all_victims,18–24,UNK,Otros,0.0,0.0,0.0,,0.0
2022,Interurbana,all_victims,18–24,UNK,Peatón,0.0,0.0,0.0,,0.0
2022,Interurbana,all_victims,18–24,UNK,Total,1.0,1.0,2.0,,4.0
2022,Interurbana,all_victims,18–24,UNK,Turismo,1.0,0.0,2.0,,3.0
2022,Interurbana,all_victims,18–24,UNK,VMP,0.0,0.0,0.0,,0.0
2022,Interurbana,all_victims,18–24,UNK,Vehículo pesado,0.0,0.0,0.0,,0.0
2022,Interurbana,all_victims,25–44,F,Autobús,1.0,1.0,42.0,,44.0
2022,Interurbana,all_victims,25–44,F,Bicicleta,1.0,13.0,99.0,,113.0
2022,Interurbana,all_victims,25–44,F,Ciclomotor,1.0,3.0,27.0,,31.0
2022,Interurbana,all_victims,25–44,F,Desconocido,0.0,0.0,1.0,,1.0
2022,Interurbana,all_victims,25–44,F,Furgoneta,4.0,11.0,185.0,,200.0
2022,Interurbana,all_victims,25–44,F,Motocicleta,12.0,51.0,484.0,,547.0
2022,Interurbana,all_victims,25–44,F,Otros,1.0,1.0,17.0,,19.0
2022,Interurbana,all_victims,25–44,F,Peatón,5.0,5.0,34.0,,44.0
2022,Interurbana,all_victims,25–44,F,Total,61.0,295.0,6821.0,,7177.0
2022,Interurbana,all_victims,25–44,F,Turismo,36.0,202.0,5894.0,,6132.0
2022,Interurbana,all_victims,25–44,F,VMP,0.0,1.0,13.0,,14.0
2022,Interurbana,all_victims,25–44,F,Vehículo pesado,0.0,7.0,25.0,,32.0
2022,Interurbana,all_victims,25–44,M,Autobús,2.0,3.0,46.0,,51.0
2022,Interurbana,all_victims,25–44,M,Bicicleta,15.0,71.0,541.0,,627.0
2022,Interurbana,all_victims,25–44,M,Ciclomotor,2.0,13.0,100.0,,115.0
2022,Interurbana,all_victims,25–44,M,Desconocido,0.0,1.0,9.0,,10.0
2022,Interurbana,all_victims,25–44,M,Furgoneta,13.0,45.0,783.0,,841.0
2022,Interurbana,all_victims,25–44,M,Motocicleta,92.0,378.0,2014.0,,2484.0
2022,Interurbana,all_victims,25–44,M,Otros,2.0,13.0,65.0,,80.0
2022,Interurbana,all_victims,25–44,M,Peatón,38.0,37.0,67.0,,142.0
2022,Interurbana,all_victims,25–44,M,Total,330.0,989.0,10197.0,,11516.0
2022,Interurbana,all_victims,25–44,M,Turismo,151.0,366.0,6076.0,,6593.0
2022,Interurbana,all_victims,25–44,M,VMP,0.0,7.0,39.0,,46.0
2022,Interurbana,all_victims,25–44,M,Vehículo pesado,15.0,55.0,457.0,,527.0
2022,Interurbana,all_victims,25–44,UNK,Autobús,0.0,0.0,0.0,,0.0
2022,Interurbana,all_victims,25–44,UNK,Bicicleta,0.0,0.0,0.0,,0.0
2022,Interurbana,all_victims,25–44,UNK,Ciclomotor,0.0,0.0,0.0,,0.0
2022,Interurbana,all_victims,25–44,UNK,Desconocido,0.0,0.0,0.0,,0.0
2022,Interurbana,all_victims,25–44,UNK,Furgoneta,0.0,0.0,0.0,,0.0
2022,Interurbana,all_victims,25–44,UNK,Motocicleta,0.0,0.0,0.0,,0.0
2022,Interurbana,all_victims,25–44,UNK,Otros,0.0,0.0,0.0,,0.0
2022,Interurbana,all_victims,25–44,UNK,Peatón,0.0,0.0,0.0,,0.0
2022,Interurbana,all_victims,25–44,UNK,Total,0.0,0.0,5.0,,5.0
2022,Interurbana,all_victims,25–44,UNK,Turismo,0.0,0.0,5.0,,5.0
2022,Interurbana,all_victims,25–44,UNK,VMP,0.0,0.0,0.0,,0.0
2022,Interurbana,all_victims,25–44,UNK,Vehículo pesado,0.0,0.0,0.0,,0.0
2022,Interurbana,all_victims,45–64,F,Autobús,3.0,6.0,46.0,,55.0
2022,Interurbana,all_victims,45–64,F,Bicicleta,1.0,8.0,97.0,,106.0
2022,Interurbana,all_victims,45–64,F,Ciclomotor,1.0,3.0,37.0,,41.0
2022,Interurbana,all_victims,45–64,F,Desconocido,0.0,0.0,0.0,,0.0
2022,Interurbana,all_victims,45–64,F,Furgoneta,10.0,9.0,145.0,,164.0
2022,Interurbana,all_victims,45–64,F,Motocicleta,3.0,49.0,313.0,,365.0
2022,Interurbana,all_victims,45–64,F,Otros,1.0,3.0,13.0,,17.0
2022,Interurbana,all_victims,45–64,F,Peatón,4.0,19.0,54.0,,77.0
2022,Interurbana,all_victims,45–64,F,Total,65.0,325.0,4882.0,,5272.0
2022,Interurbana,all_victims,45–64,F,Turismo,42.0,223.0,4150.0,,4415.0
2022,Interurbana,all_victims,45–64,F,VMP,0.0,1.0,5.0,,6.0
2022,Interurbana,all_victims,45–64,F,Vehículo pesado,0.0,4.0,22.0,,26.0
2022,Interurbana,all_victims,45–64,M,Autobús,3.0,9.0,59.0,,71.0
2022,Interurbana,all_victims,45–64,M,Bicicleta,25.0,145.0,807.0,,977.0
2022,Interurbana,all_victims,45–64,M,Ciclomotor,7.0,19.0,124.0,,150.0
2022,Interurbana,all_victims,45–64,M,Desconocido,0.0,1.0,15.0,,16.0
2022,Interurbana,all_victims,45–64,M,Furgoneta,24.0,61.0,635.0,,720.0
2022,Interurbana,all_victims,45–64,M,Motocicleta,123.0,451.0,1848.0,,2422.0
2022,Interurbana,all_victims,45–64,M,Otros,6.0,16.0,59.0,,81.0
2022,Interurbana,all_victims,45–64,M,Peatón,22.0,45.0,82.0,,149.0
2022,Interurbana,all_victims,45–64,M,Total,377.0,1119.0,8615.0,,10111.0
2022,Interurbana,all_victims,45–64,M,Turismo,120.0,307.0,4391.0,,4818.0
2022,Interurbana,all_victims,45–64,M,VMP,0.0,2.0,9.0,,11.0
2022,Interurbana,all_victims,45–64,M,Vehículo pesado,47.0,63.0,586.0,,696.0
2022,Interurbana,all_victims,45–64,UNK,Autobús,0.0,0.0,0.0,,0.0
2022,Interurbana,all_victims,45–64,UNK,Bicicleta,0.0,0.0,1.0,,1.0
2022,Interurbana,all_victims,45–64,UNK,Ciclomotor,0.0,0.0,0.0,,0.0
2022,Interurbana,all_victims,45–64,UNK,Desconocido,0.0,0.0,0.0,,0.0
2022,Interurbana,all_victims,45–64,UNK,Furgoneta,0.0,0.0,1.0,,1.0
2022,Interurbana,all_victims,45–64,UNK,Motocicleta,0.0,0.0,0.0,,0.0
2022,Interurbana,all_victims,45–64,UNK,Otros,0.0,0.0,0.0,,0.0
2022,Interurbana,all_victims,45–64,UNK,Peatón,0.0,0.0,0.0,,0.0
2022,Interurbana,all_victims,45–64,UNK,Total,0.0,0.0,4.0,,4.0
2022,Interurbana,all_victims,45–64,UNK,Turismo,0.0,0.0,2.0,,2.0
2022,Interurbana,all_victims,45–64,UNK,VMP,0.0,0.0,0.0,,0.0
2022,Interurbana,all_victims,45–64,UNK,Vehículo pesado,0.0,0.0,0.0,,0.0
2022,Interurbana,all_victims,65+,F,Autobús,1.0,5.0,22.0,,28.0
2022,Interurbana,all_victims,65+,F,Bicicleta,0.0,3.0,13.0,,16.0
2022,Interurbana,all_victims,65+,F,Ciclomotor,0.0,1.0,6.0,,7.0
2022,Interurbana,all_victims,65+,F,Desconocido,0.0,0.0,0.0,,0.0
2022,Interurbana,all_victims,65+,F,Furgoneta,3.0,7.0,41.0,,51.0
2022,Interurbana,all_victims,65+,F,Motocicleta,1.0,5.0,19.0,,25.0
2022,Interurbana,all_victims,65+,F,Otros,1.0,3.0,10.0,,14.0
2022,Interurbana,all_victims,65+,F,Peatón,15.0,16.0,44.0,,75.0
2022,Interurbana,all_victims,65+,F,Total,93.0,162.0,1594.0,,1849.0
2022,Interurbana,all_victims,65+,F,Turismo,72.0,122.0,1437.0,,1631.0
2022,Interurbana,all_victims,65+,F,VMP,0.0,0.0,0.0,,0.0
2022,Interurbana,all_victims,65+,F,Vehículo pesado,0.0,0.0,2.0,,2.0
2022,Interurbana,all_victims,65+,M,Autobús,0.0,2.0,10.0,,12.0
2022,Interurbana,all_victims,65+,M,Bicicleta,17.0,62.0,301.0,,380.0
2022,Interurbana,all_victims,65+,M,Ciclomotor,4.0,12.0,43.0,,59.0
2022,Interurbana,all_victims,65+,M,Desconocido,0.0,0.0,4.0,,4.0
2022,Interurbana,all_victims,65+,M,Furgoneta,14.0,18.0,123.0,,155.0
2022,Interurbana,all_victims,65+,M,Motocicleta,20.0,64.0,246.0,,330.0
2022,Interurbana,all_victims,65+,M,Otros,5.0,11.0,49.0,,65.0
2022,Interurbana,all_victims,65+,M,Peatón,38.0,24.0,58.0,,120.0
2022,Interurbana,all_victims,65+,M,Total,190.0,386.0,2786.0,,3362.0
2022,Interurbana,all_victims,65+,M,Turismo,89.0,187.0,1923.0,,2199.0
2022,Interurbana,all_victims,65+,M,VMP,0.0,1.0,0.0,,1.0
2022,Interurbana,all_victims,65+,M,Vehículo pesado,3.0,5.0,29.0,,37.0
2022,Interurbana,all_victims,65+,UNK,Autobús,0.0,0.0,0.0,,0.0
2022,Interurbana,all_victims,65+,UNK,Bicicleta,0.0,0.0,0.0,,0.0
2022,Interurbana,all_victims,65+,UNK,Ciclomotor,0.0,0.0,0.0,,0.0
2022,Interurbana,all_victims,65+,UNK,Desconocido,0.0,0.0,0.0,,0.0
2022,Interurbana,all_victims,65+,UNK,Furgoneta,0.0,0.0,0.0,,0.0
2022,Interurbana,all_victims,65+,UNK,Motocicleta,0.0,0.0,0.0,,0.0
2022,Interurbana,all_victims,65+,UNK,Otros,0.0,0.0,0.0,,0.0
2022,Interurbana,all_victims,65+,UNK,Peatón,0.0,0.0,0.0,,0.0
2022,Interurbana,all_victims,65+,UNK,Total,0.0,0.0,5.0,,5.0
2022,Interurbana,all_victims,65+,UNK,Turismo,0.0,0.0,4.0,,4.0
2022,Interurbana,all_victims,65+,UNK,VMP,0.0,0.0,0.0,,0.0
2022,Interurbana,all_victims,65+,UNK,Vehículo pesado,0.0,0.0,1.0,,1.0
2022,Interurbana,all_victims,Desconocida,F,Autobús,0.0,1.0,11.0,,12.0
2022,Interurbana,all_victims,Desconocida,F,Bicicleta,0.0,0.0,0.0,,0.0
2022,Interurbana,all_victims,Desconocida,F,Ciclomotor,0.0,0.0,3.0,,3.0
2022,Interurbana,all_victims,Desconocida,F,Desconocido,0.0,0.0,0.0,,0.0
2022,Interurbana,all_victims,Desconocida,F,Furgoneta,0.0,2.0,12.0,,14.0
2022,Interurbana,all_victims,Desconocida,F,Motocicleta,0.0,0.0,13.0,,13.0
2022,Interurbana,all_victims,Desconocida,F,Otros,0.0,0.0,1.0,,1.0
2022,Interurbana,all_victims,Desconocida,F,Peatón,0.0,0.0,3.0,,3.0
2022,Interurbana,all_victims,Desconocida,F,Total,2.0,14.0,302.0,,318.0
2022,Interurbana,all_victims,Desconocida,F,Turismo,2.0,11.0,257.0,,270.0
2022,Interurbana,all_victims,Desconocida,F,VMP,0.0,0.0,1.0,,1.0
2022,Interurbana,all_victims,Desconocida,F,Vehículo pesado,0.0,0.0,1.0,,1.0
2022,Interurbana,all_victims,Desconocida,M,Autobús,0.0,0.0,1.0,,1.0
2022,Interurbana,all_victims,Desconocida,M,Bicicleta,0.0,3.0,16.0,,19.0
2022,Interurbana,all_victims,Desconocida,M,Ciclomotor,0.0,0.0,2.0,,2.0
2022,Interurbana,all_victims,Desconocida,M,Desconocido,0.0,0.0,0.0,,0.0
2022,Interurbana,all_victims,Desconocida,M,Furgoneta,2.0,2.0,15.0,,19.0
2022,Interurbana,all_victims,Desconocida,M,Motocicleta,0.0,4.0,28.0,,32.0
2022,Interurbana,all_victims,Desconocida,M,Otros,0.0,0.0,2.0,,2.0
2022,Interurbana,all_victims,Desconocida,M,Peatón,2.0,1.0,5.0,,8.0
2022,Interurbana,all_victims,Desconocida,M,Total,4.0,14.0,298.0,,316.0
2022,Interurbana,all_victims,Desconocida,M,Turismo,0.0,4.0,223.0,,227.0
2022,Interurbana,all_victims,Desconocida,M,VMP,0.0,0.0,3.0,,3.0
2022,Interurbana,all_victims,Desconocida,M,Vehículo pesado,0.0,0.0,3.0,,3.0
2022,Interurbana,all_victims,Desconocida,UNK,Autobús,0.0,0.0,0.0,,0.0
2022,Interurbana,all_victims,Desconocida,UNK,Bicicleta,0.0,0.0,0.0,,0.0
2022,Interurbana,all_victims,Desconocida,UNK,Ciclomotor,0.0,0.0,0.0,,0.0
2022,Interurbana,all_victims,Desconocida,UNK,Desconocido,0.0,0.0,0.0,,0.0
2022,Interurbana,all_victims,Desconocida,UNK,Furgoneta,0.0,0.0,1.0,,1.0
2022,Interurbana,all_victims,Desconocida,UNK,Motocicleta,0.0,0.0,1.0,,1.0
2022,Interurbana,all_victims,Desconocida,UNK,Otros,0.0,0.0,0.0,,0.0
2022,Interurbana,all_victims,Desconocida,UNK,Peatón,0.0,0.0,0.0,,0.0
2022,Interurbana,all_victims,Desconocida,UNK,Total,0.0,0.0,23.0,,23.0
2022,Interurbana,all_victims,Desconocida,UNK,Turismo,0.0,0.0,20.0,,20.0
2022,Interurbana,all_victims,Desconocida,UNK,VMP,0.0,0.0,1.0,,1.0
2022,Interurbana,all_victims,Desconocida,UNK,Vehículo pesado,0.0,0.0,0.0,,0.0
2022,Interurbana,drivers_involved,0–17,F,Autobús,,,,0.0,
2022,Interurbana,drivers_involved,0–17,F,Bicicleta,,,,18.0,
2022,Interurbana,drivers_involved,0–17,F,Ciclomotor,,,,37.0,
2022,Interurbana,drivers_involved,0–17,F,Desconocido,,,,0.0,
2022,Interurbana,drivers_involved,0–17,F,Furgoneta,,,,1.0,
2022,Interurbana,drivers_involved,0–17,F,Motocicleta,,,,17.0,
2022,Interurbana,drivers_involved,0–17,F,Otros,,,,2.0,
2022,Interurbana,drivers_involved,0–17,F,Peatón,,,,0.0,
2022,Interurbana,drivers_involved,0–17,F,Total,,,,81.0,
2022,Interurbana,drivers_involved,0–17,F,Turismo,,,,2.0,
2022,Interurbana,drivers_involved,0–17,F,VMP,,,,4.0,
2022,Interurbana,drivers_involved,0–17,F,Vehículo pesado,,,,0.0,
2022,Interurbana,drivers_involved,0–17,M,Autobús,,,,0.0,
2022,Interurbana,drivers_involved,0–17,M,Bicicleta,,,,72.0,
2022,Interurbana,drivers_involved,0–17,M,Ciclomotor,,,,132.0,
2022,Interurbana,drivers_involved,0–17,M,Desconocido,,,,4.0,
2022,Interurbana,drivers_involved,0–17,M,Furgoneta,,,,0.0,
2022,Interurbana,drivers_involved,0–17,M,Motocicleta,,,,126.0,
2022,Interurbana,drivers_involved,0–17,M,Otros,,,,10.0,
2022,Interurbana,drivers_involved,0–17,M,Peatón,,,,0.0,
2022,Interurbana,drivers_involved,0–17,M,Total,,,,377.0,
2022,Interurbana,drivers_involved,0–17,M,Turismo,,,,21.0,
2022,Interurbana,drivers_involved,0–17,M,VMP,,,,12.0,
2022,Interurbana,drivers_involved,0–17,M,Vehículo pesado,,,,0.0,
2022,Interurbana,drivers_involved,0–17,UNK,Autobús,,,,0.0,
2022,Interurbana,drivers_involved,0–17,UNK,Bicicleta,,,,0.0,
2022,Interurbana,drivers_involved,0–17,UNK,Ciclomotor,,,,0.0,
2022,Interurbana,drivers_involved,0–17,UNK,Desconocido,,,,0.0,
2022,Interurbana,drivers_involved,0–17,UNK,Furgoneta,,,,0.0,
2022,Interurbana,drivers_involved,0–17,UNK,Motocicleta,,,,0.0,
2022,Interurbana,drivers_involved,0–17,UNK,Otros,,,,0.0,
2022,Interurbana,drivers_involved,0–17,UNK,Peatón,,,,0.0,
2022,Interurbana,drivers_involved,0–17,UNK,Total,,,,0.0,
2022,Interurbana,drivers_involved,0–17,UNK,Turismo,,,,0.0,
2022,Interurbana,drivers_involved,0–17,UNK,VMP,,,,0.0,
2022,Interurbana,drivers_involved,0–17,UNK,Vehículo pesado,,,,0.0,
2022,Interurbana,drivers_involved,18–24,F,Autobús,,,,0.0,
2022,Interurbana,drivers_involved,18–24,F,Bicicleta,,,,15.0,
2022,Interurbana,drivers_involved,18–24,F,Ciclomotor,,,,22.0,
2022,Interurbana,drivers_involved,18–24,F,Desconocido,,,,0.0,
2022,Interurbana,drivers_involved,18–24,F,Furgoneta,,,,43.0,
2022,Interurbana,drivers_involved,18–24,F,Motocicleta,,,,80.0,
2022,Interurbana,drivers_involved,18–24,F,Otros,,,,4.0,
2022,Interurbana,drivers_involved,18–24,F,Peatón,,,,0.0,
2022,Interurbana,drivers_involved,18–24,F,Total,,,,2077.0,
2022,Interurbana,drivers_involved,18–24,F,Turismo,,,,1902.0,
2022,Interurbana,drivers_involved,18–24,F,VMP,,,,9.0,
2022,Interurbana,drivers_involved,18–24,F,Vehículo pesado,,,,2.0,
2022,Interurbana,drivers_involved,18–24,M,Autobús,,,,0.0,
2022,Interurbana,drivers_involved,18–24,M,Bicicleta,,,,76.0,
2022,Interurbana,drivers_involved,18–24,M,Ciclomotor,,,,113.0,
2022,Interurbana,drivers_involved,18–24,M,Desconocido,,,,1.0,
2022,Interurbana,drivers_involved,18–24,M,Furgoneta,,,,264.0,
2022,Interurbana,drivers_involved,18–24,M,Motocicleta,,,,658.0,
2022,Interurbana,drivers_involved,18–24,M,Otros,,,,28.0,
2022,Interurbana,drivers_involved,18–24,M,Peatón,,,,0.0,
2022,Interurbana,drivers_involved,18–24,M,Total,,,,4609.0,
2022,Interurbana,drivers_involved,18–24,M,Turismo,,,,3364.0,
2022,Interurbana,drivers_involved,18–24,M,VMP,,,,24.0,
2022,Interurbana,drivers_involved,18–24,M,Vehículo pesado,,,,81.0,
2022,Interurbana,drivers_involved,18–24,UNK,Autobús,,,,0.0,
2022,Interurbana,drivers_involved,18–24,UNK,Bicicleta,,,,0.0,
2022,Interurbana,drivers_involved,18–24,UNK,Ciclomotor,,,,0.0,
2022,Interurbana,drivers_involved,18–24,UNK,Desconocido,,,,0.0,
2022,Interurbana,drivers_involved,18–24,UNK,Furgoneta,,,,0.0,
2022,Interurbana,drivers_involved,18–24,UNK,Motocicleta,,,,0.0,
2022,Interurbana,drivers_involved,18–24,UNK,Otros,,,,0.0,
2022,Interurbana,drivers_involved,18–24,UNK,Peatón,,,,0.0,
2022,Interurbana,drivers_involved,18–24,UNK,Total,,,,2.0,
2022,Interurbana,drivers_involved,18–24,UNK,Turismo,,,,2.0,
2022,Interurbana,drivers_involved,18–24,UNK,VMP,,,,0.0,
2022,Interurbana,drivers_involved,18–24,UNK,Vehículo pesado,,,,0.0,
2022,Interurbana,drivers_involved,25–44,F,Autobús,,,,9.0,
2022,Interurbana,drivers_involved,25–44,F,Bicicleta,,,,115.0,
2022,Interurbana,drivers_involved,25–44,F,Ciclomotor,,,,27.0,
2022,Interurbana,drivers_involved,25–44,F,Desconocido,,,,0.0,
2022,Interurbana,drivers_involved,25–44,F,Furgoneta,,,,173.0,
2022,Interurbana,drivers_involved,25–44,F,Motocicleta,,,,341.0,
2022,Interurbana,drivers_involved,25–44,F,Otros,,,,24.0,
2022,Interurbana,drivers_involved,25–44,F,Peatón,,,,0.0,
2022,Interurbana,drivers_involved,25–44,F,Total,,,,7077.0,
2022,Interurbana,drivers_involved,25–44,F,Turismo,,,,6335.0,
2022,Interurbana,drivers_involved,25–44,F,VMP,,,,14.0,
2022,Interurbana,drivers_involved,25–44,F,Vehículo pesado,,,,39.0,
2022,Interurbana,drivers_involved,25–44,M,Autobús,,,,70.0,
2022,Interurbana,drivers_involved,25–44,M,Bicicleta,,,,662.0,
2022,Interurbana,drivers_involved,25–44,M,Ciclomotor,,,,112.0,
2022,Interurbana,drivers_involved,25–44,M,Desconocido,,,,14.0,
2022,Interurbana,drivers_involved,25–44,M,Furgoneta,,,,1375.0,
2022,Interurbana,drivers_involved,25–44,M,Motocicleta,,,,2548.0,
2022,Interurbana,drivers_involved,25–44,M,Otros,,,,123.0,
2022,Interurbana,drivers_involved,25–44,M,Peatón,,,,0.0,
2022,Interurbana,drivers_involved,25–44,M,Total,,,,16353.0,
2022,Interurbana,drivers_involved,25–44,M,Turismo,,,,10074.0,
2022,Interurbana,drivers_involved,25–44,M,VMP,,,,47.0,
2022,Interurbana,drivers_involved,25–44,M,Vehículo pesado,,,,1328.0,
2022,Interurbana,drivers_involved,25–44,UNK,Autobús,,,,0.0,
2022,Interurbana,drivers_involved,25–44,UNK,Bicicleta,,,,0.0,
2022,Interurbana,drivers_involved,25–44,UNK,Ciclomotor,,,,0.0,
2022,Interurbana,drivers_involved,25–44,UNK,Desconocido,,,,0.0,
2022,Interurbana,drivers_involved,25–44,UNK,Furgoneta,,,,1.0,
2022,Interurbana,drivers_involved,25–44,UNK,Motocicleta,,,,0.0,
2022,Interurbana,drivers_involved,25–44,UNK,Otros,,,,0.0,
2022,Interurbana,drivers_involved,25–44,UNK,Peatón,,,,0.0,
2022,Interurbana,drivers_involved,25–44,UNK,Total,,,,5.0,
2022,Interurbana,drivers_involved,25–44,UNK,Turismo,,,,4.0,
2022,Interurbana,drivers_involved,25–44,UNK,VMP,,,,0.0,
2022,Interurbana,drivers_involved,25–44,UNK,Vehículo pesado,,,,0.0,
2022,Interurbana,drivers_involved,45–64,F,Autobús,,,,16.0,
2022,Interurbana,drivers_involved,45–64,F,Bicicleta,,,,110.0,
2022,Interurbana,drivers_involved,45–64,F,Ciclomotor,,,,36.0,
2022,Interurbana,drivers_involved,45–64,F,Desconocido,,,,0.0,
2022,Interurbana,drivers_involved,45–64,F,Furgoneta,,,,134.0,
2022,Interurbana,drivers_involved,45–64,F,Motocicleta,,,,158.0,
2022,Interurbana,drivers_involved,45–64,F,Otros,,,,13.0,
2022,Interurbana,drivers_involved,45–64,F,Peatón,,,,0.0,
2022,Interurbana,drivers_involved,45–64,F,Total,,,,4817.0,
2022,Interurbana,drivers_involved,45–64,F,Turismo,,,,4310.0,
2022,Interurbana,drivers_involved,45–64,F,VMP,,,,6.0,
2022,Interurbana,drivers_involved,45–64,F,Vehículo pesado,,,,34.0,
2022,Interurbana,drivers_involved,45–64,M,Autobús,,,,155.0,
2022,Interurbana,drivers_involved,45–64,M,Bicicleta,,,,1048.0,
2022,Interurbana,drivers_involved,45–64,M,Ciclomotor,,,,152.0,
2022,Interurbana,drivers_involved,45–64,M,Desconocido,,,,23.0,
2022,Interurbana,drivers_involved,45–64,M,Furgoneta,,,,1274.0,
2022,Interurbana,drivers_involved,45–64,M,Motocicleta,,,,2549.0,
2022,Interurbana,drivers_involved,45–64,M,Otros,,,,188.0,
2022,Interurbana,drivers_involved,45–64,M,Peatón,,,,0.0,
2022,Interurbana,drivers_involved,45–64,M,Total,,,,15978.0,
2022,Interurbana,drivers_involved,45–64,M,Turismo,,,,8573.0,
2022,Interurbana,drivers_involved,45–64,M,VMP,,,,11.0,
2022,Interurbana,drivers_involved,45–64,M,Vehículo pesado,,,,2005.0,
2022,Interurbana,drivers_involved,45–64,UNK,Autobús,,,,0.0,
2022,Interurbana,drivers_involved,45–64,UNK,Bicicleta,,,,1.0,
2022,Interurbana,drivers_involved,45–64,UNK,Ciclomotor,,,,0.0,
2022,Interurbana,drivers_involved,45–64,UNK,Desconocido,,,,0.0,
2022,Interurbana,drivers_involved,45–64,UNK,Furgoneta,,,,2.0,
2022,Interurbana,drivers_involved,45–64,UNK,Motocicleta,,,,0.0,
2022,Interurbana,drivers_involved,45–64,UNK,Otros,,,,0.0,
2022,Interurbana,drivers_involved,45–64,UNK,Peatón,,,,0.0,
2022,Interurbana,drivers_involved,45–64,UNK,Total,,,,7.0,
2022,Interurbana,drivers_involved,45–64,UNK,Turismo,,,,4.0,
2022,Interurbana,drivers_involved,45–64,UNK,VMP,,,,0.0,
2022,Interurbana,drivers_involved,45–64,UNK,Vehículo pesado,,,,0.0,
2022,Interurbana,drivers_involved,65+,F,Autobús,,,,0.0,
2022,Interurbana,drivers_involved,65+,F,Bicicleta,,,,16.0,
2022,Interurbana,drivers_involved,65+,F,Ciclomotor,,,,6.0,
2022,Interurbana,drivers_involved,65+,F,Desconocido,,,,0.0,
2022,Interurbana,drivers_involved,65+,F,Furgoneta,,,,15.0,
2022,Interurbana,drivers_involved,65+,F,Motocicleta,,,,8.0,
2022,Interurbana,drivers_involved,65+,F,Otros,,,,9.0,
2022,Interurbana,drivers_involved,65+,F,Peatón,,,,0.0,
2022,Interurbana,drivers_involved,65+,F,Total,,,,763.0,
2022,Interurbana,drivers_involved,65+,F,Turismo,,,,709.0,
2022,Interurbana,drivers_involved,65+,F,VMP,,,,0.0,
2022,Interurbana,drivers_involved,65+,F,Vehículo pesado,,,,0.0,
2022,Interurbana,drivers_involved,65+,M,Autobús,,,,3.0,
2022,Interurbana,drivers_involved,65+,M,Bicicleta,,,,398.0,
2022,Interurbana,drivers_involved,65+,M,Ciclomotor,,,,61.0,
2022,Interurbana,drivers_involved,65+,M,Desconocido,,,,5.0,
2022,Interurbana,drivers_involved,65+,M,Furgoneta,,,,226.0,
2022,Interurbana,drivers_involved,65+,M,Motocicleta,,,,355.0,
2022,Interurbana,drivers_involved,65+,M,Otros,,,,87.0,
2022,Interurbana,drivers_involved,65+,M,Peatón,,,,0.0,
2022,Interurbana,drivers_involved,65+,M,Total,,,,4763.0,
2022,Interurbana,drivers_involved,65+,M,Turismo,,,,3532.0,
2022,Interurbana,drivers_involved,65+,M,VMP,,,,1.0,
2022,Interurbana,drivers_involved,65+,M,Vehículo pesado,,,,95.0,
2022,Interurbana,drivers_involved,65+,UNK,Autobús,,,,0.0,
2022,Interurbana,drivers_involved,65+,UNK,Bicicleta,,,,0.0,
2022,Interurbana,drivers_involved,65+,UNK,Ciclomotor,,,,0.0,
2022,Interurbana,drivers_involved,65+,UNK,Desconocido,,,,0.0,
2022,Interurbana,drivers_involved,65+,UNK,Furgoneta,,,,0.0,
2022,Interurbana,drivers_involved,65+,UNK,Motocicleta,,,,0.0,
2022,Interurbana,drivers_involved,65+,UNK,Otros,,,,0.0,
2022,Interurbana,drivers_involved,65+,UNK,Peatón,,,,0.0,
2022,Interurbana,drivers_involved,65+,UNK,Total,,,,3.0,
2022,Interurbana,drivers_involved,65+,UNK,Turismo,,,,2.0,
2022,Interurbana,drivers_involved,65+,UNK,VMP,,,,0.0,
2022,Interurbana,drivers_involved,65+,UNK,Vehículo pesado,,,,1.0,
2022,Interurbana,drivers_involved,Desconocida,F,Autobús,,,,0.0,
2022,Interurbana,drivers_involved,Desconocida,F,Bicicleta,,,,0.0,
2022,Interurbana,drivers_involved,Desconocida,F,Ciclomotor,,,,0.0,
2022,Interurbana,drivers_involved,Desconocida,F,Desconocido,,,,1.0,
2022,Interurbana,drivers_involved,Desconocida,F,Furgoneta,,,,1.0,
2022,Interurbana,drivers_involved,Desconocida,F,Motocicleta,,,,4.0,
2022,Interurbana,drivers_involved,Desconocida,F,Otros,,,,0.0,
2022,Interurbana,drivers_involved,Desconocida,F,Peatón,,,,0.0,
2022,Interurbana,drivers_involved,Desconocida,F,Total,,,,31.0,
2022,Interurbana,drivers_involved,Desconocida,F,Turismo,,,,24.0,
2022,Interurbana,drivers_involved,Desconocida,F,VMP,,,,1.0,
2022,Interurbana,drivers_involved,Desconocida,F,Vehículo pesado,,,,0.0,
2022,Interurbana,drivers_involved,Desconocida,M,Autobús,,,,0.0,
2022,Interurbana,drivers_involved,Desconocida,M,Bicicleta,,,,21.0,
2022,Interurbana,drivers_involved,Desconocida,M,Ciclomotor,,,,1.0,
2022,Interurbana,drivers_involved,Desconocida,M,Desconocido,,,,2.0,
2022,Interurbana,drivers_involved,Desconocida,M,Furgoneta,,,,13.0,
2022,Interurbana,drivers_involved,Desconocida,M,Motocicleta,,,,30.0,
2022,Interurbana,drivers_involved,Desconocida,M,Otros,,,,2.0,
2022,Interurbana,drivers_involved,Desconocida,M,Peatón,,,,0.0,
2022,Interurbana,drivers_involved,Desconocida,M,Total,,,,188.0,
2022,Interurbana,drivers_involved,Desconocida,M,Turismo,,,,103.0,
2022,Interurbana,drivers_involved,Desconocida,M,VMP,,,,4.0,
2022,Interurbana,drivers_involved,Desconocida,M,Vehículo pesado,,,,12.0,
2022,Interurbana,drivers_involved,Desconocida,UNK,Autobús,,,,1.0,
2022,Interurbana,drivers_involved,Desconocida,UNK,Bicicleta,,,,2.0,
2022,Interurbana,drivers_involved,Desconocida,UNK,Ciclomotor,,,,0.0,
2022,Interurbana,drivers_involved,Desconocida,UNK,Desconocido,,,,117.0,
2022,Interurbana,drivers_involved,Desconocida,UNK,Furgoneta,,,,7.0,
2022,Interurbana,drivers_involved,Desconocida,UNK,Motocicleta,,,,4.0,
2022,Interurbana,drivers_involved,Desconocida,UNK,Otros,,,,9.0,
2022,Interurbana,drivers_involved,Desconocida,UNK,Peatón,,,,0.0,
2022,Interurbana,drivers_involved,Desconocida,UNK,Total,,,,264.0,
2022,Interurbana,drivers_involved,Desconocida,UNK,Turismo,,,,101.0,
2022,Interurbana,drivers_involved,Desconocida,UNK,VMP,,,,2.0,
2022,Interurbana,drivers_involved,Desconocida,UNK,Vehículo pesado,,,,21.0,
2022,Interurbana,drivers_victims,0–17,F,Autobús,0.0,0.0,0.0,,0.0
2022,Interurbana,drivers_victims,0–17,F,Bicicleta,0.0,0.0,16.0,,16.0
2022,Interurbana,drivers_victims,0–17,F,Ciclomotor,0.0,6.0,30.0,,36.0
2022,Interurbana,drivers_victims,0–17,F,Desconocido,0.0,0.0,0.0,,0.0
2022,Interurbana,drivers_victims,0–17,F,Furgoneta,1.0,0.0,0.0,,1.0
2022,Interurbana,drivers_victims,0–17,F,Motocicleta,0.0,4.0,13.0,,17.0
2022,Interurbana,drivers_victims,0–17,F,Otros,0.0,1.0,1.0,,2.0
2022,Interurbana,drivers_victims,0–17,F,Total,1.0,11.0,66.0,,78.0
2022,Interurbana,drivers_victims,0–17,F,Turismo,0.0,0.0,2.0,,2.0
2022,Interurbana,drivers_victims,0–17,F,VMP,0.0,0.0,4.0,,4.0
2022,Interurbana,drivers_victims,0–17,F,Vehículo pesado,0.0,0.0,0.0,,0.0
2022,Interurbana,drivers_victims,0–17,M,Autobús,0.0,0.0,0.0,,0.0
2022,Interurbana,drivers_victims,0–17,M,Bicicleta,1.0,7.0,57.0,,65.0
2022,Interurbana,drivers_victims,0–17,M,Ciclomotor,3.0,23.0,98.0,,124.0
2022,Interurbana,drivers_victims,0–17,M,Desconocido,0.0,1.0,3.0,,4.0
2022,Interurbana,drivers_victims,0–17,M,Furgoneta,0.0,0.0,0.0,,0.0
2022,Interurbana,drivers_victims,0–17,M,Motocicleta,2.0,13.0,108.0,,123.0
2022,Interurbana,drivers_victims,0–17,M,Otros,0.0,0.0,7.0,,7.0
2022,Interurbana,drivers_victims,0–17,M,Total,8.0,48.0,294.0,,350.0
2022,Interurbana,drivers_victims,0–17,M,Turismo,1.0,2.0,13.0,,16.0
2022,Interurbana,drivers_victims,0–17,M,VMP,1.0,2.0,8.0,,11.0
2022,Interurbana,drivers_victims,0–17,M,Vehículo pesado,0.0,0.0,0.0,,0.0
2022,Interurbana,drivers_victims,0–17,UNK,Autobús,0.0,0.0,0.0,,0.0
2022,Interurbana,drivers_victims,0–17,UNK,Bicicleta,0.0,0.0,0.0,,0.0
2022,Interurbana,drivers_victims,0–17,UNK,Ciclomotor,0.0,0.0,0.0,,0.0
2022,Interurbana,drivers_victims,0–17,UNK,Desconocido,0.0,0.0,0.0,,0.0
2022,Interurbana,drivers_victims,0–17,UNK,Furgoneta,0.0,0.0,0.0,,0.0
2022,Interurbana,drivers_victims,0–17,UNK,Motocicleta,0.0,0.0,0.0,,0.0
2022,Interurbana,drivers_victims,0–17,UNK,Otros,0.0,0.0,0.0,,0.0
2022,Interurbana,drivers_victims,0–17,UNK,Total,0.0,0.0,0.0,,0.0
2022,Interurbana,drivers_victims,0–17,UNK,Turismo,0.0,0.0,0.0,,0.0
2022,Interurbana,drivers_victims,0–17,UNK,VMP,0.0,0.0,0.0,,0.0
2022,Interurbana,drivers_victims,0–17,UNK,Vehículo pesado,0.0,0.0,0.0,,0.0
2022,Interurbana,drivers_victims,18–24,F,Autobús,0.0,0.0,0.0,,0.0
2022,Interurbana,drivers_victims,18–24,F,Bicicleta,0.0,0.0,15.0,,15.0
2022,Interurbana,drivers_victims,18–24,F,Ciclomotor,0.0,1.0,20.0,,21.0
2022,Interurbana,drivers_victims,18–24,F,Desconocido,0.0,0.0,0.0,,0.0
2022,Interurbana,drivers_victims,18–24,F,Furgoneta,1.0,2.0,23.0,,26.0
2022,Interurbana,drivers_victims,18–24,F,Motocicleta,0.0,6.0,72.0,,78.0
2022,Interurbana,drivers_victims,18–24,F,Otros,0.0,0.0,4.0,,4.0
2022,Interurbana,drivers_victims,18–24,F,Total,10.0,49.0,1401.0,,1460.0
2022,Interurbana,drivers_victims,18–24,F,Turismo,9.0,40.0,1256.0,,1305.0
2022,Interurbana,drivers_victims,18–24,F,VMP,0.0,0.0,9.0,,9.0
2022,Interurbana,drivers_victims,18–24,F,Vehículo pesado,0.0,0.0,2.0,,2.0
2022,Interurbana,drivers_victims,18–24,M,Autobús,0.0,0.0,0.0,,0.0
2022,Interurbana,drivers_victims,18–24,M,Bicicleta,0.0,4.0,67.0,,71.0
2022,Interurbana,drivers_victims,18–24,M,Ciclomotor,2.0,15.0,92.0,,109.0
2022,Interurbana,drivers_victims,18–24,M,Desconocido,0.0,0.0,1.0,,1.0
2022,Interurbana,drivers_victims,18–24,M,Furgoneta,0.0,6.0,114.0,,120.0
2022,Interurbana,drivers_victims,18–24,M,Motocicleta,17.0,61.0,546.0,,624.0
2022,Interurbana,drivers_victims,18–24,M,Otros,1.0,4.0,16.0,,21.0
2022,Interurbana,drivers_victims,18–24,M,Total,65.0,192.0,2585.0,,2842.0
2022,Interurbana,drivers_victims,18–24,M,Turismo,44.0,97.0,1699.0,,1840.0
2022,Interurbana,drivers_victims,18–24,M,VMP,0.0,3.0,21.0,,24.0
2022,Interurbana,drivers_victims,18–24,M,Vehículo pesado,1.0,2.0,29.0,,32.0
2022,Interurbana,drivers_victims,18–24,UNK,Autobús,0.0,0.0,0.0,,0.0
2022,Interurbana,drivers_victims,18–24,UNK,Bicicleta,0.0,0.0,0.0,,0.0
2022,Interurbana,drivers_victims,18–24,UNK,Ciclomotor,0.0,0.0,0.0,,0.0
2022,Interurbana,drivers_victims,18–24,UNK,Desconocido,0.0,0.0,0.0,,0.0
2022,Interurbana,drivers_victims,18–24,UNK,Furgoneta,0.0,0.0,0.0,,0.0
2022,Interurbana,drivers_victims,18–24,UNK,Motocicleta,0.0,0.0,0.0,,0.0
2022,Interurbana,drivers_victims,18–24,UNK,Otros,0.0,0.0,0.0,,0.0
2022,Interurbana,drivers_victims,18–24,UNK,Total,1.0,0.0,0.0,,1.0
2022,Interurbana,drivers_victims,18–24,UNK,Turismo,1.0,0.0,0.0,,1.0
2022,Interurbana,drivers_victims,18–24,UNK,VMP,0.0,0.0,0.0,,0.0
2022,Interurbana,drivers_victims,18–24,UNK,Vehículo pesado,0.0,0.0,0.0,,0.0
2022,Interurbana,drivers_victims,25–44,F,Autobús,0.0,0.0,2.0,,2.0
2022,Interurbana,drivers_victims,25–44,F,Bicicleta,1.0,13.0,99.0,,113.0
2022,Interurbana,drivers_victims,25–44,F,Ciclomotor,1.0,3.0,23.0,,27.0
2022,Interurbana,drivers_victims,25–44,F,Desconocido,0.0,0.0,0.0,,0.0
2022,Interurbana,drivers_victims,25–44,F,Furgoneta,3.0,2.0,100.0,,105.0
2022,Interurbana,drivers_victims,25–44,F,Motocicleta,6.0,30.0,295.0,,331.0
2022,Interurbana,drivers_victims,25–44,F,Otros,1.0,1.0,12.0,,14.0
2022,Interurbana,drivers_victims,25–44,F,Total,34.0,176.0,4570.0,,4780.0
2022,Interurbana,drivers_victims,25–44,F,Turismo,22.0,121.0,4013.0,,4156.0
2022,Interurbana,drivers_victims,25–44,F,VMP,0.0,1.0,13.0,,14.0
2022,Interurbana,drivers_victims,25–44,F,Vehículo pesado,0.0,5.0,13.0,,18.0
2022,Interurbana,drivers_victims,25–44,M,Autobús,0.0,0.0,4.0,,4.0
2022,Interurbana,drivers_victims,25–44,M,Bicicleta,14.0,71.0,541.0,,626.0
2022,Interurbana,drivers_victims,25–44,M,Ciclomotor,2.0,13.0,95.0,,110.0
2022,Interurbana,drivers_victims,25–44,M,Desconocido,0.0,1.0,9.0,,10.0
2022,Interurbana,drivers_victims,25–44,M,Furgoneta,12.0,33.0,601.0,,646.0
2022,Interurbana,drivers_victims,25–44,M,Motocicleta,91.0,373.0,1975.0,,2439.0
2022,Interurbana,drivers_victims,25–44,M,Otros,2.0,11.0,52.0,,65.0
2022,Interurbana,drivers_victims,25–44,M,Total,261.0,831.0,8457.0,,9549.0
2022,Interurbana,drivers_victims,25–44,M,Turismo,126.0,276.0,4752.0,,5154.0
2022,Interurbana,drivers_victims,25–44,M,VMP,0.0,7.0,39.0,,46.0
2022,Interurbana,drivers_victims,25–44,M,Vehículo pesado,14.0,46.0,389.0,,449.0
2022,Interurbana,drivers_victims,25–44,UNK,Autobús,0.0,0.0,0.0,,0.0
2022,Interurbana,drivers_victims,25–44,UNK,Bicicleta,0.0,0.0,0.0,,0.0
2022,Interurbana,drivers_victims,25–44,UNK,Ciclomotor,0.0,0.0,0.0,,0.0
2022,Interurbana,drivers_victims,25–44,UNK,Desconocido,0.0,0.0,0.0,,0.0
2022,Interurbana,drivers_victims,25–44,UNK,Furgoneta,0.0,0.0,0.0,,0.0
2022,Interurbana,drivers_victims,25–44,UNK,Motocicleta,0.0,0.0,0.0,,0.0
2022,Interurbana,drivers_victims,25–44,UNK,Otros,0.0,0.0,0.0,,0.0
2022,Interurbana,drivers_victims,25–44,UNK,Total,0.0,0.0,2.0,,2.0
2022,Interurbana,drivers_victims,25–44,UNK,Turismo,0.0,0.0,2.0,,2.0
2022,Interurbana,drivers_victims,25–44,UNK,VMP,0.0,0.0,0.0,,0.0
2022,Interurbana,drivers_victims,25–44,UNK,Vehículo pesado,0.0,0.0,0.0,,0.0
2022,Interurbana,drivers_victims,45–64,F,Autobús,0.0,0.0,5.0,,5.0
2022,Interurbana,drivers_victims,45–64,F,Bicicleta,1.0,8.0,97.0,,106.0
2022,Interurbana,drivers_victims,45–64,F,Ciclomotor,1.0,3.0,32.0,,36.0
2022,Interurbana,drivers_victims,45–64,F,Desconocido,0.0,0.0,0.0,,0.0
2022,Interurbana,drivers_victims,45–64,F,Furgoneta,3.0,1.0,73.0,,77.0
2022,Interurbana,drivers_victims,45–64,F,Motocicleta,2.0,16.0,134.0,,152.0
2022,Interurbana,drivers_victims,45–64,F,Otros,1.0,3.0,4.0,,8.0
2022,Interurbana,drivers_victims,45–64,F,Total,31.0,159.0,2956.0,,3146.0
2022,Interurbana,drivers_victims,45–64,F,Turismo,23.0,125.0,2593.0,,2741.0
2022,Interurbana,drivers_victims,45–64,F,VMP,0.0,1.0,5.0,,6.0
2022,Interurbana,drivers_victims,45–64,F,Vehículo pesado,0.0,2.0,13.0,,15.0
2022,Interurbana,drivers_victims,45–64,M,Autobús,2.0,7.0,23.0,,32.0
2022,Interurbana,drivers_victims,45–64,M,Bicicleta,25.0,145.0,806.0,,976.0
2022,Interurbana,drivers_victims,45–64,M,Ciclomotor,7.0,18.0,123.0,,148.0
2022,Interurbana,drivers_victims,45–64,M,Desconocido,0.0,1.0,14.0,,15.0
2022,Interurbana,drivers_victims,45–64,M,Furgoneta,19.0,38.0,512.0,,569.0
2022,Interurbana,drivers_victims,45–64,M,Motocicleta,123.0,446.0,1841.0,,2410.0
2022,Interurbana,drivers_victims,45–64,M,Otros,5.0,16.0,52.0,,73.0
2022,Interurbana,drivers_victims,45–64,M,Total,336.0,993.0,7701.0,,9030.0
2022,Interurbana,drivers_victims,45–64,M,Turismo,110.0,260.0,3775.0,,4145.0
2022,Interurbana,drivers_victims,45–64,M,VMP,0.0,2.0,9.0,,11.0
2022,Interurbana,drivers_victims,45–64,M,Vehículo pesado,45.0,60.0,546.0,,651.0
2022,Interurbana,drivers_victims,45–64,UNK,Autobús,0.0,0.0,0.0,,0.0
2022,Interurbana,drivers_victims,45–64,UNK,Bicicleta,0.0,0.0,1.0,,1.0
2022,Interurbana,drivers_victims,45–64,UNK,Ciclomotor,0.0,0.0,0.0,,0.0
2022,Interurbana,drivers_victims,45–64,UNK,Desconocido,0.0,0.0,0.0,,0.0
2022,Interurbana,drivers_victims,45–64,UNK,Furgoneta,0.0,0.0,1.0,,1.0
2022,Interurbana,drivers_victims,45–64,UNK,Motocicleta,0.0,0.0,0.0,,0.0
2022,Interurbana,drivers_victims,45–64,UNK,Otros,0.0,0.0,0.0,,0.0
2022,Interurbana,drivers_victims,45–64,UNK,Total,0.0,0.0,2.0,,2.0
2022,Interurbana,drivers_victims,45–64,UNK,Turismo,0.0,0.0,0.0,,0.0
2022,Interurbana,drivers_victims,45–64,UNK,VMP,0.0,0.0,0.0,,0.0
2022,Interurbana,drivers_victims,45–64,UNK,Vehículo pesado,0.0,0.0,0.0,,0.0
2022,Interurbana,drivers_victims,65+,F,Autobús,0.0,0.0,0.0,,0.0
2022,Interurbana,drivers_victims,65+,F,Bicicleta,0.0,3.0,13.0,,16.0
2022,Interurbana,drivers_victims,65+,F,Ciclomotor,0.0,1.0,5.0,,6.0
2022,Interurbana,drivers_victims,65+,F,Desconocido,0.0,0.0,0.0,,0.0
2022,Interurbana,drivers_victims,65+,F,Furgoneta,1.0,1.0,9.0,,11.0
2022,Interurbana,drivers_victims,65+,F,Motocicleta,1.0,2.0,5.0,,8.0
2022,Interurbana,drivers_victims,65+,F,Otros,1.0,1.0,4.0,,6.0
2022,Interurbana,drivers_victims,65+,F,Total,19.0,34.0,476.0,,529.0
2022,Interurbana,drivers_victims,65+,F,Turismo,16.0,26.0,440.0,,482.0
2022,Interurbana,drivers_victims,65+,F,VMP,0.0,0.0,0.0,,0.0
2022,Interurbana,drivers_victims,65+,F,Vehículo pesado,0.0,0.0,0.0,,0.0
2022,Interurbana,drivers_victims,65+,M,Autobús,0.0,0.0,0.0,,0.0
2022,Interurbana,drivers_victims,65+,M,Bicicleta,17.0,62.0,301.0,,380.0
2022,Interurbana,drivers_victims,65+,M,Ciclomotor,4.0,12.0,43.0,,59.0
2022,Interurbana,drivers_victims,65+,M,Desconocido,0.0,0.0,4.0,,4.0
2022,Interurbana,drivers_victims,65+,M,Furgoneta,11.0,17.0,98.0,,126.0
2022,Interurbana,drivers_victims,65+,M,Motocicleta,20.0,64.0,246.0,,330.0
2022,Interurbana,drivers_victims,65+,M,Otros,4.0,9.0,48.0,,61.0
2022,Interurbana,drivers_victims,65+,M,Total,133.0,326.0,2400.0,,2859.0
2022,Interurbana,drivers_victims,65+,M,Turismo,74.0,156.0,1632.0,,1862.0
2022,Interurbana,drivers_victims,65+,M,VMP,0.0,1.0,0.0,,1.0
2022,Interurbana,drivers_victims,65+,M,Vehículo pesado,3.0,5.0,28.0,,36.0
2022,Interurbana,drivers_victims,65+,UNK,Autobús,0.0,0.0,0.0,,0.0
2022,Interurbana,drivers_victims,65+,UNK,Bicicleta,0.0,0.0,0.0,,0.0
2022,Interurbana,drivers_victims,65+,UNK,Ciclomotor,0.0,0.0,0.0,,0.0
2022,Interurbana,drivers_victims,65+,UNK,Desconocido,0.0,0.0,0.0,,0.0
2022,Interurbana,drivers_victims,65+,UNK,Furgoneta,0.0,0.0,0.0,,0.0
2022,Interurbana,drivers_victims,65+,UNK,Motocicleta,0.0,0.0,0.0,,0.0
2022,Interurbana,drivers_victims,65+,UNK,Otros,0.0,0.0,0.0,,0.0
2022,Interurbana,drivers_victims,65+,UNK,Total,0.0,0.0,2.0,,2.0
2022,Interurbana,drivers_victims,65+,UNK,Turismo,0.0,0.0,1.0,,1.0
2022,Interurbana,drivers_victims,65+,UNK,VMP,0.0,0.0,0.0,,0.0
2022,Interurbana,drivers_victims,65+,UNK,Vehículo pesado,0.0,0.0,1.0,,1.0
2022,Interurbana,drivers_victims,Desconocida,F,Autobús,0.0,0.0,0.0,,0.0
2022,Interurbana,drivers_victims,Desconocida,F,Bicicleta,0.0,0.0,0.0,,0.0
2022,Interurbana,drivers_victims,Desconocida,F,Ciclomotor,0.0,0.0,0.0,,0.0
2022,Interurbana,drivers_victims,Desconocida,F,Desconocido,0.0,0.0,0.0,,0.0
2022,Interurbana,drivers_victims,Desconocida,F,Furgoneta,0.0,0.0,0.0,,0.0
2022,Interurbana,drivers_victims,Desconocida,F,Motocicleta,0.0,0.0,4.0,,4.0
2022,Interurbana,drivers_victims,Desconocida,F,Otros,0.0,0.0,0.0,,0.0
2022,Interurbana,drivers_victims,Desconocida,F,Total,0.0,0.0,15.0,,15.0
2022,Interurbana,drivers_victims,Desconocida,F,Turismo,0.0,0.0,10.0,,10.0
2022,Interurbana,drivers_victims,Desconocida,F,VMP,0.0,0.0,1.0,,1.0
2022,Interurbana,drivers_victims,Desconocida,F,Vehículo pesado,0.0,0.0,0.0,,0.0
2022,Interurbana,drivers_victims,Desconocida,M,Autobús,0.0,0.0,0.0,,0.0
2022,Interurbana,drivers_victims,Desconocida,M,Bicicleta,0.0,3.0,16.0,,19.0
2022,Interurbana,drivers_victims,Desconocida,M,Ciclomotor,0.0,0.0,1.0,,1.0
2022,Interurbana,drivers_victims,Desconocida,M,Desconocido,0.0,0.0,0.0,,0.0
2022,Interurbana,drivers_victims,Desconocida,M,Furgoneta,0.0,0.0,4.0,,4.0
2022,Interurbana,drivers_victims,Desconocida,M,Motocicleta,0.0,4.0,25.0,,29.0
2022,Interurbana,drivers_victims,Desconocida,M,Otros,0.0,0.0,2.0,,2.0
2022,Interurbana,drivers_victims,Desconocida,M,Total,0.0,7.0,96.0,,103.0
2022,Interurbana,drivers_victims,Desconocida,M,Turismo,0.0,0.0,43.0,,43.0
2022,Interurbana,drivers_victims,Desconocida,M,VMP,0.0,0.0,3.0,,3.0
2022,Interurbana,drivers_victims,Desconocida,M,Vehículo pesado,0.0,0.0,2.0,,2.0
2022,Interurbana,drivers_victims,Desconocida,UNK,Autobús,0.0,0.0,0.0,,0.0
2022,Interurbana,drivers_victims,Desconocida,UNK,Bicicleta,0.0,0.0,0.0,,0.0
2022,Interurbana,drivers_victims,Desconocida,UNK,Ciclomotor,0.0,0.0,0.0,,0.0
2022,Interurbana,drivers_victims,Desconocida,UNK,Desconocido,0.0,0.0,0.0,,0.0
2022,Interurbana,drivers_victims,Desconocida,UNK,Furgoneta,0.0,0.0,0.0,,0.0
2022,Interurbana,drivers_victims,Desconocida,UNK,Motocicleta,0.0,0.0,1.0,,1.0
2022,Interurbana,drivers_victims,Desconocida,UNK,Otros,0.0,0.0,0.0,,0.0
2022,Interurbana,drivers_victims,Desconocida,UNK,Total,0.0,0.0,8.0,,8.0
2022,Interurbana,drivers_victims,Desconocida,UNK,Turismo,0.0,0.0,6.0,,6.0
2022,Interurbana,drivers_victims,Desconocida,UNK,VMP,0.0,0.0,1.0,,1.0
2022,Interurbana,drivers_victims,Desconocida,UNK,Vehículo pesado,0.0,0.0,0.0,,0.0
2022,Urbana,all_victims,0–17,F,Autobús,0.0,0.0,55.0,,55.0
2022,Urbana,all_victims,0–17,F,Bicicleta,0.0,5.0,63.0,,68.0
2022,Urbana,all_victims,0–17,F,Ciclomotor,1.0,12.0,185.0,,198.0
2022,Urbana,all_victims,0–17,F,Desconocido,0.0,1.0,2.0,,3.0
2022,Urbana,all_victims,0–17,F,Furgoneta,0.0,0.0,30.0,,30.0
2022,Urbana,all_victims,0–17,F,Motocicleta,0.0,7.0,125.0,,132.0
2022,Urbana,all_victims,0–17,F,Otros,0.0,4.0,60.0,,64.0
2022,Urbana,all_victims,0–17,F,Peatón,2.0,69.0,780.0,,851.0
2022,Urbana,all_victims,0–17,F,Total,6.0,106.0,2306.0,,2418.0
2022,Urbana,all_victims,0–17,F,Turismo,3.0,4.0,839.0,,846.0
2022,Urbana,all_victims,0–17,F,VMP,0.0,4.0,166.0,,170.0
2022,Urbana,all_victims,0–17,F,Vehículo pesado,0.0,0.0,1.0,,1.0
2022,Urbana,all_victims,0–17,M,Autobús,0.0,0.0,43.0,,43.0
2022,Urbana,all_victims,0–17,M,Bicicleta,0.0,33.0,393.0,,426.0
2022,Urbana,all_victims,0–17,M,Ciclomotor,2.0,60.0,609.0,,671.0
2022,Urbana,all_victims,0–17,M,Desconocido,0.0,0.0,6.0,,6.0
2022,Urbana,all_victims,0–17,M,Furgoneta,0.0,0.0,25.0,,25.0
2022,Urbana,all_victims,0–17,M,Motocicleta,3.0,28.0,318.0,,349.0
2022,Urbana,all_victims,0–17,M,Otros,0.0,2.0,99.0,,101.0
2022,Urbana,all_victims,0–17,M,Peatón,4.0,84.0,908.0,,996.0
2022,Urbana,all_victims,0–17,M,Total,12.0,248.0,3435.0,,3695.0
2022,Urbana,all_victims,0–17,M,Turismo,2.0,12.0,750.0,,764.0
2022,Urbana,all_victims,0–17,M,VMP,1.0,29.0,283.0,,313.0
2022,Urbana,all_victims,0–17,M,Vehículo pesado,0.0,0.0,1.0,,1.0
2022,Urbana,all_victims,0–17,UNK,Autobús,0.0,0.0,0.0,,0.0
2022,Urbana,all_victims,0–17,UNK,Bicicleta,0.0,1.0,6.0,,7.0
2022,Urbana,all_victims,0–17,UNK,Ciclomotor,0.0,0.0,0.0,,0.0
2022,Urbana,all_victims,0–17,UNK,Desconocido,0.0,0.0,0.0,,0.0
2022,Urbana,all_victims,0–17,UNK,Furgoneta,0.0,0.0,0.0,,0.0
2022,Urbana,all_victims,0–17,UNK,Motocicleta,0.0,0.0,6.0,,6.0
2022,Urbana,all_victims,0–17,UNK,Otros,0.0,0.0,3.0,,3.0
2022,Urbana,all_victims,0–17,UNK,Peatón,0.0,1.0,24.0,,25.0
2022,Urbana,all_victims,0–17,UNK,Total,0.0,3.0,67.0,,70.0
2022,Urbana,all_victims,0–17,UNK,Turismo,0.0,0.0,24.0,,24.0
2022,Urbana,all_victims,0–17,UNK,VMP,0.0,1.0,4.0,,5.0
2022,Urbana,all_victims,0–17,UNK,Vehículo pesado,0.0,0.0,0.0,,0.0
2022,Urbana,all_victims,18–24,F,Autobús,0.0,0.0,53.0,,53.0
2022,Urbana,all_victims,18–24,F,Bicicleta,0.0,2.0,132.0,,134.0
2022,Urbana,all_victims,18–24,F,Ciclomotor,0.0,12.0,394.0,,406.0
2022,Urbana,all_victims,18–24,F,Desconocido,0.0,0.0,6.0,,6.0
2022,Urbana,all_victims,18–24,F,Furgoneta,0.0,1.0,53.0,,54.0
2022,Urbana,all_victims,18–24,F,Motocicleta,0.0,27.0,527.0,,554.0
2022,Urbana,all_victims,18–24,F,Otros,0.0,2.0,145.0,,147.0
2022,Urbana,all_victims,18–24,F,Peatón,3.0,36.0,544.0,,583.0
2022,Urbana,all_victims,18–24,F,Total,5.0,134.0,4072.0,,4211.0
2022,Urbana,all_victims,18–24,F,Turismo,2.0,26.0,1806.0,,1834.0
2022,Urbana,all_victims,18–24,F,VMP,0.0,28.0,409.0,,437.0
2022,Urbana,all_victims,18–24,F,Vehículo pesado,0.0,0.0,3.0,,3.0
2022,Urbana,all_victims,18–24,M,Autobús,0.0,0.0,18.0,,18.0
2022,Urbana,all_victims,18–24,M,Bicicleta,1.0,14.0,452.0,,467.0
2022,Urbana,all_victims,18–24,M,Ciclomotor,2.0,50.0,1101.0,,1153.0
2022,Urbana,all_victims,18–24,M,Desconocido,0.0,3.0,8.0,,11.0
2022,Urbana,all_victims,18–24,M,Furgoneta,1.0,1.0,94.0,,96.0
2022,Urbana,all_victims,18–24,M,Motocicleta,16.0,143.0,1824.0,,1983.0
2022,Urbana,all_victims,18–24,M,Otros,1.0,9.0,243.0,,253.0
2022,Urbana,all_victims,18–24,M,Peatón,7.0,45.0,446.0,,498.0
2022,Urbana,all_victims,18–24,M,Total,38.0,345.0,6568.0,,6951.0
2022,Urbana,all_victims,18–24,M,Turismo,9.0,49.0,1874.0,,1932.0
2022,Urbana,all_victims,18–24,M,VMP,1.0,30.0,483.0,,514.0
2022,Urbana,all_victims,18–24,M,Vehículo pesado,0.0,1.0,25.0,,26.0
2022,Urbana,all_victims,18–24,UNK,Autobús,0.0,0.0,0.0,,0.0
2022,Urbana,all_victims,18–24,UNK,Bicicleta,0.0,2.0,5.0,,7.0
2022,Urbana,all_victims,18–24,UNK,Ciclomotor,0.0,0.0,2.0,,2.0
2022,Urbana,all_victims,18–24,UNK,Desconocido,0.0,0.0,2.0,,2.0
2022,Urbana,all_victims,18–24,UNK,Furgoneta,0.0,0.0,2.0,,2.0
2022,Urbana,all_victims,18–24,UNK,Motocicleta,0.0,1.0,7.0,,8.0
2022,Urbana,all_victims,18–24,UNK,Otros,0.0,2.0,2.0,,4.0
2022,Urbana,all_victims,18–24,UNK,Peatón,0.0,0.0,4.0,,4.0
2022,Urbana,all_victims,18–24,UNK,Total,0.0,5.0,48.0,,53.0
2022,Urbana,all_victims,18–24,UNK,Turismo,0.0,0.0,17.0,,17.0
2022,Urbana,all_victims,18–24,UNK,VMP,0.0,0.0,7.0,,7.0
2022,Urbana,all_victims,18–24,UNK,Vehículo pesado,0.0,0.0,0.0,,0.0
2022,Urbana,all_victims,25–44,F,Autobús,0.0,0.0,238.0,,238.0
2022,Urbana,all_victims,25–44,F,Bicicleta,1.0,20.0,542.0,,563.0
2022,Urbana,all_victims,25–44,F,Ciclomotor,1.0,20.0,478.0,,499.0
2022,Urbana,all_victims,25–44,F,Desconocido,0.0,2.0,10.0,,12.0
2022,Urbana,all_victims,25–44,F,Furgoneta,0.0,5.0,180.0,,185.0
2022,Urbana,all_victims,25–44,F,Motocicleta,6.0,108.0,2430.0,,2544.0
2022,Urbana,all_victims,25–44,F,Otros,0.0,6.0,290.0,,296.0
2022,Urbana,all_victims,25–44,F,Peatón,10.0,102.0,1353.0,,1465.0
2022,Urbana,all_victims,25–44,F,Total,23.0,362.0,11575.0,,11960.0
2022,Urbana,all_victims,25–44,F,Turismo,5.0,54.0,5321.0,,5380.0
2022,Urbana,all_victims,25–44,F,VMP,0.0,43.0,717.0,,760.0
2022,Urbana,all_victims,25–44,F,Vehículo pesado,0.0,2.0,16.0,,18.0
2022,Urbana,all_victims,25–44,M,Autobús,0.0,1.0,97.0,,98.0
2022,Urbana,all_victims,25–44,M,Bicicleta,3.0,77.0,1164.0,,1244.0
2022,Urbana,all_victims,25–44,M,Ciclomotor,3.0,61.0,965.0,,1029.0
2022,Urbana,all_victims,25–44,M,Desconocido,0.0,0.0,16.0,,16.0
2022,Urbana,all_victims,25–44,M,Furgoneta,0.0,8.0,519.0,,527.0
2022,Urbana,all_victims,25–44,M,Motocicleta,56.0,553.0,7245.0,,7854.0
2022,Urbana,all_victims,25–44,M,Otros,4.0,17.0,456.0,,477.0
2022,Urbana,all_victims,25–44,M,Peatón,8.0,97.0,961.0,,1066.0
2022,Urbana,all_victims,25–44,M,Total,91.0,976.0,17108.0,,18175.0
2022,Urbana,all_victims,25–44,M,Turismo,13.0,90.0,4644.0,,4747.0
2022,Urbana,all_victims,25–44,M,VMP,3.0,69.0,908.0,,980.0
2022,Urbana,all_victims,25–44,M,Vehículo pesado,1.0,3.0,133.0,,137.0
2022,Urbana,all_victims,25–44,UNK,Autobús,0.0,0.0,1.0,,1.0
2022,Urbana,all_victims,25–44,UNK,Bicicleta,0.0,1.0,14.0,,15.0
2022,Urbana,all_victims,25–44,UNK,Ciclomotor,0.0,1.0,3.0,,4.0
2022,Urbana,all_victims,25–44,UNK,Desconocido,0.0,0.0,1.0,,1.0
2022,Urbana,all_victims,25–44,UNK,Furgoneta,0.0,0.0,2.0,,2.0
2022,Urbana,all_victims,25–44,UNK,Motocicleta,0.0,0.0,12.0,,12.0
2022,Urbana,all_victims,25–44,UNK,Otros,0.0,1.0,4.0,,5.0
2022,Urbana,all_victims,25–44,UNK,Peatón,0.0,3.0,7.0,,10.0
2022,Urbana,all_victims,25–44,UNK,Total,0.0,6.0,83.0,,89.0
2022,Urbana,all_victims,25–44,UNK,Turismo,0.0,0.0,27.0,,27.0
2022,Urbana,all_victims,25–44,UNK,VMP,0.0,0.0,10.0,,10.0
2022,Urbana,all_victims,25–44,UNK,Vehículo pesado,0.0,0.0,2.0,,2.0
2022,Urbana,all_victims,45–64,F,Autobús,0.0,6.0,524.0,,530.0
2022,Urbana,all_victims,45–64,F,Bicicleta,0.0,27.0,329.0,,356.0
2022,Urbana,all_victims,45–64,F,Ciclomotor,1.0,19.0,360.0,,380.0
2022,Urbana,all_victims,45–64,F,Desconocido,0.0,1.0,4.0,,5.0
2022,Urbana,all_victims,45–64,F,Furgoneta,1.0,3.0,114.0,,118.0
2022,Urbana,all_victims,45–64,F,Motocicleta,1.0,62.0,1287.0,,1350.0
2022,Urbana,all_victims,45–64,F,Otros,0.0,7.0,106.0,,113.0
2022,Urbana,all_victims,45–64,F,Peatón,19.0,214.0,1555.0,,1788.0
2022,Urbana,all_victims,45–64,F,Total,29.0,411.0,8178.0,,8618.0
2022,Urbana,all_victims,45–64,F,Turismo,6.0,51.0,3650.0,,3707.0
2022,Urbana,all_victims,45–64,F,VMP,1.0,21.0,234.0,,256.0
2022,Urbana,all_victims,45–64,F,Vehículo pesado,0.0,0.0,15.0,,15.0
2022,Urbana,all_victims,45–64,M,Autobús,0.0,1.0,159.0,,160.0
2022,Urbana,all_victims,45–64,M,Bicicleta,8.0,130.0,1182.0,,1320.0
2022,Urbana,all_victims,45–64,M,Ciclomotor,4.0,76.0,513.0,,593.0
2022,Urbana,all_victims,45–64,M,Desconocido,0.0,2.0,20.0,,22.0
2022,Urbana,all_victims,45–64,M,Furgoneta,2.0,9.0,393.0,,404.0
2022,Urbana,all_victims,45–64,M,Motocicleta,37.0,516.0,4762.0,,5315.0
2022,Urbana,all_victims,45–64,M,Otros,2.0,22.0,213.0,,237.0
2022,Urbana,all_victims,45–64,M,Peatón,15.0,163.0,1129.0,,1307.0
2022,Urbana,all_victims,45–64,M,Total,80.0,1044.0,11943.0,,13067.0
2022,Urbana,all_victims,45–64,M,Turismo,10.0,69.0,3145.0,,3224.0
2022,Urbana,all_victims,45–64,M,VMP,1.0,46.0,317.0,,364.0
2022,Urbana,all_victims,45–64,M,Vehículo pesado,1.0,10.0,110.0,,121.0
2022,Urbana,all_victims,45–64,UNK,Autobús,0.0,0.0,5.0,,5.0
2022,Urbana,all_victims,45–64,UNK,Bicicleta,0.0,2.0,4.0,,6.0
2022,Urbana,all_victims,45–64,UNK,Ciclomotor,0.0,0.0,1.0,,1.0
2022,Urbana,all_victims,45–64,UNK,Desconocido,0.0,0.0,1.0,,1.0
2022,Urbana,all_victims,45–64,UNK,Furgoneta,0.0,0.0,1.0,,1.0
2022,Urbana,all_victims,45–64,UNK,Motocicleta,0.0,0.0,6.0,,6.0
2022,Urbana,all_victims,45–64,UNK,Otros,0.0,0.0,3.0,,3.0
2022,Urbana,all_victims,45–64,UNK,Peatón,0.0,3.0,11.0,,14.0
2022,Urbana,all_victims,45–64,UNK,Total,0.0,5.0,56.0,,61.0
2022,Urbana,all_victims,45–64,UNK,Turismo,0.0,0.0,20.0,,20.0
2022,Urbana,all_victims,45–64,UNK,VMP,0.0,0.0,3.0,,3.0
2022,Urbana,all_victims,45–64,UNK,Vehículo pesado,0.0,0.0,1.0,,1.0
2022,Urbana,all_victims,65+,F,Autobús,1.0,11.0,477.0,,489.0
2022,Urbana,all_victims,65+,F,Bicicleta,0.0,7.0,47.0,,54.0
2022,Urbana,all_victims,65+,F,Ciclomotor,0.0,5.0,23.0,,28.0
2022,Urbana,all_victims,65+,F,Desconocido,0.0,0.0,2.0,,2.0
2022,Urbana,all_victims,65+,F,Furgoneta,0.0,0.0,25.0,,25.0
2022,Urbana,all_victims,65+,F,Motocicleta,0.0,5.0,65.0,,70.0
2022,Urbana,all_victims,65+,F,Otros,0.0,1.0,17.0,,18.0
2022,Urbana,all_victims,65+,F,Peatón,68.0,357.0,1512.0,,1937.0
2022,Urbana,all_victims,65+,F,Total,72.0,430.0,3139.0,,3641.0
2022,Urbana,all_victims,65+,F,Turismo,3.0,44.0,967.0,,1014.0
2022,Urbana,all_victims,65+,F,VMP,0.0,0.0,3.0,,3.0
2022,Urbana,all_victims,65+,F,Vehículo pesado,0.0,0.0,1.0,,1.0
2022,Urbana,all_victims,65+,M,Autobús,1.0,6.0,191.0,,198.0
2022,Urbana,all_victims,65+,M,Bicicleta,8.0,49.0,326.0,,383.0
2022,Urbana,all_victims,65+,M,Ciclomotor,2.0,14.0,137.0,,153.0
2022,Urbana,all_victims,65+,M,Desconocido,0.0,0.0,1.0,,1.0
2022,Urbana,all_victims,65+,M,Furgoneta,2.0,2.0,65.0,,69.0
2022,Urbana,all_victims,65+,M,Motocicleta,5.0,48.0,581.0,,634.0
2022,Urbana,all_victims,65+,M,Otros,4.0,4.0,36.0,,44.0
2022,Urbana,all_victims,65+,M,Peatón,74.0,246.0,1049.0,,1369.0
2022,Urbana,all_victims,65+,M,Total,112.0,416.0,3360.0,,3888.0
2022,Urbana,all_victims,65+,M,Turismo,14.0,45.0,953.0,,1012.0
2022,Urbana,all_victims,65+,M,VMP,0.0,1.0,17.0,,18.0
2022,Urbana,all_victims,65+,M,Vehículo pesado,2.0,1.0,4.0,,7.0
2022,Urbana,all_victims,65+,UNK,Autobús,0.0,1.0,1.0,,2.0
2022,Urbana,all_victims,65+,UNK,Bicicleta,0.0,2.0,4.0,,6.0
2022,Urbana,all_victims,65+,UNK,Ciclomotor,0.0,0.0,3.0,,3.0
2022,Urbana,all_victims,65+,UNK,Desconocido,0.0,0.0,0.0,,0.0
2022,Urbana,all_victims,65+,UNK,Furgoneta,0.0,0.0,0.0,,0.0
2022,Urbana,all_victims,65+,UNK,Motocicleta,0.0,1.0,2.0,,3.0
2022,Urbana,all_victims,65+,UNK,Otros,0.0,0.0,0.0,,0.0
2022,Urbana,all_victims,65+,UNK,Peatón,0.0,1.0,19.0,,20.0
2022,Urbana,all_victims,65+,UNK,Total,0.0,5.0,32.0,,37.0
2022,Urbana,all_victims,65+,UNK,Turismo,0.0,0.0,2.0,,2.0
2022,Urbana,all_victims,65+,UNK,VMP,0.0,0.0,0.0,,0.0
2022,Urbana,all_victims,65+,UNK,Vehículo pesado,0.0,0.0,1.0,,1.0
2022,Urbana,all_victims,Desconocida,F,Autobús,0.0,4.0,82.0,,86.0
2022,Urbana,all_victims,Desconocida,F,Bicicleta,0.0,7.0,103.0,,110.0
2022,Urbana,all_victims,Desconocida,F,Ciclomotor,0.0,1.0,35.0,,36.0
2022,Urbana,all_victims,Desconocida,F,Desconocido,0.0,0.0,5.0,,5.0
2022,Urbana,all_victims,Desconocida,F,Furgoneta,0.0,2.0,10.0,,12.0
2022,Urbana,all_victims,Desconocida,F,Motocicleta,0.0,3.0,70.0,,73.0
2022,Urbana,all_victims,Desconocida,F,Otros,0.0,1.0,34.0,,35.0
2022,Urbana,all_victims,Desconocida,F,Peatón,3.0,15.0,197.0,,215.0
2022,Urbana,all_victims,Desconocida,F,Total,3.0,45.0,1086.0,,1134.0
2022,Urbana,all_victims,Desconocida,F,Turismo,0.0,2.0,396.0,,398.0
2022,Urbana,all_victims,Desconocida,F,VMP,0.0,10.0,150.0,,160.0
2022,Urbana,all_victims,Desconocida,F,Vehículo pesado,0.0,0.0,4.0,,4.0
2022,Urbana,all_victims,Desconocida,M,Autobús,0.0,0.0,25.0,,25.0
2022,Urbana,all_victims,Desconocida,M,Bicicleta,0.0,15.0,222.0,,237.0
2022,Urbana,all_victims,Desconocida,M,Ciclomotor,0.0,2.0,67.0,,69.0
2022,Urbana,all_victims,Desconocida,M,Desconocido,0.0,1.0,3.0,,4.0
2022,Urbana,all_victims,Desconocida,M,Furgoneta,0.0,3.0,29.0,,32.0
2022,Urbana,all_victims,Desconocida,M,Motocicleta,2.0,14.0,239.0,,255.0
2022,Urbana,all_victims,Desconocida,M,Otros,0.0,3.0,52.0,,55.0
2022,Urbana,all_victims,Desconocida,M,Peatón,0.0,13.0,145.0,,158.0
2022,Urbana,all_victims,Desconocida,M,Total,2.0,68.0,1330.0,,1400.0
2022,Urbana,all_victims,Desconocida,M,Turismo,0.0,6.0,376.0,,382.0
2022,Urbana,all_victims,Desconocida,M,VMP,0.0,11.0,169.0,,180.0
2022,Urbana,all_victims,Desconocida,M,Vehículo pesado,0.0,0.0,3.0,,3.0
2022,Urbana,all_victims,Desconocida,UNK,Autobús,0.0,0.0,3.0,,3.0
2022,Urbana,all_victims,Desconocida,UNK,Bicicleta,0.0,0.0,15.0,,15.0
2022,Urbana,all_victims,Desconocida,UNK,Ciclomotor,0.0,0.0,1.0,,1.0
2022,Urbana,all_victims,Desconocida,UNK,Desconocido,0.0,0.0,35.0,,35.0
2022,Urbana,all_victims,Desconocida,UNK,Furgoneta,0.0,0.0,0.0,,0.0
2022,Urbana,all_victims,Desconocida,UNK,Motocicleta,0.0,0.0,10.0,,10.0
2022,Urbana,all_victims,Desconocida,UNK,Otros,0.0,0.0,2.0,,2.0
2022,Urbana,all_victims,Desconocida,UNK,Peatón,0.0,0.0,16.0,,16.0
2022,Urbana,all_victims,Desconocida,UNK,Total,0.0,1.0,144.0,,145.0
2022,Urbana,all_victims,Desconocida,UNK,Turismo,0.0,1.0,52.0,,53.0
2022,Urbana,all_victims,Desconocida,UNK,VMP,0.0,0.0,8.0,,8.0
2022,Urbana,all_victims,Desconocida,UNK,Vehículo pesado,0.0,0.0,2.0,,2.0
2022,Urbana,drivers_involved,0–17,F,Autobús,,,,0.0,
2022,Urbana,drivers_involved,0–17,F,Bicicleta,,,,75.0,
2022,Urbana,drivers_involved,0–17,F,Ciclomotor,,,,133.0,
2022,Urbana,drivers_involved,0–17,F,Desconocido,,,,3.0,
2022,Urbana,drivers_involved,0–17,F,Furgoneta,,,,0.0,
2022,Urbana,drivers_involved,0–17,F,Motocicleta,,,,26.0,
2022,Urbana,drivers_involved,0–17,F,Otros,,,,57.0,
2022,Urbana,drivers_involved,0–17,F,Peatón,,,,0.0,
2022,Urbana,drivers_involved,0–17,F,Total,,,,445.0,
2022,Urbana,drivers_involved,0–17,F,Turismo,,,,3.0,
2022,Urbana,drivers_involved,0–17,F,VMP,,,,148.0,
2022,Urbana,drivers_involved,0–17,F,Vehículo pesado,,,,0.0,
2022,Urbana,drivers_involved,0–17,M,Autobús,,,,0.0,
2022,Urbana,drivers_involved,0–17,M,Bicicleta,,,,476.0,
2022,Urbana,drivers_involved,0–17,M,Ciclomotor,,,,624.0,
2022,Urbana,drivers_involved,0–17,M,Desconocido,,,,5.0,
2022,Urbana,drivers_involved,0–17,M,Furgoneta,,,,1.0,
2022,Urbana,drivers_involved,0–17,M,Motocicleta,,,,250.0,
2022,Urbana,drivers_involved,0–17,M,Otros,,,,127.0,
2022,Urbana,drivers_involved,0–17,M,Peatón,,,,0.0,
2022,Urbana,drivers_involved,0–17,M,Total,,,,1845.0,
2022,Urbana,drivers_involved,0–17,M,Turismo,,,,15.0,
2022,Urbana,drivers_involved,0–17,M,VMP,,,,347.0,
2022,Urbana,drivers_involved,0–17,M,Vehículo pesado,,,,0.0,
2022,Urbana,drivers_involved,0–17,UNK,Autobús,,,,0.0,
2022,Urbana,drivers_involved,0–17,UNK,Bicicleta,,,,4.0,
2022,Urbana,drivers_involved,0–17,UNK,Ciclomotor,,,,1.0,
2022,Urbana,drivers_involved,0–17,UNK,Desconocido,,,,0.0,
2022,Urbana,drivers_involved,0–17,UNK,Furgoneta,,,,0.0,
2022,Urbana,drivers_involved,0–17,UNK,Motocicleta,,,,2.0,
2022,Urbana,drivers_involved,0–17,UNK,Otros,,,,2.0,
2022,Urbana,drivers_involved,0–17,UNK,Peatón,,,,0.0,
2022,Urbana,drivers_involved,0–17,UNK,Total,,,,15.0,
2022,Urbana,drivers_involved,0–17,UNK,Turismo,,,,1.0,
2022,Urbana,drivers_involved,0–17,UNK,VMP,,,,5.0,
2022,Urbana,drivers_involved,0–17,UNK,Vehículo pesado,,,,0.0,
2022,Urbana,drivers_involved,18–24,F,Autobús,,,,1.0,
2022,Urbana,drivers_involved,18–24,F,Bicicleta,,,,154.0,
2022,Urbana,drivers_involved,18–24,F,Ciclomotor,,,,300.0,
2022,Urbana,drivers_involved,18–24,F,Desconocido,,,,5.0,
2022,Urbana,drivers_involved,18–24,F,Furgoneta,,,,49.0,
2022,Urbana,drivers_involved,18–24,F,Motocicleta,,,,321.0,
2022,Urbana,drivers_involved,18–24,F,Otros,,,,147.0,
2022,Urbana,drivers_involved,18–24,F,Peatón,,,,0.0,
2022,Urbana,drivers_involved,18–24,F,Total,,,,3678.0,
2022,Urbana,drivers_involved,18–24,F,Turismo,,,,2258.0,
2022,Urbana,drivers_involved,18–24,F,VMP,,,,437.0,
2022,Urbana,drivers_involved,18–24,F,Vehículo pesado,,,,6.0,
2022,Urbana,drivers_involved,18–24,M,Autobús,,,,3.0,
2022,Urbana,drivers_involved,18–24,M,Bicicleta,,,,546.0,
2022,Urbana,drivers_involved,18–24,M,Ciclomotor,,,,1173.0,
2022,Urbana,drivers_involved,18–24,M,Desconocido,,,,14.0,
2022,Urbana,drivers_involved,18–24,M,Furgoneta,,,,372.0,
2022,Urbana,drivers_involved,18–24,M,Motocicleta,,,,2043.0,
2022,Urbana,drivers_involved,18–24,M,Otros,,,,305.0,
2022,Urbana,drivers_involved,18–24,M,Peatón,,,,0.0,
2022,Urbana,drivers_involved,18–24,M,Total,,,,9307.0,
2022,Urbana,drivers_involved,18–24,M,Turismo,,,,4170.0,
2022,Urbana,drivers_involved,18–24,M,VMP,,,,611.0,
2022,Urbana,drivers_involved,18–24,M,Vehículo pesado,,,,70.0,
2022,Urbana,drivers_involved,18–24,UNK,Autobús,,,,0.0,
2022,Urbana,drivers_involved,18–24,UNK,Bicicleta,,,,8.0,
2022,Urbana,drivers_involved,18–24,UNK,Ciclomotor,,,,2.0,
2022,Urbana,drivers_involved,18–24,UNK,Desconocido,,,,2.0,
2022,Urbana,drivers_involved,18–24,UNK,Furgoneta,,,,1.0,
2022,Urbana,drivers_involved,18–24,UNK,Motocicleta,,,,7.0,
2022,Urbana,drivers_involved,18–24,UNK,Otros,,,,3.0,
2022,Urbana,drivers_involved,18–24,UNK,Peatón,,,,0.0,
2022,Urbana,drivers_involved,18–24,UNK,Total,,,,45.0,
2022,Urbana,drivers_involved,18–24,UNK,Turismo,,,,14.0,
2022,Urbana,drivers_involved,18–24,UNK,VMP,,,,8.0,
2022,Urbana,drivers_involved,18–24,UNK,Vehículo pesado,,,,0.0,
2022,Urbana,drivers_involved,25–44,F,Autobús,,,,88.0,
2022,Urbana,drivers_involved,25–44,F,Bicicleta,,,,612.0,
2022,Urbana,drivers_involved,25–44,F,Ciclomotor,,,,449.0,
2022,Urbana,drivers_involved,25–44,F,Desconocido,,,,14.0,
2022,Urbana,drivers_involved,25–44,F,Furgoneta,,,,325.0,
2022,Urbana,drivers_involved,25–44,F,Motocicleta,,,,2080.0,
2022,Urbana,drivers_involved,25–44,F,Otros,,,,312.0,
2022,Urbana,drivers_involved,25–44,F,Peatón,,,,0.0,
2022,Urbana,drivers_involved,25–44,F,Total,,,,13908.0,
2022,Urbana,drivers_involved,25–44,F,Turismo,,,,9195.0,
2022,Urbana,drivers_involved,25–44,F,VMP,,,,791.0,
2022,Urbana,drivers_involved,25–44,F,Vehículo pesado,,,,42.0,
2022,Urbana,drivers_involved,25–44,M,Autobús,,,,558.0,
2022,Urbana,drivers_involved,25–44,M,Bicicleta,,,,1412.0,
2022,Urbana,drivers_involved,25–44,M,Ciclomotor,,,,1064.0,
2022,Urbana,drivers_involved,25–44,M,Desconocido,,,,31.0,
2022,Urbana,drivers_involved,25–44,M,Furgoneta,,,,2283.0,
2022,Urbana,drivers_involved,25–44,M,Motocicleta,,,,8374.0,
2022,Urbana,drivers_involved,25–44,M,Otros,,,,629.0,
2022,Urbana,drivers_involved,25–44,M,Peatón,,,,0.0,
2022,Urbana,drivers_involved,25–44,M,Total,,,,30239.0,
2022,Urbana,drivers_involved,25–44,M,Turismo,,,,14209.0,
2022,Urbana,drivers_involved,25–44,M,VMP,,,,1066.0,
2022,Urbana,drivers_involved,25–44,M,Vehículo pesado,,,,613.0,
2022,Urbana,drivers_involved,25–44,UNK,Autobús,,,,1.0,
2022,Urbana,drivers_involved,25–44,UNK,Bicicleta,,,,14.0,
2022,Urbana,drivers_involved,25–44,UNK,Ciclomotor,,,,2.0,
2022,Urbana,drivers_involved,25–44,UNK,Desconocido,,,,2.0,
2022,Urbana,drivers_involved,25–44,UNK,Furgoneta,,,,3.0,
2022,Urbana,drivers_involved,25–44,UNK,Motocicleta,,,,13.0,
2022,Urbana,drivers_involved,25–44,UNK,Otros,,,,6.0,
2022,Urbana,drivers_involved,25–44,UNK,Peatón,,,,0.0,
2022,Urbana,drivers_involved,25–44,UNK,Total,,,,100.0,
2022,Urbana,drivers_involved,25–44,UNK,Turismo,,,,45.0,
2022,Urbana,drivers_involved,25–44,UNK,VMP,,,,10.0,
2022,Urbana,drivers_involved,25–44,UNK,Vehículo pesado,,,,4.0,
2022,Urbana,drivers_involved,45–64,F,Autobús,,,,123.0,
2022,Urbana,drivers_involved,45–64,F,Bicicleta,,,,377.0,
2022,Urbana,drivers_involved,45–64,F,Ciclomotor,,,,347.0,
2022,Urbana,drivers_involved,45–64,F,Desconocido,,,,5.0,
2022,Urbana,drivers_involved,45–64,F,Furgoneta,,,,233.0,
2022,Urbana,drivers_involved,45–64,F,Motocicleta,,,,1023.0,
2022,Urbana,drivers_involved,45–64,F,Otros,,,,118.0,
2022,Urbana,drivers_involved,45–64,F,Peatón,,,,0.0,
2022,Urbana,drivers_involved,45–64,F,Total,,,,9635.0,
2022,Urbana,drivers_involved,45–64,F,Turismo,,,,7114.0,
2022,Urbana,drivers_involved,45–64,F,VMP,,,,265.0,
2022,Urbana,drivers_involved,45–64,F,Vehículo pesado,,,,30.0,
2022,Urbana,drivers_involved,45–64,M,Autobús,,,,1192.0,
2022,Urbana,drivers_involved,45–64,M,Bicicleta,,,,1429.0,
2022,Urbana,drivers_involved,45–64,M,Ciclomotor,,,,629.0,
2022,Urbana,drivers_involved,45–64,M,Desconocido,,,,37.0,
2022,Urbana,drivers_involved,45–64,M,Furgoneta,,,,2052.0,
2022,Urbana,drivers_involved,45–64,M,Motocicleta,,,,5748.0,
2022,Urbana,drivers_involved,45–64,M,Otros,,,,380.0,
2022,Urbana,drivers_involved,45–64,M,Peatón,,,,0.0,
2022,Urbana,drivers_involved,45–64,M,Total,,,,25635.0,
2022,Urbana,drivers_involved,45–64,M,Turismo,,,,12958.0,
2022,Urbana,drivers_involved,45–64,M,VMP,,,,398.0,
2022,Urbana,drivers_involved,45–64,M,Vehículo pesado,,,,812.0,
2022,Urbana,drivers_involved,45–64,UNK,Autobús,,,,3.0,
2022,Urbana,drivers_involved,45–64,UNK,Bicicleta,,,,5.0,
2022,Urbana,drivers_involved,45–64,UNK,Ciclomotor,,,,1.0,
2022,Urbana,drivers_involved,45–64,UNK,Desconocido,,,,1.0,
2022,Urbana,drivers_involved,45–64,UNK,Furgoneta,,,,3.0,
2022,Urbana,drivers_involved,45–64,UNK,Motocicleta,,,,5.0,
2022,Urbana,drivers_involved,45–64,UNK,Otros,,,,4.0,
2022,Urbana,drivers_involved,45–64,UNK,Peatón,,,,0.0,
2022,Urbana,drivers_involved,45–64,UNK,Total,,,,65.0,
2022,Urbana,drivers_involved,45–64,UNK,Turismo,,,,38.0,
2022,Urbana,drivers_involved,45–64,UNK,VMP,,,,3.0,
2022,Urbana,drivers_involved,45–64,UNK,Vehículo pesado,,,,2.0,
2022,Urbana,drivers_involved,65+,F,Autobús,,,,3.0,
2022,Urbana,drivers_involved,65+,F,Bicicleta,,,,53.0,
2022,Urbana,drivers_involved,65+,F,Ciclomotor,,,,21.0,
2022,Urbana,drivers_involved,65+,F,Desconocido,,,,1.0,
2022,Urbana,drivers_involved,65+,F,Furgoneta,,,,23.0,
2022,Urbana,drivers_involved,65+,F,Motocicleta,,,,27.0,
2022,Urbana,drivers_involved,65+,F,Otros,,,,12.0,
2022,Urbana,drivers_involved,65+,F,Peatón,,,,0.0,
2022,Urbana,drivers_involved,65+,F,Total,,,,1478.0,
2022,Urbana,drivers_involved,65+,F,Turismo,,,,1330.0,
2022,Urbana,drivers_involved,65+,F,VMP,,,,7.0,
2022,Urbana,drivers_involved,65+,F,Vehículo pesado,,,,1.0,
2022,Urbana,drivers_involved,65+,M,Autobús,,,,5.0,
2022,Urbana,drivers_involved,65+,M,Bicicleta,,,,396.0,
2022,Urbana,drivers_involved,65+,M,Ciclomotor,,,,166.0,
2022,Urbana,drivers_involved,65+,M,Desconocido,,,,4.0,
2022,Urbana,drivers_involved,65+,M,Furgoneta,,,,270.0,
2022,Urbana,drivers_involved,65+,M,Motocicleta,,,,701.0,
2022,Urbana,drivers_involved,65+,M,Otros,,,,71.0,
2022,Urbana,drivers_involved,65+,M,Peatón,,,,0.0,
2022,Urbana,drivers_involved,65+,M,Total,,,,6196.0,
2022,Urbana,drivers_involved,65+,M,Turismo,,,,4518.0,
2022,Urbana,drivers_involved,65+,M,VMP,,,,19.0,
2022,Urbana,drivers_involved,65+,M,Vehículo pesado,,,,46.0,
2022,Urbana,drivers_involved,65+,UNK,Autobús,,,,1.0,
2022,Urbana,drivers_involved,65+,UNK,Bicicleta,,,,5.0,
2022,Urbana,drivers_involved,65+,UNK,Ciclomotor,,,,2.0,
2022,Urbana,drivers_involved,65+,UNK,Desconocido,,,,1.0,
2022,Urbana,drivers_involved,65+,UNK,Furgoneta,,,,1.0,
2022,Urbana,drivers_involved,65+,UNK,Motocicleta,,,,3.0,
2022,Urbana,drivers_involved,65+,UNK,Otros,,,,0.0,
2022,Urbana,drivers_involved,65+,UNK,Peatón,,,,0.0,
2022,Urbana,drivers_involved,65+,UNK,Total,,,,24.0,
2022,Urbana,drivers_involved,65+,UNK,Turismo,,,,10.0,
2022,Urbana,drivers_involved,65+,UNK,VMP,,,,0.0,
2022,Urbana,drivers_involved,65+,UNK,Vehículo pesado,,,,1.0,
2022,Urbana,drivers_involved,Desconocida,F,Autobús,,,,9.0,
2022,Urbana,drivers_involved,Desconocida,F,Bicicleta,,,,120.0,
2022,Urbana,drivers_involved,Desconocida,F,Ciclomotor,,,,22.0,
2022,Urbana,drivers_involved,Desconocida,F,Desconocido,,,,4.0,
2022,Urbana,drivers_involved,Desconocida,F,Furgoneta,,,,8.0,
2022,Urbana,drivers_involved,Desconocida,F,Motocicleta,,,,49.0,
2022,Urbana,drivers_involved,Desconocida,F,Otros,,,,37.0,
2022,Urbana,drivers_involved,Desconocida,F,Peatón,,,,0.0,
2022,Urbana,drivers_involved,Desconocida,F,Total,,,,818.0,
2022,Urbana,drivers_involved,Desconocida,F,Turismo,,,,392.0,
2022,Urbana,drivers_involved,Desconocida,F,VMP,,,,174.0,
2022,Urbana,drivers_involved,Desconocida,F,Vehículo pesado,,,,3.0,
2022,Urbana,drivers_involved,Desconocida,M,Autobús,,,,35.0,
2022,Urbana,drivers_involved,Desconocida,M,Bicicleta,,,,287.0,
2022,Urbana,drivers_involved,Desconocida,M,Ciclomotor,,,,69.0,
2022,Urbana,drivers_involved,Desconocida,M,Desconocido,,,,20.0,
2022,Urbana,drivers_involved,Desconocida,M,Furgoneta,,,,70.0,
2022,Urbana,drivers_involved,Desconocida,M,Motocicleta,,,,258.0,
2022,Urbana,drivers_involved,Desconocida,M,Otros,,,,72.0,
2022,Urbana,drivers_involved,Desconocida,M,Peatón,,,,0.0,
2022,Urbana,drivers_involved,Desconocida,M,Total,,,,1961.0,
2022,Urbana,drivers_involved,Desconocida,M,Turismo,,,,884.0,
2022,Urbana,drivers_involved,Desconocida,M,VMP,,,,228.0,
2022,Urbana,drivers_involved,Desconocida,M,Vehículo pesado,,,,38.0,
2022,Urbana,drivers_involved,Desconocida,UNK,Autobús,,,,9.0,
2022,Urbana,drivers_involved,Desconocida,UNK,Bicicleta,,,,51.0,
2022,Urbana,drivers_involved,Desconocida,UNK,Ciclomotor,,,,6.0,
2022,Urbana,drivers_involved,Desconocida,UNK,Desconocido,,,,797.0,
2022,Urbana,drivers_involved,Desconocida,UNK,Furgoneta,,,,43.0,
2022,Urbana,drivers_involved,Desconocida,UNK,Motocicleta,,,,38.0,
2022,Urbana,drivers_involved,Desconocida,UNK,Otros,,,,94.0,
2022,Urbana,drivers_involved,Desconocida,UNK,Peatón,,,,0.0,
2022,Urbana,drivers_involved,Desconocida,UNK,Total,,,,1577.0,
2022,Urbana,drivers_involved,Desconocida,UNK,Turismo,,,,471.0,
2022,Urbana,drivers_involved,Desconocida,UNK,VMP,,,,49.0,
2022,Urbana,drivers_involved,Desconocida,UNK,Vehículo pesado,,,,19.0,
2022,Urbana,drivers_victims,0–17,F,Autobús,0.0,0.0,0.0,,0.0
2022,Urbana,drivers_victims,0–17,F,Bicicleta,0.0,5.0,58.0,,63.0
2022,Urbana,drivers_victims,0–17,F,Ciclomotor,1.0,6.0,117.0,,124.0
2022,Urbana,drivers_victims,0–17,F,Desconocido,0.0,1.0,2.0,,3.0
2022,Urbana,drivers_victims,0–17,F,Furgoneta,0.0,0.0,0.0,,0.0
2022,Urbana,drivers_victims,0–17,F,Motocicleta,0.0,2.0,23.0,,25.0
2022,Urbana,drivers_victims,0–17,F,Otros,0.0,2.0,39.0,,41.0
2022,Urbana,drivers_victims,0–17,F,Total,1.0,20.0,368.0,,389.0
2022,Urbana,drivers_victims,0–17,F,Turismo,0.0,1.0,1.0,,2.0
2022,Urbana,drivers_victims,0–17,F,VMP,0.0,3.0,128.0,,131.0
2022,Urbana,drivers_victims,0–17,F,Vehículo pesado,0.0,0.0,0.0,,0.0
2022,Urbana,drivers_victims,0–17,M,Autobús,0.0,0.0,0.0,,0.0
2022,Urbana,drivers_victims,0–17,M,Bicicleta,0.0,31.0,379.0,,410.0
2022,Urbana,drivers_victims,0–17,M,Ciclomotor,2.0,54.0,512.0,,568.0
2022,Urbana,drivers_victims,0–17,M,Desconocido,0.0,0.0,3.0,,3.0
2022,Urbana,drivers_victims,0–17,M,Furgoneta,0.0,0.0,0.0,,0.0
2022,Urbana,drivers_victims,0–17,M,Motocicleta,2.0,23.0,199.0,,224.0
2022,Urbana,drivers_victims,0–17,M,Otros,0.0,1.0,87.0,,88.0
2022,Urbana,drivers_victims,0–17,M,Total,5.0,139.0,1449.0,,1593.0
2022,Urbana,drivers_victims,0–17,M,Turismo,0.0,3.0,9.0,,12.0
2022,Urbana,drivers_victims,0–17,M,VMP,1.0,27.0,260.0,,288.0
2022,Urbana,drivers_victims,0–17,M,Vehículo pesado,0.0,0.0,0.0,,0.0
2022,Urbana,drivers_victims,0–17,UNK,Autobús,0.0,0.0,0.0,,0.0
2022,Urbana,drivers_victims,0–17,UNK,Bicicleta,0.0,1.0,3.0,,4.0
2022,Urbana,drivers_victims,0–17,UNK,Ciclomotor,0.0,0.0,0.0,,0.0
2022,Urbana,drivers_victims,0–17,UNK,Desconocido,0.0,0.0,0.0,,0.0
2022,Urbana,drivers_victims,0–17,UNK,Furgoneta,0.0,0.0,0.0,,0.0
2022,Urbana,drivers_victims,0–17,UNK,Motocicleta,0.0,0.0,2.0,,2.0
2022,Urbana,drivers_victims,0–17,UNK,Otros,0.0,0.0,2.0,,2.0
2022,Urbana,drivers_victims,0–17,UNK,Total,0.0,2.0,12.0,,14.0
2022,Urbana,drivers_victims,0–17,UNK,Turismo,0.0,0.0,1.0,,1.0
2022,Urbana,drivers_victims,0–17,UNK,VMP,0.0,1.0,4.0,,5.0
2022,Urbana,drivers_victims,0–17,UNK,Vehículo pesado,0.0,0.0,0.0,,0.0
2022,Urbana,drivers_victims,18–24,F,Autobús,0.0,0.0,1.0,,1.0
2022,Urbana,drivers_victims,18–24,F,Bicicleta,0.0,2.0,131.0,,133.0
2022,Urbana,drivers_victims,18–24,F,Ciclomotor,0.0,9.0,284.0,,293.0
2022,Urbana,drivers_victims,18–24,F,Desconocido,0.0,0.0,5.0,,5.0
2022,Urbana,drivers_victims,18–24,F,Furgoneta,0.0,1.0,10.0,,11.0
2022,Urbana,drivers_victims,18–24,F,Motocicleta,0.0,13.0,291.0,,304.0
2022,Urbana,drivers_victims,18–24,F,Otros,0.0,2.0,133.0,,135.0
2022,Urbana,drivers_victims,18–24,F,Total,1.0,61.0,2129.0,,2191.0
2022,Urbana,drivers_victims,18–24,F,Turismo,1.0,8.0,888.0,,897.0
2022,Urbana,drivers_victims,18–24,F,VMP,0.0,26.0,385.0,,411.0
2022,Urbana,drivers_victims,18–24,F,Vehículo pesado,0.0,0.0,1.0,,1.0
2022,Urbana,drivers_victims,18–24,M,Autobús,0.0,0.0,0.0,,0.0
2022,Urbana,drivers_victims,18–24,M,Bicicleta,1.0,14.0,451.0,,466.0
2022,Urbana,drivers_victims,18–24,M,Ciclomotor,2.0,46.0,1029.0,,1077.0
2022,Urbana,drivers_victims,18–24,M,Desconocido,0.0,3.0,7.0,,10.0
2022,Urbana,drivers_victims,18–24,M,Furgoneta,1.0,1.0,59.0,,61.0
2022,Urbana,drivers_victims,18–24,M,Motocicleta,16.0,135.0,1715.0,,1866.0
2022,Urbana,drivers_victims,18–24,M,Otros,1.0,9.0,237.0,,247.0
2022,Urbana,drivers_victims,18–24,M,Total,30.0,262.0,5144.0,,5436.0
2022,Urbana,drivers_victims,18–24,M,Turismo,8.0,24.0,1153.0,,1185.0
2022,Urbana,drivers_victims,18–24,M,VMP,1.0,29.0,476.0,,506.0
2022,Urbana,drivers_victims,18–24,M,Vehículo pesado,0.0,1.0,17.0,,18.0
2022,Urbana,drivers_victims,18–24,UNK,Autobús,0.0,0.0,0.0,,0.0
2022,Urbana,drivers_victims,18–24,UNK,Bicicleta,0.0,2.0,5.0,,7.0
2022,Urbana,drivers_victims,18–24,UNK,Ciclomotor,0.0,0.0,1.0,,1.0
2022,Urbana,drivers_victims,18–24,UNK,Desconocido,0.0,0.0,2.0,,2.0
2022,Urbana,drivers_victims,18–24,UNK,Furgoneta,0.0,0.0,0.0,,0.0
2022,Urbana,drivers_victims,18–24,UNK,Motocicleta,0.0,1.0,6.0,,7.0
2022,Urbana,drivers_victims,18–24,UNK,Otros,0.0,2.0,1.0,,3.0
2022,Urbana,drivers_victims,18–24,UNK,Total,0.0,5.0,26.0,,31.0
2022,Urbana,drivers_victims,18–24,UNK,Turismo,0.0,0.0,4.0,,4.0
2022,Urbana,drivers_victims,18–24,UNK,VMP,0.0,0.0,7.0,,7.0
2022,Urbana,drivers_victims,18–24,UNK,Vehículo pesado,0.0,0.0,0.0,,0.0
2022,Urbana,drivers_victims,25–44,F,Autobús,0.0,0.0,4.0,,4.0
2022,Urbana,drivers_victims,25–44,F,Bicicleta,1.0,20.0,539.0,,560.0
2022,Urbana,drivers_victims,25–44,F,Ciclomotor,1.0,16.0,415.0,,432.0
2022,Urbana,drivers_victims,25–44,F,Desconocido,0.0,2.0,9.0,,11.0
2022,Urbana,drivers_victims,25–44,F,Furgoneta,0.0,3.0,91.0,,94.0
2022,Urbana,drivers_victims,25–44,F,Motocicleta,6.0,77.0,1915.0,,1998.0
2022,Urbana,drivers_victims,25–44,F,Otros,0.0,5.0,273.0,,278.0
2022,Urbana,drivers_victims,25–44,F,Total,10.0,193.0,7542.0,,7745.0
2022,Urbana,drivers_victims,25–44,F,Turismo,2.0,26.0,3581.0,,3609.0
2022,Urbana,drivers_victims,25–44,F,VMP,0.0,43.0,706.0,,749.0
2022,Urbana,drivers_victims,25–44,F,Vehículo pesado,0.0,1.0,9.0,,10.0
2022,Urbana,drivers_victims,25–44,M,Autobús,0.0,0.0,37.0,,37.0
2022,Urbana,drivers_victims,25–44,M,Bicicleta,3.0,77.0,1162.0,,1242.0
2022,Urbana,drivers_victims,25–44,M,Ciclomotor,3.0,60.0,935.0,,998.0
2022,Urbana,drivers_victims,25–44,M,Desconocido,0.0,0.0,14.0,,14.0
2022,Urbana,drivers_victims,25–44,M,Furgoneta,0.0,6.0,433.0,,439.0
2022,Urbana,drivers_victims,25–44,M,Motocicleta,55.0,543.0,7113.0,,7711.0
2022,Urbana,drivers_victims,25–44,M,Otros,4.0,17.0,441.0,,462.0
2022,Urbana,drivers_victims,25–44,M,Total,79.0,841.0,14818.0,,15738.0
2022,Urbana,drivers_victims,25–44,M,Turismo,10.0,67.0,3676.0,,3753.0
2022,Urbana,drivers_victims,25–44,M,VMP,3.0,69.0,902.0,,974.0
2022,Urbana,drivers_victims,25–44,M,Vehículo pesado,1.0,2.0,105.0,,108.0
2022,Urbana,drivers_victims,25–44,UNK,Autobús,0.0,0.0,0.0,,0.0
2022,Urbana,drivers_victims,25–44,UNK,Bicicleta,0.0,1.0,12.0,,13.0
2022,Urbana,drivers_victims,25–44,UNK,Ciclomotor,0.0,1.0,1.0,,2.0
2022,Urbana,drivers_victims,25–44,UNK,Desconocido,0.0,0.0,1.0,,1.0
2022,Urbana,drivers_victims,25–44,UNK,Furgoneta,0.0,0.0,2.0,,2.0
2022,Urbana,drivers_victims,25–44,UNK,Motocicleta,0.0,0.0,12.0,,12.0
2022,Urbana,drivers_victims,25–44,UNK,Otros,0.0,1.0,4.0,,5.0
2022,Urbana,drivers_victims,25–44,UNK,Total,0.0,3.0,53.0,,56.0
2022,Urbana,drivers_victims,25–44,UNK,Turismo,0.0,0.0,9.0,,9.0
2022,Urbana,drivers_victims,25–44,UNK,VMP,0.0,0.0,10.0,,10.0
2022,Urbana,drivers_victims,25–44,UNK,Vehículo pesado,0.0,0.0,2.0,,2.0
2022,Urbana,drivers_victims,45–64,F,Autobús,0.0,0.0,4.0,,4.0
2022,Urbana,drivers_victims,45–64,F,Bicicleta,0.0,27.0,329.0,,356.0
2022,Urbana,drivers_victims,45–64,F,Ciclomotor,1.0,17.0,321.0,,339.0
2022,Urbana,drivers_victims,45–64,F,Desconocido,0.0,1.0,3.0,,4.0
2022,Urbana,drivers_victims,45–64,F,Furgoneta,1.0,0.0,58.0,,59.0
2022,Urbana,drivers_victims,45–64,F,Motocicleta,1.0,43.0,944.0,,988.0
2022,Urbana,drivers_victims,45–64,F,Otros,0.0,4.0,94.0,,98.0
2022,Urbana,drivers_victims,45–64,F,Total,6.0,144.0,4364.0,,4514.0
2022,Urbana,drivers_victims,45–64,F,Turismo,2.0,31.0,2371.0,,2404.0
2022,Urbana,drivers_victims,45–64,F,VMP,1.0,21.0,234.0,,256.0
2022,Urbana,drivers_victims,45–64,F,Vehículo pesado,0.0,0.0,6.0,,6.0
2022,Urbana,drivers_victims,45–64,M,Autobús,0.0,0.0,58.0,,58.0
2022,Urbana,drivers_victims,45–64,M,Bicicleta,8.0,130.0,1179.0,,1317.0
2022,Urbana,drivers_victims,45–64,M,Ciclomotor,4.0,76.0,502.0,,582.0
2022,Urbana,drivers_victims,45–64,M,Desconocido,0.0,2.0,18.0,,20.0
2022,Urbana,drivers_victims,45–64,M,Furgoneta,2.0,8.0,338.0,,348.0
2022,Urbana,drivers_victims,45–64,M,Motocicleta,37.0,513.0,4723.0,,5273.0
2022,Urbana,drivers_victims,45–64,M,Otros,2.0,20.0,200.0,,222.0
2022,Urbana,drivers_victims,45–64,M,Total,64.0,866.0,10166.0,,11096.0
2022,Urbana,drivers_victims,45–64,M,Turismo,9.0,62.0,2741.0,,2812.0
2022,Urbana,drivers_victims,45–64,M,VMP,1.0,46.0,316.0,,363.0
2022,Urbana,drivers_victims,45–64,M,Vehículo pesado,1.0,9.0,91.0,,101.0
2022,Urbana,drivers_victims,45–64,UNK,Autobús,0.0,0.0,0.0,,0.0
2022,Urbana,drivers_victims,45–64,UNK,Bicicleta,0.0,2.0,3.0,,5.0
2022,Urbana,drivers_victims,45–64,UNK,Ciclomotor,0.0,0.0,1.0,,1.0
2022,Urbana,drivers_victims,45–64,UNK,Desconocido,0.0,0.0,1.0,,1.0
2022,Urbana,drivers_victims,45–64,UNK,Furgoneta,0.0,0.0,1.0,,1.0
2022,Urbana,drivers_victims,45–64,UNK,Motocicleta,0.0,0.0,5.0,,5.0
2022,Urbana,drivers_victims,45–64,UNK,Otros,0.0,0.0,3.0,,3.0
2022,Urbana,drivers_victims,45–64,UNK,Total,0.0,2.0,31.0,,33.0
2022,Urbana,drivers_victims,45–64,UNK,Turismo,0.0,0.0,13.0,,13.0
2022,Urbana,drivers_victims,45–64,UNK,VMP,0.0,0.0,3.0,,3.0
2022,Urbana,drivers_victims,45–64,UNK,Vehículo pesado,0.0,0.0,1.0,,1.0
2022,Urbana,drivers_victims,65+,F,Autobús,0.0,0.0,2.0,,2.0
2022,Urbana,drivers_victims,65+,F,Bicicleta,0.0,7.0,45.0,,52.0
2022,Urbana,drivers_victims,65+,F,Ciclomotor,0.0,4.0,15.0,,19.0
2022,Urbana,drivers_victims,65+,F,Desconocido,0.0,0.0,0.0,,0.0
2022,Urbana,drivers_victims,65+,F,Furgoneta,0.0,0.0,11.0,,11.0
2022,Urbana,drivers_victims,65+,F,Motocicleta,0.0,2.0,25.0,,27.0
2022,Urbana,drivers_victims,65+,F,Otros,0.0,1.0,7.0,,8.0
2022,Urbana,drivers_victims,65+,F,Total,1.0,36.0,513.0,,550.0
2022,Urbana,drivers_victims,65+,F,Turismo,1.0,22.0,405.0,,428.0
2022,Urbana,drivers_victims,65+,F,VMP,0.0,0.0,3.0,,3.0
2022,Urbana,drivers_victims,65+,F,Vehículo pesado,0.0,0.0,0.0,,0.0
2022,Urbana,drivers_victims,65+,M,Autobús,0.0,0.0,0.0,,0.0
2022,Urbana,drivers_victims,65+,M,Bicicleta,8.0,48.0,324.0,,380.0
2022,Urbana,drivers_victims,65+,M,Ciclomotor,2.0,14.0,135.0,,151.0
2022,Urbana,drivers_victims,65+,M,Desconocido,0.0,0.0,1.0,,1.0
2022,Urbana,drivers_victims,65+,M,Furgoneta,1.0,2.0,55.0,,58.0
2022,Urbana,drivers_victims,65+,M,Motocicleta,5.0,48.0,575.0,,628.0
2022,Urbana,drivers_victims,65+,M,Otros,4.0,4.0,33.0,,41.0
2022,Urbana,drivers_victims,65+,M,Total,34.0,157.0,1952.0,,2143.0
2022,Urbana,drivers_victims,65+,M,Turismo,12.0,39.0,808.0,,859.0
2022,Urbana,drivers_victims,65+,M,VMP,0.0,1.0,17.0,,18.0
2022,Urbana,drivers_victims,65+,M,Vehículo pesado,2.0,1.0,4.0,,7.0
2022,Urbana,drivers_victims,65+,UNK,Autobús,0.0,0.0,0.0,,0.0
2022,Urbana,drivers_victims,65+,UNK,Bicicleta,0.0,1.0,4.0,,5.0
2022,Urbana,drivers_victims,65+,UNK,Ciclomotor,0.0,0.0,2.0,,2.0
2022,Urbana,drivers_victims,65+,UNK,Desconocido,0.0,0.0,0.0,,0.0
2022,Urbana,drivers_victims,65+,UNK,Furgoneta,0.0,0.0,0.0,,0.0
2022,Urbana,drivers_victims,65+,UNK,Motocicleta,0.0,1.0,2.0,,3.0
2022,Urbana,drivers_victims,65+,UNK,Otros,0.0,0.0,0.0,,0.0
2022,Urbana,drivers_victims,65+,UNK,Total,0.0,2.0,9.0,,11.0
2022,Urbana,drivers_victims,65+,UNK,Turismo,0.0,0.0,0.0,,0.0
2022,Urbana,drivers_victims,65+,UNK,VMP,0.0,0.0,0.0,,0.0
2022,Urbana,drivers_victims,65+,UNK,Vehículo pesado,0.0,0.0,1.0,,1.0
2022,Urbana,drivers_victims,Desconocida,F,Autobús,0.0,0.0,0.0,,0.0
2022,Urbana,drivers_victims,Desconocida,F,Bicicleta,0.0,7.0,100.0,,107.0
2022,Urbana,drivers_victims,Desconocida,F,Ciclomotor,0.0,1.0,20.0,,21.0
2022,Urbana,drivers_victims,Desconocida,F,Desconocido,0.0,0.0,4.0,,4.0
2022,Urbana,drivers_victims,Desconocida,F,Furgoneta,0.0,1.0,1.0,,2.0
2022,Urbana,drivers_victims,Desconocida,F,Motocicleta,0.0,2.0,43.0,,45.0
2022,Urbana,drivers_victims,Desconocida,F,Otros,0.0,0.0,27.0,,27.0
2022,Urbana,drivers_victims,Desconocida,F,Total,0.0,21.0,496.0,,517.0
2022,Urbana,drivers_victims,Desconocida,F,Turismo,0.0,0.0,155.0,,155.0
2022,Urbana,drivers_victims,Desconocida,F,VMP,0.0,10.0,145.0,,155.0
2022,Urbana,drivers_victims,Desconocida,F,Vehículo pesado,0.0,0.0,1.0,,1.0
2022,Urbana,drivers_victims,Desconocida,M,Autobús,0.0,0.0,2.0,,2.0
2022,Urbana,drivers_victims,Desconocida,M,Bicicleta,0.0,15.0,218.0,,233.0
2022,Urbana,drivers_victims,Desconocida,M,Ciclomotor,0.0,1.0,62.0,,63.0
2022,Urbana,drivers_victims,Desconocida,M,Desconocido,0.0,1.0,2.0,,3.0
2022,Urbana,drivers_victims,Desconocida,M,Furgoneta,0.0,2.0,10.0,,12.0
2022,Urbana,drivers_victims,Desconocida,M,Motocicleta,1.0,13.0,218.0,,232.0
2022,Urbana,drivers_victims,Desconocida,M,Otros,0.0,3.0,49.0,,52.0
2022,Urbana,drivers_victims,Desconocida,M,Total,1.0,50.0,934.0,,985.0
2022,Urbana,drivers_victims,Desconocida,M,Turismo,0.0,4.0,203.0,,207.0
2022,Urbana,drivers_victims,Desconocida,M,VMP,0.0,11.0,168.0,,179.0
2022,Urbana,drivers_victims,Desconocida,M,Vehículo pesado,0.0,0.0,2.0,,2.0
2022,Urbana,drivers_victims,Desconocida,UNK,Autobús,0.0,0.0,0.0,,0.0
2022,Urbana,drivers_victims,Desconocida,UNK,Bicicleta,0.0,0.0,13.0,,13.0
2022,Urbana,drivers_victims,Desconocida,UNK,Ciclomotor,0.0,0.0,0.0,,0.0
2022,Urbana,drivers_victims,Desconocida,UNK,Desconocido,0.0,0.0,22.0,,22.0
2022,Urbana,drivers_victims,Desconocida,UNK,Furgoneta,0.0,0.0,0.0,,0.0
2022,Urbana,drivers_victims,Desconocida,UNK,Motocicleta,0.0,0.0,8.0,,8.0
2022,Urbana,drivers_victims,Desconocida,UNK,Otros,0.0,0.0,2.0,,2.0
2022,Urbana,drivers_victims,Desconocida,UNK,Total,0.0,1.0,75.0,,76.0
2022,Urbana,drivers_victims,Desconocida,UNK,Turismo,0.0,1.0,20.0,,21.0
2022,Urbana,drivers_victims,Desconocida,UNK,VMP,0.0,0.0,8.0,,8.0
2022,Urbana,drivers_victims,Desconocida,UNK,Vehículo pesado,0.0,0.0,2.0,,2.0
2023,Interurbana,all_victims,0–17,F,Autobús,0.0,1.0,9.0,,10.0
2023,Interurbana,all_victims,0–17,F,Bicicleta,1.0,4.0,16.0,,21.0
2023,Interurbana,all_victims,0–17,F,Ciclomotor,0.0,3.0,38.0,,41.0
2023,Interurbana,all_victims,0–17,F,Desconocido,0.0,0.0,0.0,,0.0
2023,Interurbana,all_victims,0–17,F,Furgoneta,0.0,1.0,28.0,,29.0
2023,Interurbana,all_victims,0–17,F,Motocicleta,2.0,1.0,58.0,,61.0
2023,Interurbana,all_victims,0–17,F,Otros,0.0,0.0,5.0,,5.0
2023,Interurbana,all_victims,0–17,F,Peatón,0.0,5.0,34.0,,39.0
2023,Interurbana,all_victims,0–17,F,Total,14.0,59.0,1376.0,,1449.0
2023,Interurbana,all_victims,0–17,F,Turismo,11.0,43.0,1182.0,,1236.0
2023,Interurbana,all_victims,0–17,F,VMP,0.0,0.0,3.0,,3.0
2023,Interurbana,all_victims,0–17,F,Vehículo pesado,0.0,1.0,3.0,,4.0
2023,Interurbana,all_victims,0–17,M,Autobús,0.0,1.0,20.0,,21.0
2023,Interurbana,all_victims,0–17,M,Bicicleta,2.0,10.0,83.0,,95.0
2023,Interurbana,all_victims,0–17,M,Ciclomotor,0.0,21.0,154.0,,175.0
2023,Interurbana,all_victims,0–17,M,Desconocido,0.0,0.0,1.0,,1.0
2023,Interurbana,all_victims,0–17,M,Furgoneta,1.0,2.0,37.0,,40.0
2023,Interurbana,all_victims,0–17,M,Motocicleta,4.0,23.0,153.0,,180.0
2023,Interurbana,all_victims,0–17,M,Otros,1.0,3.0,16.0,,20.0
2023,Interurbana,all_victims,0–17,M,Peatón,0.0,10.0,28.0,,38.0
2023,Interurbana,all_victims,0–17,M,Total,27.0,120.0,1658.0,,1805.0
2023,Interurbana,all_victims,0–17,M,Turismo,19.0,48.0,1150.0,,1217.0
2023,Interurbana,all_victims,0–17,M,VMP,0.0,1.0,11.0,,12.0
2023,Interurbana,all_victims,0–17,M,Vehículo pesado,0.0,1.0,5.0,,6.0
2023,Interurbana,all_victims,0–17,UNK,Autobús,0.0,0.0,0.0,,0.0
2023,Interurbana,all_victims,0–17,UNK,Bicicleta,0.0,0.0,0.0,,0.0
2023,Interurbana,all_victims,0–17,UNK,Ciclomotor,0.0,0.0,0.0,,0.0
2023,Interurbana,all_victims,0–17,UNK,Desconocido,0.0,0.0,0.0,,0.0
2023,Interurbana,all_victims,0–17,UNK,Furgoneta,0.0,0.0,0.0,,0.0
2023,Interurbana,all_victims,0–17,UNK,Motocicleta,0.0,0.0,0.0,,0.0
2023,Interurbana,all_victims,0–17,UNK,Otros,0.0,0.0,0.0,,0.0
2023,Interurbana,all_victims,0–17,UNK,Peatón,0.0,0.0,0.0,,0.0
2023,Interurbana,all_victims,0–17,UNK,Total,0.0,0.0,2.0,,2.0
2023,Interurbana,all_victims,0–17,UNK,Turismo,0.0,0.0,2.0,,2.0
2023,Interurbana,all_victims,0–17,UNK,VMP,0.0,0.0,0.0,,0.0
2023,Interurbana,all_victims,0–17,UNK,Vehículo pesado,0.0,0.0,0.0,,0.0
2023,Interurbana,all_victims,18–24,F,Autobús,0.0,1.0,19.0,,20.0
2023,Interurbana,all_victims,18–24,F,Bicicleta,1.0,2.0,25.0,,28.0
2023,Interurbana,all_victims,18–24,F,Ciclomotor,1.0,3.0,37.0,,41.0
2023,Interurbana,all_victims,18–24,F,Desconocido,0.0,0.0,1.0,,1.0
2023,Interurbana,all_victims,18–24,F,Furgoneta,2.0,3.0,50.0,,55.0
2023,Interurbana,all_victims,18–24,F,Motocicleta,3.0,27.0,186.0,,216.0
2023,Interurbana,all_victims,18–24,F,Otros,1.0,2.0,4.0,,7.0
2023,Interurbana,all_victims,18–24,F,Peatón,2.0,5.0,14.0,,21.0
2023,Interurbana,all_victims,18–24,F,Total,32.0,151.0,2709.0,,2892.0
2023,Interurbana,all_victims,18–24,F,Turismo,22.0,107.0,2353.0,,2482.0
2023,Interurbana,all_victims,18–24,F,VMP,0.0,0.0,15.0,,15.0
2023,Interurbana,all_victims,18–24,F,Vehículo pesado,0.0,1.0,5.0,,6.0
2023,Interurbana,all_victims,18–24,M,Autobús,1.0,0.0,9.0,,10.0
2023,Interurbana,all_victims,18–24,M,Bicicleta,4.0,12.0,98.0,,114.0
2023,Interurbana,all_victims,18–24,M,Ciclomotor,0.0,14.0,92.0,,106.0
2023,Interurbana,all_victims,18–24,M,Desconocido,0.0,0.0,2.0,,2.0
2023,Interurbana,all_victims,18–24,M,Furgoneta,3.0,8.0,180.0,,191.0
2023,Interurbana,all_victims,18–24,M,Motocicleta,24.0,111.0,685.0,,820.0
2023,Interurbana,all_victims,18–24,M,Otros,0.0,5.0,14.0,,19.0
2023,Interurbana,all_victims,18–24,M,Peatón,5.0,7.0,31.0,,43.0
2023,Interurbana,all_victims,18–24,M,Total,98.0,349.0,3918.0,,4365.0
2023,Interurbana,all_victims,18–24,M,Turismo,59.0,187.0,2725.0,,2971.0
2023,Interurbana,all_victims,18–24,M,VMP,0.0,2.0,31.0,,33.0
2023,Interurbana,all_victims,18–24,M,Vehículo pesado,2.0,3.0,51.0,,56.0
2023,Interurbana,all_victims,18–24,UNK,Autobús,0.0,0.0,0.0,,0.0
2023,Interurbana,all_victims,18–24,UNK,Bicicleta,0.0,0.0,1.0,,1.0
2023,Interurbana,all_victims,18–24,UNK,Ciclomotor,0.0,0.0,0.0,,0.0
2023,Interurbana,all_victims,18–24,UNK,Desconocido,0.0,0.0,0.0,,0.0
2023,Interurbana,all_victims,18–24,UNK,Furgoneta,0.0,0.0,0.0,,0.0
2023,Interurbana,all_victims,18–24,UNK,Motocicleta,0.0,0.0,1.0,,1.0
2023,Interurbana,all_victims,18–24,UNK,Otros,0.0,0.0,0.0,,0.0
2023,Interurbana,all_victims,18–24,UNK,Peatón,0.0,0.0,0.0,,0.0
2023,Interurbana,all_victims,18–24,UNK,Total,0.0,0.0,5.0,,5.0
2023,Interurbana,all_victims,18–24,UNK,Turismo,0.0,0.0,3.0,,3.0
2023,Interurbana,all_victims,18–24,UNK,VMP,0.0,0.0,0.0,,0.0
2023,Interurbana,all_victims,18–24,UNK,Vehículo pesado,0.0,0.0,0.0,,0.0
2023,Interurbana,all_victims,25–44,F,Autobús,1.0,9.0,67.0,,77.0
2023,Interurbana,all_victims,25–44,F,Bicicleta,1.0,15.0,79.0,,95.0
2023,Interurbana,all_victims,25–44,F,Ciclomotor,0.0,6.0,43.0,,49.0
2023,Interurbana,all_victims,25–44,F,Desconocido,0.0,0.0,3.0,,3.0
2023,Interurbana,all_victims,25–44,F,Furgoneta,1.0,6.0,191.0,,198.0
2023,Interurbana,all_victims,25–44,F,Motocicleta,8.0,69.0,523.0,,600.0
2023,Interurbana,all_victims,25–44,F,Otros,1.0,4.0,16.0,,21.0
2023,Interurbana,all_victims,25–44,F,Peatón,8.0,12.0,43.0,,63.0
2023,Interurbana,all_victims,25–44,F,Total,78.0,359.0,7179.0,,7616.0
2023,Interurbana,all_victims,25–44,F,Turismo,57.0,235.0,6164.0,,6456.0
2023,Interurbana,all_victims,25–44,F,VMP,0.0,2.0,17.0,,19.0
2023,Interurbana,all_victims,25–44,F,Vehículo pesado,1.0,1.0,33.0,,35.0
2023,Interurbana,all_victims,25–44,M,Autobús,0.0,4.0,37.0,,41.0
2023,Interurbana,all_victims,25–44,M,Bicicleta,4.0,73.0,497.0,,574.0
2023,Interurbana,all_victims,25–44,M,Ciclomotor,1.0,19.0,87.0,,107.0
2023,Interurbana,all_victims,25–44,M,Desconocido,0.0,0.0,4.0,,4.0
2023,Interurbana,all_victims,25–44,M,Furgoneta,12.0,41.0,810.0,,863.0
2023,Interurbana,all_victims,25–44,M,Motocicleta,95.0,421.0,2210.0,,2726.0
2023,Interurbana,all_victims,25–44,M,Otros,4.0,12.0,58.0,,74.0
2023,Interurbana,all_victims,25–44,M,Peatón,35.0,22.0,95.0,,152.0
2023,Interurbana,all_victims,25–44,M,Total,284.0,1037.0,10494.0,,11815.0
2023,Interurbana,all_victims,25–44,M,Turismo,124.0,402.0,6220.0,,6746.0
2023,Interurbana,all_victims,25–44,M,VMP,0.0,6.0,52.0,,58.0
2023,Interurbana,all_victims,25–44,M,Vehículo pesado,9.0,37.0,424.0,,470.0
2023,Interurbana,all_victims,25–44,UNK,Autobús,0.0,0.0,0.0,,0.0
2023,Interurbana,all_victims,25–44,UNK,Bicicleta,0.0,0.0,0.0,,0.0
2023,Interurbana,all_victims,25–44,UNK,Ciclomotor,0.0,0.0,0.0,,0.0
2023,Interurbana,all_victims,25–44,UNK,Desconocido,0.0,0.0,0.0,,0.0
2023,Interurbana,all_victims,25–44,UNK,Furgoneta,0.0,0.0,0.0,,0.0
2023,Interurbana,all_victims,25–44,UNK,Motocicleta,0.0,0.0,1.0,,1.0
2023,Interurbana,all_victims,25–44,UNK,Otros,0.0,0.0,0.0,,0.0
2023,Interurbana,all_victims,25–44,UNK,Peatón,0.0,0.0,0.0,,0.0
2023,Interurbana,all_victims,25–44,UNK,Total,0.0,0.0,1.0,,1.0
2023,Interurbana,all_victims,25–44,UNK,Turismo,0.0,0.0,0.0,,0.0
2023,Interurbana,all_victims,25–44,UNK,VMP,0.0,0.0,0.0,,0.0
2023,Interurbana,all_victims,25–44,UNK,Vehículo pesado,0.0,0.0,0.0,,0.0
2023,Interurbana,all_victims,45–64,F,Autobús,0.0,4.0,61.0,,65.0
2023,Interurbana,all_victims,45–64,F,Bicicleta,3.0,22.0,95.0,,120.0
2023,Interurbana,all_victims,45–64,F,Ciclomotor,0.0,8.0,34.0,,42.0
2023,Interurbana,all_victims,45–64,F,Desconocido,0.0,1.0,1.0,,2.0
2023,Interurbana,all_victims,45–64,F,Furgoneta,2.0,7.0,167.0,,176.0
2023,Interurbana,all_victims,45–64,F,Motocicleta,6.0,67.0,378.0,,451.0
2023,Interurbana,all_victims,45–64,F,Otros,2.0,4.0,31.0,,37.0
2023,Interurbana,all_victims,45–64,F,Peatón,9.0,14.0,51.0,,74.0
2023,Interurbana,all_victims,45–64,F,Total,74.0,350.0,5596.0,,6020.0
2023,Interurbana,all_victims,45–64,F,Turismo,50.0,219.0,4748.0,,5017.0
2023,Interurbana,all_victims,45–64,F,VMP,0.0,1.0,6.0,,7.0
2023,Interurbana,all_victims,45–64,F,Vehículo pesado,2.0,3.0,24.0,,29.0
2023,Interurbana,all_victims,45–64,M,Autobús,0.0,4.0,40.0,,44.0
2023,Interurbana,all_victims,45–64,M,Bicicleta,25.0,152.0,877.0,,1054.0
2023,Interurbana,all_victims,45–64,M,Ciclomotor,8.0,17.0,99.0,,124.0
2023,Interurbana,all_victims,45–64,M,Desconocido,1.0,1.0,9.0,,11.0
2023,Interurbana,all_victims,45–64,M,Furgoneta,15.0,40.0,670.0,,725.0
2023,Interurbana,all_victims,45–64,M,Motocicleta,140.0,576.0,2046.0,,2762.0
2023,Interurbana,all_victims,45–64,M,Otros,11.0,17.0,67.0,,95.0
2023,Interurbana,all_victims,45–64,M,Peatón,36.0,46.0,89.0,,171.0
2023,Interurbana,all_victims,45–64,M,Total,408.0,1278.0,9190.0,,10876.0
2023,Interurbana,all_victims,45–64,M,Turismo,138.0,357.0,4694.0,,5189.0
2023,Interurbana,all_victims,45–64,M,VMP,2.0,1.0,15.0,,18.0
2023,Interurbana,all_victims,45–64,M,Vehículo pesado,32.0,67.0,584.0,,683.0
2023,Interurbana,all_victims,45–64,UNK,Autobús,0.0,0.0,1.0,,1.0
2023,Interurbana,all_victims,45–64,UNK,Bicicleta,0.0,0.0,0.0,,0.0
2023,Interurbana,all_victims,45–64,UNK,Ciclomotor,0.0,0.0,0.0,,0.0
2023,Interurbana,all_victims,45–64,UNK,Desconocido,0.0,0.0,0.0,,0.0
2023,Interurbana,all_victims,45–64,UNK,Furgoneta,0.0,0.0,0.0,,0.0
2023,Interurbana,all_victims,45–64,UNK,Motocicleta,0.0,0.0,0.0,,0.0
2023,Interurbana,all_victims,45–64,UNK,Otros,0.0,0.0,0.0,,0.0
2023,Interurbana,all_victims,45–64,UNK,Peatón,0.0,0.0,0.0,,0.0
2023,Interurbana,all_victims,45–64,UNK,Total,0.0,0.0,6.0,,6.0
2023,Interurbana,all_victims,45–64,UNK,Turismo,0.0,0.0,4.0,,4.0
2023,Interurbana,all_victims,45–64,UNK,VMP,0.0,0.0,0.0,,0.0
2023,Interurbana,all_victims,45–64,UNK,Vehículo pesado,0.0,0.0,1.0,,1.0
2023,Interurbana,all_victims,65+,F,Autobús,0.0,0.0,16.0,,16.0
2023,Interurbana,all_victims,65+,F,Bicicleta,0.0,1.0,15.0,,16.0
2023,Interurbana,all_victims,65+,F,Ciclomotor,0.0,1.0,8.0,,9.0
2023,Interurbana,all_victims,65+,F,Desconocido,0.0,0.0,0.0,,0.0
2023,Interurbana,all_victims,65+,F,Furgoneta,2.0,6.0,31.0,,39.0
2023,Interurbana,all_victims,65+,F,Motocicleta,2.0,6.0,19.0,,27.0
2023,Interurbana,all_victims,65+,F,Otros,0.0,3.0,8.0,,11.0
2023,Interurbana,all_victims,65+,F,Peatón,13.0,24.0,60.0,,97.0
2023,Interurbana,all_victims,65+,F,Total,67.0,188.0,1868.0,,2123.0
2023,Interurbana,all_victims,65+,F,Turismo,50.0,147.0,1705.0,,1902.0
2023,Interurbana,all_victims,65+,F,VMP,0.0,0.0,1.0,,1.0
2023,Interurbana,all_victims,65+,F,Vehículo pesado,0.0,0.0,5.0,,5.0
2023,Interurbana,all_victims,65+,M,Autobús,0.0,0.0,6.0,,6.0
2023,Interurbana,all_victims,65+,M,Bicicleta,19.0,56.0,300.0,,375.0
2023,Interurbana,all_victims,65+,M,Ciclomotor,3.0,15.0,53.0,,71.0
2023,Interurbana,all_victims,65+,M,Desconocido,0.0,0.0,5.0,,5.0
2023,Interurbana,all_victims,65+,M,Furgoneta,10.0,14.0,104.0,,128.0
2023,Interurbana,all_victims,65+,M,Motocicleta,32.0,81.0,313.0,,426.0
2023,Interurbana,all_victims,65+,M,Otros,14.0,16.0,37.0,,67.0
2023,Interurbana,all_victims,65+,M,Peatón,18.0,25.0,77.0,,120.0
2023,Interurbana,all_victims,65+,M,Total,195.0,431.0,3093.0,,3719.0
2023,Interurbana,all_victims,65+,M,Turismo,97.0,222.0,2159.0,,2478.0
2023,Interurbana,all_victims,65+,M,VMP,0.0,1.0,2.0,,3.0
2023,Interurbana,all_victims,65+,M,Vehículo pesado,2.0,1.0,37.0,,40.0
2023,Interurbana,all_victims,65+,UNK,Autobús,0.0,0.0,1.0,,1.0
2023,Interurbana,all_victims,65+,UNK,Bicicleta,0.0,0.0,0.0,,0.0
2023,Interurbana,all_victims,65+,UNK,Ciclomotor,0.0,0.0,0.0,,0.0
2023,Interurbana,all_victims,65+,UNK,Desconocido,0.0,0.0,0.0,,0.0
2023,Interurbana,all_victims,65+,UNK,Furgoneta,0.0,0.0,0.0,,0.0
2023,Interurbana,all_victims,65+,UNK,Motocicleta,0.0,0.0,0.0,,0.0
2023,Interurbana,all_victims,65+,UNK,Otros,0.0,0.0,0.0,,0.0
2023,Interurbana,all_victims,65+,UNK,Peatón,0.0,0.0,0.0,,0.0
2023,Interurbana,all_victims,65+,UNK,Total,0.0,0.0,5.0,,5.0
2023,Interurbana,all_victims,65+,UNK,Turismo,0.0,0.0,4.0,,4.0
2023,Interurbana,all_victims,65+,UNK,VMP,0.0,0.0,0.0,,0.0
2023,Interurbana,all_victims,65+,UNK,Vehículo pesado,0.0,0.0,0.0,,0.0
2023,Interurbana,all_victims,Desconocida,F,Autobús,0.0,0.0,6.0,,6.0
2023,Interurbana,all_victims,Desconocida,F,Bicicleta,0.0,0.0,9.0,,9.0
2023,Interurbana,all_victims,Desconocida,F,Ciclomotor,0.0,0.0,1.0,,1.0
2023,Interurbana,all_victims,Desconocida,F,Desconocido,0.0,0.0,0.0,,0.0
2023,Interurbana,all_victims,Desconocida,F,Furgoneta,0.0,0.0,6.0,,6.0
2023,Interurbana,all_victims,Desconocida,F,Motocicleta,0.0,2.0,11.0,,13.0
2023,Interurbana,all_victims,Desconocida,F,Otros,0.0,0.0,1.0,,1.0
2023,Interurbana,all_victims,Desconocida,F,Peatón,1.0,3.0,3.0,,7.0
2023,Interurbana,all_victims,Desconocida,F,Total,3.0,10.0,307.0,,320.0
2023,Interurbana,all_victims,Desconocida,F,Turismo,2.0,5.0,264.0,,271.0
2023,Interurbana,all_victims,Desconocida,F,VMP,0.0,0.0,2.0,,2.0
2023,Interurbana,all_victims,Desconocida,F,Vehículo pesado,0.0,0.0,4.0,,4.0
2023,Interurbana,all_victims,Desconocida,M,Autobús,0.0,0.0,3.0,,3.0
2023,Interurbana,all_victims,Desconocida,M,Bicicleta,1.0,3.0,18.0,,22.0
2023,Interurbana,all_victims,Desconocida,M,Ciclomotor,0.0,0.0,2.0,,2.0
2023,Interurbana,all_victims,Desconocida,M,Desconocido,0.0,0.0,1.0,,1.0
2023,Interurbana,all_victims,Desconocida,M,Furgoneta,0.0,2.0,19.0,,21.0
2023,Interurbana,all_victims,Desconocida,M,Motocicleta,1.0,1.0,27.0,,29.0
2023,Interurbana,all_victims,Desconocida,M,Otros,0.0,1.0,2.0,,3.0
2023,Interurbana,all_victims,Desconocida,M,Peatón,3.0,0.0,7.0,,10.0
2023,Interurbana,all_victims,Desconocida,M,Total,8.0,12.0,320.0,,340.0
2023,Interurbana,all_victims,Desconocida,M,Turismo,3.0,5.0,229.0,,237.0
2023,Interurbana,all_victims,Desconocida,M,VMP,0.0,0.0,2.0,,2.0
2023,Interurbana,all_victims,Desconocida,M,Vehículo pesado,0.0,0.0,10.0,,10.0
2023,Interurbana,all_victims,Desconocida,UNK,Autobús,0.0,0.0,0.0,,0.0
2023,Interurbana,all_victims,Desconocida,UNK,Bicicleta,0.0,0.0,1.0,,1.0
2023,Interurbana,all_victims,Desconocida,UNK,Ciclomotor,0.0,0.0,0.0,,0.0
2023,Interurbana,all_victims,Desconocida,UNK,Desconocido,0.0,0.0,0.0,,0.0
2023,Interurbana,all_victims,Desconocida,UNK,Furgoneta,0.0,0.0,0.0,,0.0
2023,Interurbana,all_victims,Desconocida,UNK,Motocicleta,0.0,0.0,0.0,,0.0
2023,Interurbana,all_victims,Desconocida,UNK,Otros,0.0,0.0,0.0,,0.0
2023,Interurbana,all_victims,Desconocida,UNK,Peatón,0.0,0.0,0.0,,0.0
2023,Interurbana,all_victims,Desconocida,UNK,Total,0.0,1.0,19.0,,20.0
2023,Interurbana,all_victims,Desconocida,UNK,Turismo,0.0,1.0,18.0,,19.0
2023,Interurbana,all_victims,Desconocida,UNK,VMP,0.0,0.0,0.0,,0.0
2023,Interurbana,all_victims,Desconocida,UNK,Vehículo pesado,0.0,0.0,0.0,,0.0
2023,Interurbana,drivers_involved,0–17,F,Autobús,,,,0.0,
2023,Interurbana,drivers_involved,0–17,F,Bicicleta,,,,19.0,
2023,Interurbana,drivers_involved,0–17,F,Ciclomotor,,,,22.0,
2023,Interurbana,drivers_involved,0–17,F,Desconocido,,,,0.0,
2023,Interurbana,drivers_involved,0–17,F,Furgoneta,,,,0.0,
2023,Interurbana,drivers_involved,0–17,F,Motocicleta,,,,19.0,
2023,Interurbana,drivers_involved,0–17,F,Otros,,,,1.0,
2023,Interurbana,drivers_involved,0–17,F,Peatón,,,,0.0,
2023,Interurbana,drivers_involved,0–17,F,Total,,,,68.0,
2023,Interurbana,drivers_involved,0–17,F,Turismo,,,,4.0,
2023,Interurbana,drivers_involved,0–17,F,VMP,,,,3.0,
2023,Interurbana,drivers_involved,0–17,F,Vehículo pesado,,,,0.0,
2023,Interurbana,drivers_involved,0–17,M,Autobús,,,,0.0,
2023,Interurbana,drivers_involved,0–17,M,Bicicleta,,,,102.0,
2023,Interurbana,drivers_involved,0–17,M,Ciclomotor,,,,153.0,
2023,Interurbana,drivers_involved,0–17,M,Desconocido,,,,1.0,
2023,Interurbana,drivers_involved,0–17,M,Furgoneta,,,,1.0,
2023,Interurbana,drivers_involved,0–17,M,Motocicleta,,,,144.0,
2023,Interurbana,drivers_involved,0–17,M,Otros,,,,8.0,
2023,Interurbana,drivers_involved,0–17,M,Peatón,,,,0.0,
2023,Interurbana,drivers_involved,0–17,M,Total,,,,450.0,
2023,Interurbana,drivers_involved,0–17,M,Turismo,,,,29.0,
2023,Interurbana,drivers_involved,0–17,M,VMP,,,,12.0,
2023,Interurbana,drivers_involved,0–17,M,Vehículo pesado,,,,0.0,
2023,Interurbana,drivers_involved,0–17,UNK,Autobús,,,,0.0,
2023,Interurbana,drivers_involved,0–17,UNK,Bicicleta,,,,0.0,
2023,Interurbana,drivers_involved,0–17,UNK,Ciclomotor,,,,0.0,
2023,Interurbana,drivers_involved,0–17,UNK,Desconocido,,,,0.0,
2023,Interurbana,drivers_involved,0–17,UNK,Furgoneta,,,,0.0,
2023,Interurbana,drivers_involved,0–17,UNK,Motocicleta,,,,0.0,
2023,Interurbana,drivers_involved,0–17,UNK,Otros,,,,0.0,
2023,Interurbana,drivers_involved,0–17,UNK,Peatón,,,,0.0,
2023,Interurbana,drivers_involved,0–17,UNK,Total,,,,0.0,
2023,Interurbana,drivers_involved,0–17,UNK,Turismo,,,,0.0,
2023,Interurbana,drivers_involved,0–17,UNK,VMP,,,,0.0,
2023,Interurbana,drivers_involved,0–17,UNK,Vehículo pesado,,,,0.0,
2023,Interurbana,drivers_involved,18–24,F,Autobús,,,,0.0,
2023,Interurbana,drivers_involved,18–24,F,Bicicleta,,,,28.0,
2023,Interurbana,drivers_involved,18–24,F,Ciclomotor,,,,30.0,
2023,Interurbana,drivers_involved,18–24,F,Desconocido,,,,1.0,
2023,Interurbana,drivers_involved,18–24,F,Furgoneta,,,,29.0,
2023,Interurbana,drivers_involved,18–24,F,Motocicleta,,,,95.0,
2023,Interurbana,drivers_involved,18–24,F,Otros,,,,3.0,
2023,Interurbana,drivers_involved,18–24,F,Peatón,,,,0.0,
2023,Interurbana,drivers_involved,18–24,F,Total,,,,2052.0,
2023,Interurbana,drivers_involved,18–24,F,Turismo,,,,1848.0,
2023,Interurbana,drivers_involved,18–24,F,VMP,,,,15.0,
2023,Interurbana,drivers_involved,18–24,F,Vehículo pesado,,,,3.0,
2023,Interurbana,drivers_involved,18–24,M,Autobús,,,,3.0,
2023,Interurbana,drivers_involved,18–24,M,Bicicleta,,,,123.0,
2023,Interurbana,drivers_involved,18–24,M,Ciclomotor,,,,98.0,
2023,Interurbana,drivers_involved,18–24,M,Desconocido,,,,3.0,
2023,Interurbana,drivers_involved,18–24,M,Furgoneta,,,,236.0,
2023,Interurbana,drivers_involved,18–24,M,Motocicleta,,,,794.0,
2023,Interurbana,drivers_involved,18–24,M,Otros,,,,24.0,
2023,Interurbana,drivers_involved,18–24,M,Peatón,,,,0.0,
2023,Interurbana,drivers_involved,18–24,M,Total,,,,4731.0,
2023,Interurbana,drivers_involved,18–24,M,Turismo,,,,3333.0,
2023,Interurbana,drivers_involved,18–24,M,VMP,,,,34.0,
2023,Interurbana,drivers_involved,18–24,M,Vehículo pesado,,,,83.0,
2023,Interurbana,drivers_involved,18–24,UNK,Autobús,,,,0.0,
2023,Interurbana,drivers_involved,18–24,UNK,Bicicleta,,,,1.0,
2023,Interurbana,drivers_involved,18–24,UNK,Ciclomotor,,,,0.0,
2023,Interurbana,drivers_involved,18–24,UNK,Desconocido,,,,0.0,
2023,Interurbana,drivers_involved,18–24,UNK,Furgoneta,,,,0.0,
2023,Interurbana,drivers_involved,18–24,UNK,Motocicleta,,,,1.0,
2023,Interurbana,drivers_involved,18–24,UNK,Otros,,,,0.0,
2023,Interurbana,drivers_involved,18–24,UNK,Peatón,,,,0.0,
2023,Interurbana,drivers_involved,18–24,UNK,Total,,,,4.0,
2023,Interurbana,drivers_involved,18–24,UNK,Turismo,,,,2.0,
2023,Interurbana,drivers_involved,18–24,UNK,VMP,,,,0.0,
2023,Interurbana,drivers_involved,18–24,UNK,Vehículo pesado,,,,0.0,
2023,Interurbana,drivers_involved,25–44,F,Autobús,,,,16.0,
2023,Interurbana,drivers_involved,25–44,F,Bicicleta,,,,100.0,
2023,Interurbana,drivers_involved,25–44,F,Ciclomotor,,,,34.0,
2023,Interurbana,drivers_involved,25–44,F,Desconocido,,,,3.0,
2023,Interurbana,drivers_involved,25–44,F,Furgoneta,,,,195.0,
2023,Interurbana,drivers_involved,25–44,F,Motocicleta,,,,374.0,
2023,Interurbana,drivers_involved,25–44,F,Otros,,,,17.0,
2023,Interurbana,drivers_involved,25–44,F,Peatón,,,,0.0,
2023,Interurbana,drivers_involved,25–44,F,Total,,,,7484.0,
2023,Interurbana,drivers_involved,25–44,F,Turismo,,,,6679.0,
2023,Interurbana,drivers_involved,25–44,F,VMP,,,,19.0,
2023,Interurbana,drivers_involved,25–44,F,Vehículo pesado,,,,47.0,
2023,Interurbana,drivers_involved,25–44,M,Autobús,,,,48.0,
2023,Interurbana,drivers_involved,25–44,M,Bicicleta,,,,606.0,
2023,Interurbana,drivers_involved,25–44,M,Ciclomotor,,,,102.0,
2023,Interurbana,drivers_involved,25–44,M,Desconocido,,,,8.0,
2023,Interurbana,drivers_involved,25–44,M,Furgoneta,,,,1452.0,
2023,Interurbana,drivers_involved,25–44,M,Motocicleta,,,,2811.0,
2023,Interurbana,drivers_involved,25–44,M,Otros,,,,139.0,
2023,Interurbana,drivers_involved,25–44,M,Peatón,,,,0.0,
2023,Interurbana,drivers_involved,25–44,M,Total,,,,16746.0,
2023,Interurbana,drivers_involved,25–44,M,Turismo,,,,10301.0,
2023,Interurbana,drivers_involved,25–44,M,VMP,,,,60.0,
2023,Interurbana,drivers_involved,25–44,M,Vehículo pesado,,,,1219.0,
2023,Interurbana,drivers_involved,25–44,UNK,Autobús,,,,0.0,
2023,Interurbana,drivers_involved,25–44,UNK,Bicicleta,,,,0.0,
2023,Interurbana,drivers_involved,25–44,UNK,Ciclomotor,,,,0.0,
2023,Interurbana,drivers_involved,25–44,UNK,Desconocido,,,,0.0,
2023,Interurbana,drivers_involved,25–44,UNK,Furgoneta,,,,0.0,
2023,Interurbana,drivers_involved,25–44,UNK,Motocicleta,,,,1.0,
2023,Interurbana,drivers_involved,25–44,UNK,Otros,,,,0.0,
2023,Interurbana,drivers_involved,25–44,UNK,Peatón,,,,0.0,
2023,Interurbana,drivers_involved,25–44,UNK,Total,,,,1.0,
2023,Interurbana,drivers_involved,25–44,UNK,Turismo,,,,0.0,
2023,Interurbana,drivers_involved,25–44,UNK,VMP,,,,0.0,
2023,Interurbana,drivers_involved,25–44,UNK,Vehículo pesado,,,,0.0,
2023,Interurbana,drivers_involved,45–64,F,Autobús,,,,19.0,
2023,Interurbana,drivers_involved,45–64,F,Bicicleta,,,,122.0,
2023,Interurbana,drivers_involved,45–64,F,Ciclomotor,,,,36.0,
2023,Interurbana,drivers_involved,45–64,F,Desconocido,,,,0.0,
2023,Interurbana,drivers_involved,45–64,F,Furgoneta,,,,155.0,
2023,Interurbana,drivers_involved,45–64,F,Motocicleta,,,,200.0,
2023,Interurbana,drivers_involved,45–64,F,Otros,,,,19.0,
2023,Interurbana,drivers_involved,45–64,F,Peatón,,,,0.0,
2023,Interurbana,drivers_involved,45–64,F,Total,,,,5439.0,
2023,Interurbana,drivers_involved,45–64,F,Turismo,,,,4843.0,
2023,Interurbana,drivers_involved,45–64,F,VMP,,,,7.0,
2023,Interurbana,drivers_involved,45–64,F,Vehículo pesado,,,,38.0,
2023,Interurbana,drivers_involved,45–64,M,Autobús,,,,158.0,
2023,Interurbana,drivers_involved,45–64,M,Bicicleta,,,,1112.0,
2023,Interurbana,drivers_involved,45–64,M,Ciclomotor,,,,130.0,
2023,Interurbana,drivers_involved,45–64,M,Desconocido,,,,18.0,
2023,Interurbana,drivers_involved,45–64,M,Furgoneta,,,,1394.0,
2023,Interurbana,drivers_involved,45–64,M,Motocicleta,,,,2903.0,
2023,Interurbana,drivers_involved,45–64,M,Otros,,,,195.0,
2023,Interurbana,drivers_involved,45–64,M,Peatón,,,,0.0,
2023,Interurbana,drivers_involved,45–64,M,Total,,,,17388.0,
2023,Interurbana,drivers_involved,45–64,M,Turismo,,,,9292.0,
2023,Interurbana,drivers_involved,45–64,M,VMP,,,,19.0,
2023,Interurbana,drivers_involved,45–64,M,Vehículo pesado,,,,2167.0,
2023,Interurbana,drivers_involved,45–64,UNK,Autobús,,,,0.0,
2023,Interurbana,drivers_involved,45–64,UNK,Bicicleta,,,,0.0,
2023,Interurbana,drivers_involved,45–64,UNK,Ciclomotor,,,,0.0,
2023,Interurbana,drivers_involved,45–64,UNK,Desconocido,,,,0.0,
2023,Interurbana,drivers_involved,45–64,UNK,Furgoneta,,,,0.0,
2023,Interurbana,drivers_involved,45–64,UNK,Motocicleta,,,,0.0,
2023,Interurbana,drivers_involved,45–64,UNK,Otros,,,,0.0,
2023,Interurbana,drivers_involved,45–64,UNK,Peatón,,,,0.0,
2023,Interurbana,drivers_involved,45–64,UNK,Total,,,,8.0,
2023,Interurbana,drivers_involved,45–64,UNK,Turismo,,,,7.0,
2023,Interurbana,drivers_involved,45–64,UNK,VMP,,,,0.0,
2023,Interurbana,drivers_involved,45–64,UNK,Vehículo pesado,,,,1.0,
2023,Interurbana,drivers_involved,65+,F,Autobús,,,,0.0,
2023,Interurbana,drivers_involved,65+,F,Bicicleta,,,,17.0,
2023,Interurbana,drivers_involved,65+,F,Ciclomotor,,,,3.0,
2023,Interurbana,drivers_involved,65+,F,Desconocido,,,,0.0,
2023,Interurbana,drivers_involved,65+,F,Furgoneta,,,,12.0,
2023,Interurbana,drivers_involved,65+,F,Motocicleta,,,,10.0,
2023,Interurbana,drivers_involved,65+,F,Otros,,,,6.0,
2023,Interurbana,drivers_involved,65+,F,Peatón,,,,0.0,
2023,Interurbana,drivers_involved,65+,F,Total,,,,989.0,
2023,Interurbana,drivers_involved,65+,F,Turismo,,,,939.0,
2023,Interurbana,drivers_involved,65+,F,VMP,,,,1.0,
2023,Interurbana,drivers_involved,65+,F,Vehículo pesado,,,,1.0,
2023,Interurbana,drivers_involved,65+,M,Autobús,,,,2.0,
2023,Interurbana,drivers_involved,65+,M,Bicicleta,,,,393.0,
2023,Interurbana,drivers_involved,65+,M,Ciclomotor,,,,72.0,
2023,Interurbana,drivers_involved,65+,M,Desconocido,,,,7.0,
2023,Interurbana,drivers_involved,65+,M,Furgoneta,,,,212.0,
2023,Interurbana,drivers_involved,65+,M,Motocicleta,,,,439.0,
2023,Interurbana,drivers_involved,65+,M,Otros,,,,103.0,
2023,Interurbana,drivers_involved,65+,M,Peatón,,,,0.0,
2023,Interurbana,drivers_involved,65+,M,Total,,,,5270.0,
2023,Interurbana,drivers_involved,65+,M,Turismo,,,,3951.0,
2023,Interurbana,drivers_involved,65+,M,VMP,,,,3.0,
2023,Interurbana,drivers_involved,65+,M,Vehículo pesado,,,,88.0,
2023,Interurbana,drivers_involved,65+,UNK,Autobús,,,,0.0,
2023,Interurbana,drivers_involved,65+,UNK,Bicicleta,,,,0.0,
2023,Interurbana,drivers_involved,65+,UNK,Ciclomotor,,,,0.0,
2023,Interurbana,drivers_involved,65+,UNK,Desconocido,,,,0.0,
2023,Interurbana,drivers_involved,65+,UNK,Furgoneta,,,,0.0,
2023,Interurbana,drivers_involved,65+,UNK,Motocicleta,,,,0.0,
2023,Interurbana,drivers_involved,65+,UNK,Otros,,,,0.0,
2023,Interurbana,drivers_involved,65+,UNK,Peatón,,,,0.0,
2023,Interurbana,drivers_involved,65+,UNK,Total,,,,0.0,
2023,Interurbana,drivers_involved,65+,UNK,Turismo,,,,0.0,
2023,Interurbana,drivers_involved,65+,UNK,VMP,,,,0.0,
2023,Interurbana,drivers_involved,65+,UNK,Vehículo pesado,,,,0.0,
2023,Interurbana,drivers_involved,Desconocida,F,Autobús,,,,0.0,
2023,Interurbana,drivers_involved,Desconocida,F,Bicicleta,,,,9.0,
2023,Interurbana,drivers_involved,Desconocida,F,Ciclomotor,,,,0.0,
2023,Interurbana,drivers_involved,Desconocida,F,Desconocido,,,,0.0,
2023,Interurbana,drivers_involved,Desconocida,F,Furgoneta,,,,0.0,
2023,Interurbana,drivers_involved,Desconocida,F,Motocicleta,,,,3.0,
2023,Interurbana,drivers_involved,Desconocida,F,Otros,,,,0.0,
2023,Interurbana,drivers_involved,Desconocida,F,Peatón,,,,0.0,
2023,Interurbana,drivers_involved,Desconocida,F,Total,,,,45.0,
2023,Interurbana,drivers_involved,Desconocida,F,Turismo,,,,31.0,
2023,Interurbana,drivers_involved,Desconocida,F,VMP,,,,2.0,
2023,Interurbana,drivers_involved,Desconocida,F,Vehículo pesado,,,,0.0,
2023,Interurbana,drivers_involved,Desconocida,M,Autobús,,,,1.0,
2023,Interurbana,drivers_involved,Desconocida,M,Bicicleta,,,,27.0,
2023,Interurbana,drivers_involved,Desconocida,M,Ciclomotor,,,,4.0,
2023,Interurbana,drivers_involved,Desconocida,M,Desconocido,,,,7.0,
2023,Interurbana,drivers_involved,Desconocida,M,Furgoneta,,,,10.0,
2023,Interurbana,drivers_involved,Desconocida,M,Motocicleta,,,,30.0,
2023,Interurbana,drivers_involved,Desconocida,M,Otros,,,,2.0,
2023,Interurbana,drivers_involved,Desconocida,M,Peatón,,,,0.0,
2023,Interurbana,drivers_involved,Desconocida,M,Total,,,,216.0,
2023,Interurbana,drivers_involved,Desconocida,M,Turismo,,,,115.0,
2023,Interurbana,drivers_involved,Desconocida,M,VMP,,,,2.0,
2023,Interurbana,drivers_involved,Desconocida,M,Vehículo pesado,,,,18.0,
2023,Interurbana,drivers_involved,Desconocida,UNK,Autobús,,,,3.0,
2023,Interurbana,drivers_involved,Desconocida,UNK,Bicicleta,,,,2.0,
2023,Interurbana,drivers_involved,Desconocida,UNK,Ciclomotor,,,,0.0,
2023,Interurbana,drivers_involved,Desconocida,UNK,Desconocido,,,,114.0,
2023,Interurbana,drivers_involved,Desconocida,UNK,Furgoneta,,,,17.0,
2023,Interurbana,drivers_involved,Desconocida,UNK,Motocicleta,,,,2.0,
2023,Interurbana,drivers_involved,Desconocida,UNK,Otros,,,,6.0,
2023,Interurbana,drivers_involved,Desconocida,UNK,Peatón,,,,0.0,
2023,Interurbana,drivers_involved,Desconocida,UNK,Total,,,,295.0,
2023,Interurbana,drivers_involved,Desconocida,UNK,Turismo,,,,132.0,
2023,Interurbana,drivers_involved,Desconocida,UNK,VMP,,,,0.0,
2023,Interurbana,drivers_involved,Desconocida,UNK,Vehículo pesado,,,,19.0,
2023,Interurbana,drivers_victims,0–17,F,Autobús,0.0,0.0,0.0,,0.0
2023,Interurbana,drivers_victims,0–17,F,Bicicleta,0.0,4.0,15.0,,19.0
2023,Interurbana,drivers_victims,0–17,F,Ciclomotor,0.0,0.0,20.0,,20.0
2023,Interurbana,drivers_victims,0–17,F,Desconocido,0.0,0.0,0.0,,0.0
2023,Interurbana,drivers_victims,0–17,F,Furgoneta,0.0,0.0,0.0,,0.0
2023,Interurbana,drivers_victims,0–17,F,Motocicleta,1.0,0.0,18.0,,19.0
2023,Interurbana,drivers_victims,0–17,F,Otros,0.0,0.0,0.0,,0.0
2023,Interurbana,drivers_victims,0–17,F,Total,1.0,5.0,58.0,,64.0
2023,Interurbana,drivers_victims,0–17,F,Turismo,0.0,1.0,2.0,,3.0
2023,Interurbana,drivers_victims,0–17,F,VMP,0.0,0.0,3.0,,3.0
2023,Interurbana,drivers_victims,0–17,F,Vehículo pesado,0.0,0.0,0.0,,0.0
2023,Interurbana,drivers_victims,0–17,M,Autobús,0.0,0.0,0.0,,0.0
2023,Interurbana,drivers_victims,0–17,M,Bicicleta,2.0,10.0,83.0,,95.0
2023,Interurbana,drivers_victims,0–17,M,Ciclomotor,0.0,19.0,119.0,,138.0
2023,Interurbana,drivers_victims,0–17,M,Desconocido,0.0,0.0,1.0,,1.0
2023,Interurbana,drivers_victims,0–17,M,Furgoneta,0.0,0.0,1.0,,1.0
2023,Interurbana,drivers_victims,0–17,M,Motocicleta,4.0,17.0,116.0,,137.0
2023,Interurbana,drivers_victims,0–17,M,Otros,0.0,0.0,7.0,,7.0
2023,Interurbana,drivers_victims,0–17,M,Total,6.0,50.0,357.0,,413.0
2023,Interurbana,drivers_victims,0–17,M,Turismo,0.0,3.0,20.0,,23.0
2023,Interurbana,drivers_victims,0–17,M,VMP,0.0,1.0,10.0,,11.0
2023,Interurbana,drivers_victims,0–17,M,Vehículo pesado,0.0,0.0,0.0,,0.0
2023,Interurbana,drivers_victims,0–17,UNK,Autobús,0.0,0.0,0.0,,0.0
2023,Interurbana,drivers_victims,0–17,UNK,Bicicleta,0.0,0.0,0.0,,0.0
2023,Interurbana,drivers_victims,0–17,UNK,Ciclomotor,0.0,0.0,0.0,,0.0
2023,Interurbana,drivers_victims,0–17,UNK,Desconocido,0.0,0.0,0.0,,0.0
2023,Interurbana,drivers_victims,0–17,UNK,Furgoneta,0.0,0.0,0.0,,0.0
2023,Interurbana,drivers_victims,0–17,UNK,Motocicleta,0.0,0.0,0.0,,0.0
2023,Interurbana,drivers_victims,0–17,UNK,Otros,0.0,0.0,0.0,,0.0
2023,Interurbana,drivers_victims,0–17,UNK,Total,0.0,0.0,0.0,,0.0
2023,Interurbana,drivers_victims,0–17,UNK,Turismo,0.0,0.0,0.0,,0.0
2023,Interurbana,drivers_victims,0–17,UNK,VMP,0.0,0.0,0.0,,0.0
2023,Interurbana,drivers_victims,0–17,UNK,Vehículo pesado,0.0,0.0,0.0,,0.0
2023,Interurbana,drivers_victims,18–24,F,Autobús,0.0,0.0,0.0,,0.0
2023,Interurbana,drivers_victims,18–24,F,Bicicleta,1.0,2.0,25.0,,28.0
2023,Interurbana,drivers_victims,18–24,F,Ciclomotor,0.0,3.0,27.0,,30.0
2023,Interurbana,drivers_victims,18–24,F,Desconocido,0.0,0.0,1.0,,1.0
2023,Interurbana,drivers_victims,18–24,F,Furgoneta,0.0,1.0,20.0,,21.0
2023,Interurbana,drivers_victims,18–24,F,Motocicleta,2.0,12.0,79.0,,93.0
2023,Interurbana,drivers_victims,18–24,F,Otros,1.0,1.0,1.0,,3.0
2023,Interurbana,drivers_victims,18–24,F,Total,10.0,58.0,1407.0,,1475.0
2023,Interurbana,drivers_victims,18–24,F,Turismo,6.0,39.0,1239.0,,1284.0
2023,Interurbana,drivers_victims,18–24,F,VMP,0.0,0.0,15.0,,15.0
2023,Interurbana,drivers_victims,18–24,F,Vehículo pesado,0.0,0.0,0.0,,0.0
2023,Interurbana,drivers_victims,18–24,M,Autobús,0.0,0.0,0.0,,0.0
2023,Interurbana,drivers_victims,18–24,M,Bicicleta,4.0,12.0,98.0,,114.0
2023,Interurbana,drivers_victims,18–24,M,Ciclomotor,0.0,13.0,84.0,,97.0
2023,Interurbana,drivers_victims,18–24,M,Desconocido,0.0,0.0,2.0,,2.0
2023,Interurbana,drivers_victims,18–24,M,Furgoneta,3.0,4.0,104.0,,111.0
2023,Interurbana,drivers_victims,18–24,M,Motocicleta,23.0,106.0,636.0,,765.0
2023,Interurbana,drivers_victims,18–24,M,Otros,0.0,4.0,13.0,,17.0
2023,Interurbana,drivers_victims,18–24,M,Total,70.0,256.0,2690.0,,3016.0
2023,Interurbana,drivers_victims,18–24,M,Turismo,39.0,113.0,1688.0,,1840.0
2023,Interurbana,drivers_victims,18–24,M,VMP,0.0,2.0,31.0,,33.0
2023,Interurbana,drivers_victims,18–24,M,Vehículo pesado,1.0,2.0,34.0,,37.0
2023,Interurbana,drivers_victims,18–24,UNK,Autobús,0.0,0.0,0.0,,0.0
2023,Interurbana,drivers_victims,18–24,UNK,Bicicleta,0.0,0.0,1.0,,1.0
2023,Interurbana,drivers_victims,18–24,UNK,Ciclomotor,0.0,0.0,0.0,,0.0
2023,Interurbana,drivers_victims,18–24,UNK,Desconocido,0.0,0.0,0.0,,0.0
2023,Interurbana,drivers_victims,18–24,UNK,Furgoneta,0.0,0.0,0.0,,0.0
2023,Interurbana,drivers_victims,18–24,UNK,Motocicleta,0.0,0.0,1.0,,1.0
2023,Interurbana,drivers_victims,18–24,UNK,Otros,0.0,0.0,0.0,,0.0
2023,Interurbana,drivers_victims,18–24,UNK,Total,0.0,0.0,3.0,,3.0
2023,Interurbana,drivers_victims,18–24,UNK,Turismo,0.0,0.0,1.0,,1.0
2023,Interurbana,drivers_victims,18–24,UNK,VMP,0.0,0.0,0.0,,0.0
2023,Interurbana,drivers_victims,18–24,UNK,Vehículo pesado,0.0,0.0,0.0,,0.0
2023,Interurbana,drivers_victims,25–44,F,Autobús,0.0,2.0,1.0,,3.0
2023,Interurbana,drivers_victims,25–44,F,Bicicleta,1.0,15.0,79.0,,95.0
2023,Interurbana,drivers_victims,25–44,F,Ciclomotor,0.0,3.0,31.0,,34.0
2023,Interurbana,drivers_victims,25–44,F,Desconocido,0.0,0.0,3.0,,3.0
2023,Interurbana,drivers_victims,25–44,F,Furgoneta,0.0,3.0,106.0,,109.0
2023,Interurbana,drivers_victims,25–44,F,Motocicleta,4.0,38.0,328.0,,370.0
2023,Interurbana,drivers_victims,25–44,F,Otros,1.0,4.0,7.0,,12.0
2023,Interurbana,drivers_victims,25–44,F,Total,51.0,205.0,4706.0,,4962.0
2023,Interurbana,drivers_victims,25–44,F,Turismo,44.0,137.0,4115.0,,4296.0
2023,Interurbana,drivers_victims,25–44,F,VMP,0.0,2.0,17.0,,19.0
2023,Interurbana,drivers_victims,25–44,F,Vehículo pesado,1.0,1.0,19.0,,21.0
2023,Interurbana,drivers_victims,25–44,M,Autobús,0.0,1.0,7.0,,8.0
2023,Interurbana,drivers_victims,25–44,M,Bicicleta,4.0,73.0,497.0,,574.0
2023,Interurbana,drivers_victims,25–44,M,Ciclomotor,1.0,17.0,80.0,,98.0
2023,Interurbana,drivers_victims,25–44,M,Desconocido,0.0,0.0,3.0,,3.0
2023,Interurbana,drivers_victims,25–44,M,Furgoneta,10.0,32.0,597.0,,639.0
2023,Interurbana,drivers_victims,25–44,M,Motocicleta,93.0,412.0,2173.0,,2678.0
2023,Interurbana,drivers_victims,25–44,M,Otros,4.0,7.0,50.0,,61.0
2023,Interurbana,drivers_victims,25–44,M,Total,218.0,873.0,8711.0,,9802.0
2023,Interurbana,drivers_victims,25–44,M,Turismo,101.0,294.0,4882.0,,5277.0
2023,Interurbana,drivers_victims,25–44,M,VMP,0.0,6.0,52.0,,58.0
2023,Interurbana,drivers_victims,25–44,M,Vehículo pesado,5.0,31.0,370.0,,406.0
2023,Interurbana,drivers_victims,25–44,UNK,Autobús,0.0,0.0,0.0,,0.0
2023,Interurbana,drivers_victims,25–44,UNK,Bicicleta,0.0,0.0,0.0,,0.0
2023,Interurbana,drivers_victims,25–44,UNK,Ciclomotor,0.0,0.0,0.0,,0.0
2023,Interurbana,drivers_victims,25–44,UNK,Desconocido,0.0,0.0,0.0,,0.0
2023,Interurbana,drivers_victims,25–44,UNK,Furgoneta,0.0,0.0,0.0,,0.0
2023,Interurbana,drivers_victims,25–44,UNK,Motocicleta,0.0,0.0,1.0,,1.0
2023,Interurbana,drivers_victims,25–44,UNK,Otros,0.0,0.0,0.0,,0.0
2023,Interurbana,drivers_victims,25–44,UNK,Total,0.0,0.0,1.0,,1.0
2023,Interurbana,drivers_victims,25–44,UNK,Turismo,0.0,0.0,0.0,,0.0
2023,Interurbana,drivers_victims,25–44,UNK,VMP,0.0,0.0,0.0,,0.0
2023,Interurbana,drivers_victims,25–44,UNK,Vehículo pesado,0.0,0.0,0.0,,0.0
2023,Interurbana,drivers_victims,45–64,F,Autobús,0.0,1.0,7.0,,8.0
2023,Interurbana,drivers_victims,45–64,F,Bicicleta,3.0,22.0,95.0,,120.0
2023,Interurbana,drivers_victims,45–64,F,Ciclomotor,0.0,7.0,29.0,,36.0
2023,Interurbana,drivers_victims,45–64,F,Desconocido,0.0,0.0,0.0,,0.0
2023,Interurbana,drivers_victims,45–64,F,Furgoneta,1.0,5.0,82.0,,88.0
2023,Interurbana,drivers_victims,45–64,F,Motocicleta,1.0,31.0,164.0,,196.0
2023,Interurbana,drivers_victims,45–64,F,Otros,2.0,1.0,13.0,,16.0
2023,Interurbana,drivers_victims,45–64,F,Total,40.0,194.0,3357.0,,3591.0
2023,Interurbana,drivers_victims,45–64,F,Turismo,33.0,124.0,2946.0,,3103.0
2023,Interurbana,drivers_victims,45–64,F,VMP,0.0,1.0,6.0,,7.0
2023,Interurbana,drivers_victims,45–64,F,Vehículo pesado,0.0,2.0,15.0,,17.0
2023,Interurbana,drivers_victims,45–64,M,Autobús,0.0,3.0,16.0,,19.0
2023,Interurbana,drivers_victims,45–64,M,Bicicleta,25.0,152.0,876.0,,1053.0
2023,Interurbana,drivers_victims,45–64,M,Ciclomotor,8.0,17.0,98.0,,123.0
2023,Interurbana,drivers_victims,45–64,M,Desconocido,1.0,1.0,9.0,,11.0
2023,Interurbana,drivers_victims,45–64,M,Furgoneta,13.0,33.0,525.0,,571.0
2023,Interurbana,drivers_victims,45–64,M,Motocicleta,140.0,574.0,2033.0,,2747.0
2023,Interurbana,drivers_victims,45–64,M,Otros,11.0,11.0,62.0,,84.0
2023,Interurbana,drivers_victims,45–64,M,Total,342.0,1166.0,8156.0,,9664.0
2023,Interurbana,drivers_victims,45–64,M,Turismo,112.0,312.0,3992.0,,4416.0
2023,Interurbana,drivers_victims,45–64,M,VMP,2.0,1.0,15.0,,18.0
2023,Interurbana,drivers_victims,45–64,M,Vehículo pesado,30.0,62.0,530.0,,622.0
2023,Interurbana,drivers_victims,45–64,UNK,Autobús,0.0,0.0,0.0,,0.0
2023,Interurbana,drivers_victims,45–64,UNK,Bicicleta,0.0,0.0,0.0,,0.0
2023,Interurbana,drivers_victims,45–64,UNK,Ciclomotor,0.0,0.0,0.0,,0.0
2023,Interurbana,drivers_victims,45–64,UNK,Desconocido,0.0,0.0,0.0,,0.0
2023,Interurbana,drivers_victims,45–64,UNK,Furgoneta,0.0,0.0,0.0,,0.0
2023,Interurbana,drivers_victims,45–64,UNK,Motocicleta,0.0,0.0,0.0,,0.0
2023,Interurbana,drivers_victims,45–64,UNK,Otros,0.0,0.0,0.0,,0.0
2023,Interurbana,drivers_victims,45–64,UNK,Total,0.0,0.0,3.0,,3.0
2023,Interurbana,drivers_victims,45–64,UNK,Turismo,0.0,0.0,2.0,,2.0
2023,Interurbana,drivers_victims,45–64,UNK,VMP,0.0,0.0,0.0,,0.0
2023,Interurbana,drivers_victims,45–64,UNK,Vehículo pesado,0.0,0.0,1.0,,1.0
2023,Interurbana,drivers_victims,65+,F,Autobús,0.0,0.0,0.0,,0.0
2023,Interurbana,drivers_victims,65+,F,Bicicleta,0.0,1.0,15.0,,16.0
2023,Interurbana,drivers_victims,65+,F,Ciclomotor,0.0,1.0,2.0,,3.0
2023,Interurbana,drivers_victims,65+,F,Desconocido,0.0,0.0,0.0,,0.0
2023,Interurbana,drivers_victims,65+,F,Furgoneta,1.0,1.0,5.0,,7.0
2023,Interurbana,drivers_victims,65+,F,Motocicleta,1.0,4.0,4.0,,9.0
2023,Interurbana,drivers_victims,65+,F,Otros,0.0,0.0,4.0,,4.0
2023,Interurbana,drivers_victims,65+,F,Total,14.0,50.0,595.0,,659.0
2023,Interurbana,drivers_victims,65+,F,Turismo,12.0,43.0,563.0,,618.0
2023,Interurbana,drivers_victims,65+,F,VMP,0.0,0.0,1.0,,1.0
2023,Interurbana,drivers_victims,65+,F,Vehículo pesado,0.0,0.0,1.0,,1.0
2023,Interurbana,drivers_victims,65+,M,Autobús,0.0,0.0,0.0,,0.0
2023,Interurbana,drivers_victims,65+,M,Bicicleta,19.0,56.0,300.0,,375.0
2023,Interurbana,drivers_victims,65+,M,Ciclomotor,3.0,15.0,53.0,,71.0
2023,Interurbana,drivers_victims,65+,M,Desconocido,0.0,0.0,5.0,,5.0
2023,Interurbana,drivers_victims,65+,M,Furgoneta,9.0,11.0,86.0,,106.0
2023,Interurbana,drivers_victims,65+,M,Motocicleta,31.0,81.0,313.0,,425.0
2023,Interurbana,drivers_victims,65+,M,Otros,14.0,16.0,35.0,,65.0
2023,Interurbana,drivers_victims,65+,M,Total,167.0,371.0,2647.0,,3185.0
2023,Interurbana,drivers_victims,65+,M,Turismo,89.0,190.0,1819.0,,2098.0
2023,Interurbana,drivers_victims,65+,M,VMP,0.0,1.0,2.0,,3.0
2023,Interurbana,drivers_victims,65+,M,Vehículo pesado,2.0,1.0,34.0,,37.0
2023,Interurbana,drivers_victims,65+,UNK,Autobús,0.0,0.0,0.0,,0.0
2023,Interurbana,drivers_victims,65+,UNK,Bicicleta,0.0,0.0,0.0,,0.0
2023,Interurbana,drivers_victims,65+,UNK,Ciclomotor,0.0,0.0,0.0,,0.0
2023,Interurbana,drivers_victims,65+,UNK,Desconocido,0.0,0.0,0.0,,0.0
2023,Interurbana,drivers_victims,65+,UNK,Furgoneta,0.0,0.0,0.0,,0.0
2023,Interurbana,drivers_victims,65+,UNK,Motocicleta,0.0,0.0,0.0,,0.0
2023,Interurbana,drivers_victims,65+,UNK,Otros,0.0,0.0,0.0,,0.0
2023,Interurbana,drivers_victims,65+,UNK,Total,0.0,0.0,0.0,,0.0
2023,Interurbana,drivers_victims,65+,UNK,Turismo,0.0,0.0,0.0,,0.0
2023,Interurbana,drivers_victims,65+,UNK,VMP,0.0,0.0,0.0,,0.0
2023,Interurbana,drivers_victims,65+,UNK,Vehículo pesado,0.0,0.0,0.0,,0.0
2023,Interurbana,drivers_victims,Desconocida,F,Autobús,0.0,0.0,0.0,,0.0
2023,Interurbana,drivers_victims,Desconocida,F,Bicicleta,0.0,0.0,9.0,,9.0
2023,Interurbana,drivers_victims,Desconocida,F,Ciclomotor,0.0,0.0,0.0,,0.0
2023,Interurbana,drivers_victims,Desconocida,F,Desconocido,0.0,0.0,0.0,,0.0
2023,Interurbana,drivers_victims,Desconocida,F,Furgoneta,0.0,0.0,0.0,,0.0
2023,Interurbana,drivers_victims,Desconocida,F,Motocicleta,0.0,1.0,2.0,,3.0
2023,Interurbana,drivers_victims,Desconocida,F,Otros,0.0,0.0,0.0,,0.0
2023,Interurbana,drivers_victims,Desconocida,F,Total,0.0,1.0,29.0,,30.0
2023,Interurbana,drivers_victims,Desconocida,F,Turismo,0.0,0.0,16.0,,16.0
2023,Interurbana,drivers_victims,Desconocida,F,VMP,0.0,0.0,2.0,,2.0
2023,Interurbana,drivers_victims,Desconocida,F,Vehículo pesado,0.0,0.0,0.0,,0.0
2023,Interurbana,drivers_victims,Desconocida,M,Autobús,0.0,0.0,0.0,,0.0
2023,Interurbana,drivers_victims,Desconocida,M,Bicicleta,1.0,3.0,18.0,,22.0
2023,Interurbana,drivers_victims,Desconocida,M,Ciclomotor,0.0,0.0,2.0,,2.0
2023,Interurbana,drivers_victims,Desconocida,M,Desconocido,0.0,0.0,1.0,,1.0
2023,Interurbana,drivers_victims,Desconocida,M,Furgoneta,0.0,1.0,4.0,,5.0
2023,Interurbana,drivers_victims,Desconocida,M,Motocicleta,1.0,0.0,25.0,,26.0
2023,Interurbana,drivers_victims,Desconocida,M,Otros,0.0,1.0,1.0,,2.0
2023,Interurbana,drivers_victims,Desconocida,M,Total,2.0,7.0,103.0,,112.0
2023,Interurbana,drivers_victims,Desconocida,M,Turismo,0.0,2.0,46.0,,48.0
2023,Interurbana,drivers_victims,Desconocida,M,VMP,0.0,0.0,2.0,,2.0
2023,Interurbana,drivers_victims,Desconocida,M,Vehículo pesado,0.0,0.0,4.0,,4.0
2023,Interurbana,drivers_victims,Desconocida,UNK,Autobús,0.0,0.0,0.0,,0.0
2023,Interurbana,drivers_victims,Desconocida,UNK,Bicicleta,0.0,0.0,1.0,,1.0
2023,Interurbana,drivers_victims,Desconocida,UNK,Ciclomotor,0.0,0.0,0.0,,0.0
2023,Interurbana,drivers_victims,Desconocida,UNK,Desconocido,0.0,0.0,0.0,,0.0
2023,Interurbana,drivers_victims,Desconocida,UNK,Furgoneta,0.0,0.0,0.0,,0.0
2023,Interurbana,drivers_victims,Desconocida,UNK,Motocicleta,0.0,0.0,0.0,,0.0
2023,Interurbana,drivers_victims,Desconocida,UNK,Otros,0.0,0.0,0.0,,0.0
2023,Interurbana,drivers_victims,Desconocida,UNK,Total,0.0,0.0,4.0,,4.0
2023,Interurbana,drivers_victims,Desconocida,UNK,Turismo,0.0,0.0,3.0,,3.0
2023,Interurbana,drivers_victims,Desconocida,UNK,VMP,0.0,0.0,0.0,,0.0
2023,Interurbana,drivers_victims,Desconocida,UNK,Vehículo pesado,0.0,0.0,0.0,,0.0
2023,Urbana,all_victims,0–17,F,Autobús,0.0,0.0,70.0,,70.0
2023,Urbana,all_victims,0–17,F,Bicicleta,0.0,4.0,61.0,,65.0
2023,Urbana,all_victims,0–17,F,Ciclomotor,1.0,10.0,188.0,,199.0
2023,Urbana,all_victims,0–17,F,Desconocido,0.0,0.0,5.0,,5.0
2023,Urbana,all_victims,0–17,F,Furgoneta,0.0,0.0,27.0,,27.0
2023,Urbana,all_victims,0–17,F,Motocicleta,1.0,9.0,139.0,,149.0
2023,Urbana,all_victims,0–17,F,Otros,0.0,1.0,30.0,,31.0
2023,Urbana,all_victims,0–17,F,Peatón,1.0,72.0,727.0,,800.0
2023,Urbana,all_victims,0–17,F,Total,3.0,119.0,2344.0,,2466.0
2023,Urbana,all_victims,0–17,F,Turismo,0.0,9.0,856.0,,865.0
2023,Urbana,all_victims,0–17,F,VMP,0.0,14.0,239.0,,253.0
2023,Urbana,all_victims,0–17,F,Vehículo pesado,0.0,0.0,2.0,,2.0
2023,Urbana,all_victims,0–17,M,Autobús,0.0,0.0,56.0,,56.0
2023,Urbana,all_victims,0–17,M,Bicicleta,1.0,20.0,372.0,,393.0
2023,Urbana,all_victims,0–17,M,Ciclomotor,4.0,56.0,562.0,,622.0
2023,Urbana,all_victims,0–17,M,Desconocido,0.0,1.0,5.0,,6.0
2023,Urbana,all_victims,0–17,M,Furgoneta,0.0,0.0,35.0,,35.0
2023,Urbana,all_victims,0–17,M,Motocicleta,2.0,40.0,335.0,,377.0
2023,Urbana,all_victims,0–17,M,Otros,1.0,2.0,50.0,,53.0
2023,Urbana,all_victims,0–17,M,Peatón,8.0,111.0,927.0,,1046.0
2023,Urbana,all_victims,0–17,M,Total,18.0,266.0,3562.0,,3846.0
2023,Urbana,all_victims,0–17,M,Turismo,2.0,9.0,776.0,,787.0
2023,Urbana,all_victims,0–17,M,VMP,0.0,27.0,444.0,,471.0
2023,Urbana,all_victims,0–17,M,Vehículo pesado,0.0,0.0,0.0,,0.0
2023,Urbana,all_victims,0–17,UNK,Autobús,0.0,0.0,0.0,,0.0
2023,Urbana,all_victims,0–17,UNK,Bicicleta,0.0,0.0,2.0,,2.0
2023,Urbana,all_victims,0–17,UNK,Ciclomotor,0.0,1.0,4.0,,5.0
2023,Urbana,all_victims,0–17,UNK,Desconocido,0.0,0.0,1.0,,1.0
2023,Urbana,all_victims,0–17,UNK,Furgoneta,0.0,0.0,0.0,,0.0
2023,Urbana,all_victims,0–17,UNK,Motocicleta,0.0,0.0,2.0,,2.0
2023,Urbana,all_victims,0–17,UNK,Otros,0.0,1.0,4.0,,5.0
2023,Urbana,all_victims,0–17,UNK,Peatón,0.0,1.0,19.0,,20.0
2023,Urbana,all_victims,0–17,UNK,Total,0.0,3.0,62.0,,65.0
2023,Urbana,all_victims,0–17,UNK,Turismo,0.0,0.0,27.0,,27.0
2023,Urbana,all_victims,0–17,UNK,VMP,0.0,0.0,3.0,,3.0
2023,Urbana,all_victims,0–17,UNK,Vehículo pesado,0.0,0.0,0.0,,0.0
2023,Urbana,all_victims,18–24,F,Autobús,0.0,0.0,70.0,,70.0
2023,Urbana,all_victims,18–24,F,Bicicleta,0.0,4.0,113.0,,117.0
2023,Urbana,all_victims,18–24,F,Ciclomotor,0.0,5.0,322.0,,327.0
2023,Urbana,all_victims,18–24,F,Desconocido,0.0,0.0,11.0,,11.0
2023,Urbana,all_victims,18–24,F,Furgoneta,0.0,0.0,30.0,,30.0
2023,Urbana,all_victims,18–24,F,Motocicleta,1.0,18.0,482.0,,501.0
2023,Urbana,all_victims,18–24,F,Otros,1.0,1.0,113.0,,115.0
2023,Urbana,all_victims,18–24,F,Peatón,3.0,45.0,533.0,,581.0
2023,Urbana,all_victims,18–24,F,Total,12.0,126.0,3923.0,,4061.0
2023,Urbana,all_victims,18–24,F,Turismo,5.0,29.0,1789.0,,1823.0
2023,Urbana,all_victims,18–24,F,VMP,2.0,24.0,456.0,,482.0
2023,Urbana,all_victims,18–24,F,Vehículo pesado,0.0,0.0,4.0,,4.0
2023,Urbana,all_victims,18–24,M,Autobús,0.0,0.0,10.0,,10.0
2023,Urbana,all_victims,18–24,M,Bicicleta,0.0,18.0,407.0,,425.0
2023,Urbana,all_victims,18–24,M,Ciclomotor,3.0,57.0,967.0,,1027.0
2023,Urbana,all_victims,18–24,M,Desconocido,0.0,0.0,10.0,,10.0
2023,Urbana,all_victims,18–24,M,Furgoneta,0.0,3.0,108.0,,111.0
2023,Urbana,all_victims,18–24,M,Motocicleta,21.0,176.0,1794.0,,1991.0
2023,Urbana,all_victims,18–24,M,Otros,1.0,8.0,187.0,,196.0
2023,Urbana,all_victims,18–24,M,Peatón,3.0,45.0,389.0,,437.0
2023,Urbana,all_victims,18–24,M,Total,42.0,401.0,6704.0,,7147.0
2023,Urbana,all_victims,18–24,M,Turismo,13.0,56.0,2065.0,,2134.0
2023,Urbana,all_victims,18–24,M,VMP,0.0,38.0,749.0,,787.0
2023,Urbana,all_victims,18–24,M,Vehículo pesado,1.0,0.0,18.0,,19.0
2023,Urbana,all_victims,18–24,UNK,Autobús,0.0,0.0,1.0,,1.0
2023,Urbana,all_victims,18–24,UNK,Bicicleta,0.0,0.0,2.0,,2.0
2023,Urbana,all_victims,18–24,UNK,Ciclomotor,0.0,0.0,8.0,,8.0
2023,Urbana,all_victims,18–24,UNK,Desconocido,0.0,0.0,0.0,,0.0
2023,Urbana,all_victims,18–24,UNK,Furgoneta,0.0,0.0,1.0,,1.0
2023,Urbana,all_victims,18–24,UNK,Motocicleta,0.0,1.0,5.0,,6.0
2023,Urbana,all_victims,18–24,UNK,Otros,0.0,1.0,8.0,,9.0
2023,Urbana,all_victims,18–24,UNK,Peatón,0.0,2.0,7.0,,9.0
2023,Urbana,all_victims,18–24,UNK,Total,0.0,5.0,57.0,,62.0
2023,Urbana,all_victims,18–24,UNK,Turismo,0.0,0.0,19.0,,19.0
2023,Urbana,all_victims,18–24,UNK,VMP,0.0,1.0,6.0,,7.0
2023,Urbana,all_victims,18–24,UNK,Vehículo pesado,0.0,0.0,0.0,,0.0
2023,Urbana,all_victims,25–44,F,Autobús,0.0,1.0,317.0,,318.0
2023,Urbana,all_victims,25–44,F,Bicicleta,0.0,22.0,420.0,,442.0
2023,Urbana,all_victims,25–44,F,Ciclomotor,0.0,18.0,446.0,,464.0
2023,Urbana,all_victims,25–44,F,Desconocido,0.0,0.0,12.0,,12.0
2023,Urbana,all_victims,25–44,F,Furgoneta,0.0,3.0,170.0,,173.0
2023,Urbana,all_victims,25–44,F,Motocicleta,6.0,99.0,2306.0,,2411.0
2023,Urbana,all_victims,25–44,F,Otros,0.0,10.0,226.0,,236.0
2023,Urbana,all_victims,25–44,F,Peatón,7.0,104.0,1292.0,,1403.0
2023,Urbana,all_victims,25–44,F,Total,15.0,348.0,11425.0,,11788.0
2023,Urbana,all_victims,25–44,F,Turismo,1.0,42.0,5370.0,,5413.0
2023,Urbana,all_victims,25–44,F,VMP,1.0,47.0,847.0,,895.0
2023,Urbana,all_victims,25–44,F,Vehículo pesado,0.0,2.0,19.0,,21.0
2023,Urbana,all_victims,25–44,M,Autobús,0.0,0.0,111.0,,111.0
2023,Urbana,all_victims,25–44,M,Bicicleta,4.0,66.0,1045.0,,1115.0
2023,Urbana,all_victims,25–44,M,Ciclomotor,2.0,44.0,819.0,,865.0
2023,Urbana,all_victims,25–44,M,Desconocido,0.0,3.0,30.0,,33.0
2023,Urbana,all_victims,25–44,M,Furgoneta,0.0,10.0,511.0,,521.0
2023,Urbana,all_victims,25–44,M,Motocicleta,52.0,606.0,6973.0,,7631.0
2023,Urbana,all_victims,25–44,M,Otros,6.0,22.0,346.0,,374.0
2023,Urbana,all_victims,25–44,M,Peatón,6.0,87.0,1010.0,,1103.0
2023,Urbana,all_victims,25–44,M,Total,86.0,1013.0,16692.0,,17791.0
2023,Urbana,all_victims,25–44,M,Turismo,14.0,81.0,4618.0,,4713.0
2023,Urbana,all_victims,25–44,M,VMP,2.0,90.0,1144.0,,1236.0
2023,Urbana,all_victims,25–44,M,Vehículo pesado,0.0,4.0,85.0,,89.0
2023,Urbana,all_victims,25–44,UNK,Autobús,0.0,0.0,1.0,,1.0
2023,Urbana,all_victims,25–44,UNK,Bicicleta,0.0,1.0,4.0,,5.0
2023,Urbana,all_victims,25–44,UNK,Ciclomotor,0.0,1.0,2.0,,3.0
2023,Urbana,all_victims,25–44,UNK,Desconocido,0.0,0.0,1.0,,1.0
2023,Urbana,all_victims,25–44,UNK,Furgoneta,0.0,0.0,4.0,,4.0
2023,Urbana,all_victims,25–44,UNK,Motocicleta,0.0,2.0,13.0,,15.0
2023,Urbana,all_victims,25–44,UNK,Otros,0.0,0.0,5.0,,5.0
2023,Urbana,all_victims,25–44,UNK,Peatón,0.0,1.0,13.0,,14.0
2023,Urbana,all_victims,25–44,UNK,Total,0.0,7.0,84.0,,91.0
2023,Urbana,all_victims,25–44,UNK,Turismo,0.0,2.0,33.0,,35.0
2023,Urbana,all_victims,25–44,UNK,VMP,0.0,0.0,8.0,,8.0
2023,Urbana,all_victims,25–44,UNK,Vehículo pesado,0.0,0.0,0.0,,0.0
2023,Urbana,all_victims,45–64,F,Autobús,1.0,8.0,618.0,,627.0
2023,Urbana,all_victims,45–64,F,Bicicleta,0.0,33.0,280.0,,313.0
2023,Urbana,all_victims,45–64,F,Ciclomotor,0.0,24.0,309.0,,333.0
2023,Urbana,all_victims,45–64,F,Desconocido,0.0,0.0,5.0,,5.0
2023,Urbana,all_victims,45–64,F,Furgoneta,0.0,3.0,116.0,,119.0
2023,Urbana,all_victims,45–64,F,Motocicleta,2.0,78.0,1360.0,,1440.0
2023,Urbana,all_victims,45–64,F,Otros,0.0,6.0,99.0,,105.0
2023,Urbana,all_victims,45–64,F,Peatón,19.0,242.0,1718.0,,1979.0
2023,Urbana,all_victims,45–64,F,Total,22.0,460.0,8726.0,,9208.0
2023,Urbana,all_victims,45–64,F,Turismo,0.0,52.0,3954.0,,4006.0
2023,Urbana,all_victims,45–64,F,VMP,0.0,14.0,251.0,,265.0
2023,Urbana,all_victims,45–64,F,Vehículo pesado,0.0,0.0,16.0,,16.0
2023,Urbana,all_victims,45–64,M,Autobús,0.0,4.0,211.0,,215.0
2023,Urbana,all_victims,45–64,M,Bicicleta,11.0,144.0,1137.0,,1292.0
2023,Urbana,all_victims,45–64,M,Ciclomotor,4.0,49.0,516.0,,569.0
2023,Urbana,all_victims,45–64,M,Desconocido,0.0,1.0,22.0,,23.0
2023,Urbana,all_victims,45–64,M,Furgoneta,2.0,10.0,439.0,,451.0
2023,Urbana,all_victims,45–64,M,Motocicleta,38.0,572.0,5132.0,,5742.0
2023,Urbana,all_victims,45–64,M,Otros,5.0,22.0,189.0,,216.0
2023,Urbana,all_victims,45–64,M,Peatón,28.0,203.0,1135.0,,1366.0
2023,Urbana,all_victims,45–64,M,Total,109.0,1138.0,12628.0,,13875.0
2023,Urbana,all_victims,45–64,M,Turismo,15.0,71.0,3299.0,,3385.0
2023,Urbana,all_victims,45–64,M,VMP,2.0,56.0,434.0,,492.0
2023,Urbana,all_victims,45–64,M,Vehículo pesado,4.0,6.0,114.0,,124.0
2023,Urbana,all_victims,45–64,UNK,Autobús,0.0,0.0,3.0,,3.0
2023,Urbana,all_victims,45–64,UNK,Bicicleta,0.0,2.0,6.0,,8.0
2023,Urbana,all_victims,45–64,UNK,Ciclomotor,0.0,0.0,2.0,,2.0
2023,Urbana,all_victims,45–64,UNK,Desconocido,0.0,0.0,0.0,,0.0
2023,Urbana,all_victims,45–64,UNK,Furgoneta,0.0,0.0,1.0,,1.0
2023,Urbana,all_victims,45–64,UNK,Motocicleta,0.0,1.0,8.0,,9.0
2023,Urbana,all_victims,45–64,UNK,Otros,0.0,0.0,2.0,,2.0
2023,Urbana,all_victims,45–64,UNK,Peatón,0.0,2.0,11.0,,13.0
2023,Urbana,all_victims,45–64,UNK,Total,0.0,8.0,49.0,,57.0
2023,Urbana,all_victims,45–64,UNK,Turismo,0.0,3.0,13.0,,16.0
2023,Urbana,all_victims,45–64,UNK,VMP,0.0,0.0,3.0,,3.0
2023,Urbana,all_victims,45–64,UNK,Vehículo pesado,0.0,0.0,0.0,,0.0
2023,Urbana,all_victims,65+,F,Autobús,2.0,24.0,537.0,,563.0
2023,Urbana,all_victims,65+,F,Bicicleta,1.0,10.0,49.0,,60.0
2023,Urbana,all_victims,65+,F,Ciclomotor,0.0,3.0,22.0,,25.0
2023,Urbana,all_victims,65+,F,Desconocido,0.0,0.0,1.0,,1.0
2023,Urbana,all_victims,65+,F,Furgoneta,0.0,1.0,33.0,,34.0
2023,Urbana,all_victims,65+,F,Motocicleta,0.0,5.0,62.0,,67.0
2023,Urbana,all_victims,65+,F,Otros,0.0,1.0,12.0,,13.0
2023,Urbana,all_victims,65+,F,Peatón,61.0,362.0,1562.0,,1985.0
2023,Urbana,all_victims,65+,F,Total,66.0,444.0,3322.0,,3832.0
2023,Urbana,all_victims,65+,F,Turismo,2.0,37.0,1029.0,,1068.0
2023,Urbana,all_victims,65+,F,VMP,0.0,0.0,12.0,,12.0
2023,Urbana,all_victims,65+,F,Vehículo pesado,0.0,1.0,3.0,,4.0
2023,Urbana,all_victims,65+,M,Autobús,1.0,11.0,191.0,,203.0
2023,Urbana,all_victims,65+,M,Bicicleta,12.0,76.0,391.0,,479.0
2023,Urbana,all_victims,65+,M,Ciclomotor,3.0,20.0,157.0,,180.0
2023,Urbana,all_victims,65+,M,Desconocido,0.0,0.0,6.0,,6.0
2023,Urbana,all_victims,65+,M,Furgoneta,1.0,5.0,61.0,,67.0
2023,Urbana,all_victims,65+,M,Motocicleta,13.0,73.0,686.0,,772.0
2023,Urbana,all_victims,65+,M,Otros,5.0,5.0,35.0,,45.0
2023,Urbana,all_victims,65+,M,Peatón,84.0,266.0,1176.0,,1526.0
2023,Urbana,all_victims,65+,M,Total,135.0,501.0,3801.0,,4437.0
2023,Urbana,all_victims,65+,M,Turismo,15.0,42.0,1059.0,,1116.0
2023,Urbana,all_victims,65+,M,VMP,1.0,3.0,27.0,,31.0
2023,Urbana,all_victims,65+,M,Vehículo pesado,0.0,0.0,12.0,,12.0
2023,Urbana,all_victims,65+,UNK,Autobús,0.0,0.0,1.0,,1.0
2023,Urbana,all_victims,65+,UNK,Bicicleta,0.0,0.0,0.0,,0.0
2023,Urbana,all_victims,65+,UNK,Ciclomotor,0.0,0.0,1.0,,1.0
2023,Urbana,all_victims,65+,UNK,Desconocido,0.0,0.0,0.0,,0.0
2023,Urbana,all_victims,65+,UNK,Furgoneta,0.0,0.0,0.0,,0.0
2023,Urbana,all_victims,65+,UNK,Motocicleta,0.0,0.0,0.0,,0.0
2023,Urbana,all_victims,65+,UNK,Otros,0.0,0.0,0.0,,0.0
2023,Urbana,all_victims,65+,UNK,Peatón,0.0,2.0,10.0,,12.0
2023,Urbana,all_victims,65+,UNK,Total,0.0,3.0,17.0,,20.0
2023,Urbana,all_victims,65+,UNK,Turismo,0.0,1.0,5.0,,6.0
2023,Urbana,all_victims,65+,UNK,VMP,0.0,0.0,0.0,,0.0
2023,Urbana,all_victims,65+,UNK,Vehículo pesado,0.0,0.0,0.0,,0.0
2023,Urbana,all_victims,Desconocida,F,Autobús,0.0,0.0,123.0,,123.0
2023,Urbana,all_victims,Desconocida,F,Bicicleta,0.0,1.0,120.0,,121.0
2023,Urbana,all_victims,Desconocida,F,Ciclomotor,0.0,0.0,39.0,,39.0
2023,Urbana,all_victims,Desconocida,F,Desconocido,0.0,0.0,2.0,,2.0
2023,Urbana,all_victims,Desconocida,F,Furgoneta,1.0,0.0,13.0,,14.0
2023,Urbana,all_victims,Desconocida,F,Motocicleta,0.0,4.0,103.0,,107.0
2023,Urbana,all_victims,Desconocida,F,Otros,0.0,1.0,23.0,,24.0
2023,Urbana,all_victims,Desconocida,F,Peatón,1.0,15.0,247.0,,263.0
2023,Urbana,all_victims,Desconocida,F,Total,3.0,28.0,1304.0,,1335.0
2023,Urbana,all_victims,Desconocida,F,Turismo,1.0,4.0,405.0,,410.0
2023,Urbana,all_victims,Desconocida,F,VMP,0.0,3.0,226.0,,229.0
2023,Urbana,all_victims,Desconocida,F,Vehículo pesado,0.0,0.0,3.0,,3.0
2023,Urbana,all_victims,Desconocida,M,Autobús,0.0,0.0,35.0,,35.0
2023,Urbana,all_victims,Desconocida,M,Bicicleta,0.0,8.0,227.0,,235.0
2023,Urbana,all_victims,Desconocida,M,Ciclomotor,0.0,5.0,56.0,,61.0
2023,Urbana,all_victims,Desconocida,M,Desconocido,0.0,0.0,1.0,,1.0
2023,Urbana,all_victims,Desconocida,M,Furgoneta,0.0,1.0,24.0,,25.0
2023,Urbana,all_victims,Desconocida,M,Motocicleta,2.0,9.0,334.0,,345.0
2023,Urbana,all_victims,Desconocida,M,Otros,0.0,2.0,68.0,,70.0
2023,Urbana,all_victims,Desconocida,M,Peatón,2.0,9.0,180.0,,191.0
2023,Urbana,all_victims,Desconocida,M,Total,7.0,48.0,1738.0,,1793.0
2023,Urbana,all_victims,Desconocida,M,Turismo,3.0,3.0,486.0,,492.0
2023,Urbana,all_victims,Desconocida,M,VMP,0.0,10.0,318.0,,328.0
2023,Urbana,all_victims,Desconocida,M,Vehículo pesado,0.0,1.0,9.0,,10.0
2023,Urbana,all_victims,Desconocida,UNK,Autobús,0.0,0.0,1.0,,1.0
2023,Urbana,all_victims,Desconocida,UNK,Bicicleta,0.0,0.0,4.0,,4.0
2023,Urbana,all_victims,Desconocida,UNK,Ciclomotor,0.0,0.0,0.0,,0.0
2023,Urbana,all_victims,Desconocida,UNK,Desconocido,0.0,0.0,8.0,,8.0
2023,Urbana,all_victims,Desconocida,UNK,Furgoneta,0.0,0.0,0.0,,0.0
2023,Urbana,all_victims,Desconocida,UNK,Motocicleta,0.0,0.0,7.0,,7.0
2023,Urbana,all_victims,Desconocida,UNK,Otros,0.0,0.0,1.0,,1.0
2023,Urbana,all_victims,Desconocida,UNK,Peatón,0.0,0.0,9.0,,9.0
2023,Urbana,all_victims,Desconocida,UNK,Total,0.0,2.0,82.0,,84.0
2023,Urbana,all_victims,Desconocida,UNK,Turismo,0.0,2.0,47.0,,49.0
2023,Urbana,all_victims,Desconocida,UNK,VMP,0.0,0.0,5.0,,5.0
2023,Urbana,all_victims,Desconocida,UNK,Vehículo pesado,0.0,0.0,0.0,,0.0
2023,Urbana,drivers_involved,0–17,F,Autobús,,,,0.0,
2023,Urbana,drivers_involved,0–17,F,Bicicleta,,,,71.0,
2023,Urbana,drivers_involved,0–17,F,Ciclomotor,,,,113.0,
2023,Urbana,drivers_involved,0–17,F,Desconocido,,,,1.0,
2023,Urbana,drivers_involved,0–17,F,Furgoneta,,,,0.0,
2023,Urbana,drivers_involved,0–17,F,Motocicleta,,,,28.0,
2023,Urbana,drivers_involved,0–17,F,Otros,,,,22.0,
2023,Urbana,drivers_involved,0–17,F,Peatón,,,,0.0,
2023,Urbana,drivers_involved,0–17,F,Total,,,,475.0,
2023,Urbana,drivers_involved,0–17,F,Turismo,,,,2.0,
2023,Urbana,drivers_involved,0–17,F,VMP,,,,238.0,
2023,Urbana,drivers_involved,0–17,F,Vehículo pesado,,,,0.0,
2023,Urbana,drivers_involved,0–17,M,Autobús,,,,0.0,
2023,Urbana,drivers_involved,0–17,M,Bicicleta,,,,444.0,
2023,Urbana,drivers_involved,0–17,M,Ciclomotor,,,,604.0,
2023,Urbana,drivers_involved,0–17,M,Desconocido,,,,6.0,
2023,Urbana,drivers_involved,0–17,M,Furgoneta,,,,2.0,
2023,Urbana,drivers_involved,0–17,M,Motocicleta,,,,279.0,
2023,Urbana,drivers_involved,0–17,M,Otros,,,,49.0,
2023,Urbana,drivers_involved,0–17,M,Peatón,,,,0.0,
2023,Urbana,drivers_involved,0–17,M,Total,,,,1925.0,
2023,Urbana,drivers_involved,0–17,M,Turismo,,,,16.0,
2023,Urbana,drivers_involved,0–17,M,VMP,,,,525.0,
2023,Urbana,drivers_involved,0–17,M,Vehículo pesado,,,,0.0,
2023,Urbana,drivers_involved,0–17,UNK,Autobús,,,,0.0,
2023,Urbana,drivers_involved,0–17,UNK,Bicicleta,,,,4.0,
2023,Urbana,drivers_involved,0–17,UNK,Ciclomotor,,,,4.0,
2023,Urbana,drivers_involved,0–17,UNK,Desconocido,,,,1.0,
2023,Urbana,drivers_involved,0–17,UNK,Furgoneta,,,,0.0,
2023,Urbana,drivers_involved,0–17,UNK,Motocicleta,,,,0.0,
2023,Urbana,drivers_involved,0–17,UNK,Otros,,,,4.0,
2023,Urbana,drivers_involved,0–17,UNK,Peatón,,,,0.0,
2023,Urbana,drivers_involved,0–17,UNK,Total,,,,19.0,
2023,Urbana,drivers_involved,0–17,UNK,Turismo,,,,2.0,
2023,Urbana,drivers_involved,0–17,UNK,VMP,,,,4.0,
2023,Urbana,drivers_involved,0–17,UNK,Vehículo pesado,,,,0.0,
2023,Urbana,drivers_involved,18–24,F,Autobús,,,,0.0,
2023,Urbana,drivers_involved,18–24,F,Bicicleta,,,,130.0,
2023,Urbana,drivers_involved,18–24,F,Ciclomotor,,,,253.0,
2023,Urbana,drivers_involved,18–24,F,Desconocido,,,,8.0,
2023,Urbana,drivers_involved,18–24,F,Furgoneta,,,,49.0,
2023,Urbana,drivers_involved,18–24,F,Motocicleta,,,,283.0,
2023,Urbana,drivers_involved,18–24,F,Otros,,,,125.0,
2023,Urbana,drivers_involved,18–24,F,Peatón,,,,0.0,
2023,Urbana,drivers_involved,18–24,F,Total,,,,3521.0,
2023,Urbana,drivers_involved,18–24,F,Turismo,,,,2183.0,
2023,Urbana,drivers_involved,18–24,F,VMP,,,,482.0,
2023,Urbana,drivers_involved,18–24,F,Vehículo pesado,,,,8.0,
2023,Urbana,drivers_involved,18–24,M,Autobús,,,,2.0,
2023,Urbana,drivers_involved,18–24,M,Bicicleta,,,,500.0,
2023,Urbana,drivers_involved,18–24,M,Ciclomotor,,,,1061.0,
2023,Urbana,drivers_involved,18–24,M,Desconocido,,,,13.0,
2023,Urbana,drivers_involved,18–24,M,Furgoneta,,,,415.0,
2023,Urbana,drivers_involved,18–24,M,Motocicleta,,,,2050.0,
2023,Urbana,drivers_involved,18–24,M,Otros,,,,236.0,
2023,Urbana,drivers_involved,18–24,M,Peatón,,,,0.0,
2023,Urbana,drivers_involved,18–24,M,Total,,,,9559.0,
2023,Urbana,drivers_involved,18–24,M,Turismo,,,,4339.0,
2023,Urbana,drivers_involved,18–24,M,VMP,,,,884.0,
2023,Urbana,drivers_involved,18–24,M,Vehículo pesado,,,,59.0,
2023,Urbana,drivers_involved,18–24,UNK,Autobús,,,,0.0,
2023,Urbana,drivers_involved,18–24,UNK,Bicicleta,,,,3.0,
2023,Urbana,drivers_involved,18–24,UNK,Ciclomotor,,,,6.0,
2023,Urbana,drivers_involved,18–24,UNK,Desconocido,,,,0.0,
2023,Urbana,drivers_involved,18–24,UNK,Furgoneta,,,,1.0,
2023,Urbana,drivers_involved,18–24,UNK,Motocicleta,,,,3.0,
2023,Urbana,drivers_involved,18–24,UNK,Otros,,,,7.0,
2023,Urbana,drivers_involved,18–24,UNK,Peatón,,,,0.0,
2023,Urbana,drivers_involved,18–24,UNK,Total,,,,46.0,
2023,Urbana,drivers_involved,18–24,UNK,Turismo,,,,18.0,
2023,Urbana,drivers_involved,18–24,UNK,VMP,,,,8.0,
2023,Urbana,drivers_involved,18–24,UNK,Vehículo pesado,,,,0.0,
2023,Urbana,drivers_involved,25–44,F,Autobús,,,,138.0,
2023,Urbana,drivers_involved,25–44,F,Bicicleta,,,,476.0,
2023,Urbana,drivers_involved,25–44,F,Ciclomotor,,,,412.0,
2023,Urbana,drivers_involved,25–44,F,Desconocido,,,,11.0,
2023,Urbana,drivers_involved,25–44,F,Furgoneta,,,,329.0,
2023,Urbana,drivers_involved,25–44,F,Motocicleta,,,,1956.0,
2023,Urbana,drivers_involved,25–44,F,Otros,,,,251.0,
2023,Urbana,drivers_involved,25–44,F,Peatón,,,,0.0,
2023,Urbana,drivers_involved,25–44,F,Total,,,,13776.0,
2023,Urbana,drivers_involved,25–44,F,Turismo,,,,9249.0,
2023,Urbana,drivers_involved,25–44,F,VMP,,,,916.0,
2023,Urbana,drivers_involved,25–44,F,Vehículo pesado,,,,38.0,
2023,Urbana,drivers_involved,25–44,M,Autobús,,,,629.0,
2023,Urbana,drivers_involved,25–44,M,Bicicleta,,,,1277.0,
2023,Urbana,drivers_involved,25–44,M,Ciclomotor,,,,910.0,
2023,Urbana,drivers_involved,25–44,M,Desconocido,,,,52.0,
2023,Urbana,drivers_involved,25–44,M,Furgoneta,,,,2177.0,
2023,Urbana,drivers_involved,25–44,M,Motocicleta,,,,8093.0,
2023,Urbana,drivers_involved,25–44,M,Otros,,,,540.0,
2023,Urbana,drivers_involved,25–44,M,Peatón,,,,0.0,
2023,Urbana,drivers_involved,25–44,M,Total,,,,29315.0,
2023,Urbana,drivers_involved,25–44,M,Turismo,,,,13685.0,
2023,Urbana,drivers_involved,25–44,M,VMP,,,,1337.0,
2023,Urbana,drivers_involved,25–44,M,Vehículo pesado,,,,615.0,
2023,Urbana,drivers_involved,25–44,UNK,Autobús,,,,1.0,
2023,Urbana,drivers_involved,25–44,UNK,Bicicleta,,,,4.0,
2023,Urbana,drivers_involved,25–44,UNK,Ciclomotor,,,,2.0,
2023,Urbana,drivers_involved,25–44,UNK,Desconocido,,,,2.0,
2023,Urbana,drivers_involved,25–44,UNK,Furgoneta,,,,6.0,
2023,Urbana,drivers_involved,25–44,UNK,Motocicleta,,,,15.0,
2023,Urbana,drivers_involved,25–44,UNK,Otros,,,,7.0,
2023,Urbana,drivers_involved,25–44,UNK,Peatón,,,,0.0,
2023,Urbana,drivers_involved,25–44,UNK,Total,,,,103.0,
2023,Urbana,drivers_involved,25–44,UNK,Turismo,,,,56.0,
2023,Urbana,drivers_involved,25–44,UNK,VMP,,,,8.0,
2023,Urbana,drivers_involved,25–44,UNK,Vehículo pesado,,,,2.0,
2023,Urbana,drivers_involved,45–64,F,Autobús,,,,141.0,
2023,Urbana,drivers_involved,45–64,F,Bicicleta,,,,325.0,
2023,Urbana,drivers_involved,45–64,F,Ciclomotor,,,,310.0,
2023,Urbana,drivers_involved,45–64,F,Desconocido,,,,10.0,
2023,Urbana,drivers_involved,45–64,F,Furgoneta,,,,242.0,
2023,Urbana,drivers_involved,45–64,F,Motocicleta,,,,1082.0,
2023,Urbana,drivers_involved,45–64,F,Otros,,,,104.0,
2023,Urbana,drivers_involved,45–64,F,Peatón,,,,0.0,
2023,Urbana,drivers_involved,45–64,F,Total,,,,9911.0,
2023,Urbana,drivers_involved,45–64,F,Turismo,,,,7382.0,
2023,Urbana,drivers_involved,45–64,F,VMP,,,,282.0,
2023,Urbana,drivers_involved,45–64,F,Vehículo pesado,,,,33.0,
2023,Urbana,drivers_involved,45–64,M,Autobús,,,,1399.0,
2023,Urbana,drivers_involved,45–64,M,Bicicleta,,,,1381.0,
2023,Urbana,drivers_involved,45–64,M,Ciclomotor,,,,593.0,
2023,Urbana,drivers_involved,45–64,M,Desconocido,,,,37.0,
2023,Urbana,drivers_involved,45–64,M,Furgoneta,,,,2173.0,
2023,Urbana,drivers_involved,45–64,M,Motocicleta,,,,6206.0,
2023,Urbana,drivers_involved,45–64,M,Otros,,,,389.0,
2023,Urbana,drivers_involved,45–64,M,Peatón,,,,0.0,
2023,Urbana,drivers_involved,45–64,M,Total,,,,27147.0,
2023,Urbana,drivers_involved,45–64,M,Turismo,,,,13637.0,
2023,Urbana,drivers_involved,45–64,M,VMP,,,,527.0,
2023,Urbana,drivers_involved,45–64,M,Vehículo pesado,,,,805.0,
2023,Urbana,drivers_involved,45–64,UNK,Autobús,,,,2.0,
2023,Urbana,drivers_involved,45–64,UNK,Bicicleta,,,,8.0,
2023,Urbana,drivers_involved,45–64,UNK,Ciclomotor,,,,1.0,
2023,Urbana,drivers_involved,45–64,UNK,Desconocido,,,,0.0,
2023,Urbana,drivers_involved,45–64,UNK,Furgoneta,,,,2.0,
2023,Urbana,drivers_involved,45–64,UNK,Motocicleta,,,,9.0,
2023,Urbana,drivers_involved,45–64,UNK,Otros,,,,2.0,
2023,Urbana,drivers_involved,45–64,UNK,Peatón,,,,0.0,
2023,Urbana,drivers_involved,45–64,UNK,Total,,,,64.0,
2023,Urbana,drivers_involved,45–64,UNK,Turismo,,,,37.0,
2023,Urbana,drivers_involved,45–64,UNK,VMP,,,,3.0,
2023,Urbana,drivers_involved,45–64,UNK,Vehículo pesado,,,,0.0,
2023,Urbana,drivers_involved,65+,F,Autobús,,,,0.0,
2023,Urbana,drivers_involved,65+,F,Bicicleta,,,,62.0,
2023,Urbana,drivers_involved,65+,F,Ciclomotor,,,,20.0,
2023,Urbana,drivers_involved,65+,F,Desconocido,,,,3.0,
2023,Urbana,drivers_involved,65+,F,Furgoneta,,,,21.0,
2023,Urbana,drivers_involved,65+,F,Motocicleta,,,,27.0,
2023,Urbana,drivers_involved,65+,F,Otros,,,,6.0,
2023,Urbana,drivers_involved,65+,F,Peatón,,,,0.0,
2023,Urbana,drivers_involved,65+,F,Total,,,,1521.0,
2023,Urbana,drivers_involved,65+,F,Turismo,,,,1366.0,
2023,Urbana,drivers_involved,65+,F,VMP,,,,12.0,
2023,Urbana,drivers_involved,65+,F,Vehículo pesado,,,,4.0,
2023,Urbana,drivers_involved,65+,M,Autobús,,,,6.0,
2023,Urbana,drivers_involved,65+,M,Bicicleta,,,,496.0,
2023,Urbana,drivers_involved,65+,M,Ciclomotor,,,,189.0,
2023,Urbana,drivers_involved,65+,M,Desconocido,,,,11.0,
2023,Urbana,drivers_involved,65+,M,Furgoneta,,,,311.0,
2023,Urbana,drivers_involved,65+,M,Motocicleta,,,,825.0,
2023,Urbana,drivers_involved,65+,M,Otros,,,,66.0,
2023,Urbana,drivers_involved,65+,M,Peatón,,,,0.0,
2023,Urbana,drivers_involved,65+,M,Total,,,,6917.0,
2023,Urbana,drivers_involved,65+,M,Turismo,,,,4917.0,
2023,Urbana,drivers_involved,65+,M,VMP,,,,37.0,
2023,Urbana,drivers_involved,65+,M,Vehículo pesado,,,,59.0,
2023,Urbana,drivers_involved,65+,UNK,Autobús,,,,0.0,
2023,Urbana,drivers_involved,65+,UNK,Bicicleta,,,,0.0,
2023,Urbana,drivers_involved,65+,UNK,Ciclomotor,,,,1.0,
2023,Urbana,drivers_involved,65+,UNK,Desconocido,,,,0.0,
2023,Urbana,drivers_involved,65+,UNK,Furgoneta,,,,0.0,
2023,Urbana,drivers_involved,65+,UNK,Motocicleta,,,,0.0,
2023,Urbana,drivers_involved,65+,UNK,Otros,,,,0.0,
2023,Urbana,drivers_involved,65+,UNK,Peatón,,,,0.0,
2023,Urbana,drivers_involved,65+,UNK,Total,,,,13.0,
2023,Urbana,drivers_involved,65+,UNK,Turismo,,,,11.0,
2023,Urbana,drivers_involved,65+,UNK,VMP,,,,1.0,
2023,Urbana,drivers_involved,65+,UNK,Vehículo pesado,,,,0.0,
2023,Urbana,drivers_involved,Desconocida,F,Autobús,,,,5.0,
2023,Urbana,drivers_involved,Desconocida,F,Bicicleta,,,,137.0,
2023,Urbana,drivers_involved,Desconocida,F,Ciclomotor,,,,19.0,
2023,Urbana,drivers_involved,Desconocida,F,Desconocido,,,,5.0,
2023,Urbana,drivers_involved,Desconocida,F,Furgoneta,,,,14.0,
2023,Urbana,drivers_involved,Desconocida,F,Motocicleta,,,,56.0,
2023,Urbana,drivers_involved,Desconocida,F,Otros,,,,29.0,
2023,Urbana,drivers_involved,Desconocida,F,Peatón,,,,0.0,
2023,Urbana,drivers_involved,Desconocida,F,Total,,,,922.0,
2023,Urbana,drivers_involved,Desconocida,F,Turismo,,,,415.0,
2023,Urbana,drivers_involved,Desconocida,F,VMP,,,,242.0,
2023,Urbana,drivers_involved,Desconocida,F,Vehículo pesado,,,,0.0,
2023,Urbana,drivers_involved,Desconocida,M,Autobús,,,,48.0,
2023,Urbana,drivers_involved,Desconocida,M,Bicicleta,,,,295.0,
2023,Urbana,drivers_involved,Desconocida,M,Ciclomotor,,,,60.0,
2023,Urbana,drivers_involved,Desconocida,M,Desconocido,,,,12.0,
2023,Urbana,drivers_involved,Desconocida,M,Furgoneta,,,,94.0,
2023,Urbana,drivers_involved,Desconocida,M,Motocicleta,,,,357.0,
2023,Urbana,drivers_involved,Desconocida,M,Otros,,,,104.0,
2023,Urbana,drivers_involved,Desconocida,M,Peatón,,,,0.0,
2023,Urbana,drivers_involved,Desconocida,M,Total,,,,2577.0,
2023,Urbana,drivers_involved,Desconocida,M,Turismo,,,,1182.0,
2023,Urbana,drivers_involved,Desconocida,M,VMP,,,,401.0,
2023,Urbana,drivers_involved,Desconocida,M,Vehículo pesado,,,,24.0,
2023,Urbana,drivers_involved,Desconocida,UNK,Autobús,,,,33.0,
2023,Urbana,drivers_involved,Desconocida,UNK,Bicicleta,,,,25.0,
2023,Urbana,drivers_involved,Desconocida,UNK,Ciclomotor,,,,8.0,
2023,Urbana,drivers_involved,Desconocida,UNK,Desconocido,,,,669.0,
2023,Urbana,drivers_involved,Desconocida,UNK,Furgoneta,,,,43.0,
2023,Urbana,drivers_involved,Desconocida,UNK,Motocicleta,,,,35.0,
2023,Urbana,drivers_involved,Desconocida,UNK,Otros,,,,23.0,
2023,Urbana,drivers_involved,Desconocida,UNK,Peatón,,,,0.0,
2023,Urbana,drivers_involved,Desconocida,UNK,Total,,,,1313.0,
2023,Urbana,drivers_involved,Desconocida,UNK,Turismo,,,,411.0,
2023,Urbana,drivers_involved,Desconocida,UNK,VMP,,,,55.0,
2023,Urbana,drivers_involved,Desconocida,UNK,Vehículo pesado,,,,11.0,
2023,Urbana,drivers_victims,0–17,F,Autobús,0.0,0.0,0.0,,0.0
2023,Urbana,drivers_victims,0–17,F,Bicicleta,0.0,3.0,55.0,,58.0
2023,Urbana,drivers_victims,0–17,F,Ciclomotor,0.0,5.0,98.0,,103.0
2023,Urbana,drivers_victims,0–17,F,Desconocido,0.0,0.0,1.0,,1.0
2023,Urbana,drivers_victims,0–17,F,Furgoneta,0.0,0.0,0.0,,0.0
2023,Urbana,drivers_victims,0–17,F,Motocicleta,0.0,1.0,26.0,,27.0
2023,Urbana,drivers_victims,0–17,F,Otros,0.0,0.0,15.0,,15.0
2023,Urbana,drivers_victims,0–17,F,Total,0.0,19.0,388.0,,407.0
2023,Urbana,drivers_victims,0–17,F,Turismo,0.0,0.0,1.0,,1.0
2023,Urbana,drivers_victims,0–17,F,VMP,0.0,10.0,192.0,,202.0
2023,Urbana,drivers_victims,0–17,F,Vehículo pesado,0.0,0.0,0.0,,0.0
2023,Urbana,drivers_victims,0–17,M,Autobús,0.0,0.0,0.0,,0.0
2023,Urbana,drivers_victims,0–17,M,Bicicleta,1.0,20.0,358.0,,379.0
2023,Urbana,drivers_victims,0–17,M,Ciclomotor,4.0,48.0,487.0,,539.0
2023,Urbana,drivers_victims,0–17,M,Desconocido,0.0,1.0,2.0,,3.0
2023,Urbana,drivers_victims,0–17,M,Furgoneta,0.0,0.0,2.0,,2.0
2023,Urbana,drivers_victims,0–17,M,Motocicleta,2.0,29.0,219.0,,250.0
2023,Urbana,drivers_victims,0–17,M,Otros,0.0,2.0,34.0,,36.0
2023,Urbana,drivers_victims,0–17,M,Total,7.0,124.0,1523.0,,1654.0
2023,Urbana,drivers_victims,0–17,M,Turismo,0.0,0.0,8.0,,8.0
2023,Urbana,drivers_victims,0–17,M,VMP,0.0,24.0,413.0,,437.0
2023,Urbana,drivers_victims,0–17,M,Vehículo pesado,0.0,0.0,0.0,,0.0
2023,Urbana,drivers_victims,0–17,UNK,Autobús,0.0,0.0,0.0,,0.0
2023,Urbana,drivers_victims,0–17,UNK,Bicicleta,0.0,0.0,2.0,,2.0
2023,Urbana,drivers_victims,0–17,UNK,Ciclomotor,0.0,1.0,2.0,,3.0
2023,Urbana,drivers_victims,0–17,UNK,Desconocido,0.0,0.0,1.0,,1.0
2023,Urbana,drivers_victims,0–17,UNK,Furgoneta,0.0,0.0,0.0,,0.0
2023,Urbana,drivers_victims,0–17,UNK,Motocicleta,0.0,0.0,0.0,,0.0
2023,Urbana,drivers_victims,0–17,UNK,Otros,0.0,1.0,3.0,,4.0
2023,Urbana,drivers_victims,0–17,UNK,Total,0.0,2.0,11.0,,13.0
2023,Urbana,drivers_victims,0–17,UNK,Turismo,0.0,0.0,0.0,,0.0
2023,Urbana,drivers_victims,0–17,UNK,VMP,0.0,0.0,3.0,,3.0
2023,Urbana,drivers_victims,0–17,UNK,Vehículo pesado,0.0,0.0,0.0,,0.0
2023,Urbana,drivers_victims,18–24,F,Autobús,0.0,0.0,0.0,,0.0
2023,Urbana,drivers_victims,18–24,F,Bicicleta,0.0,4.0,113.0,,117.0
2023,Urbana,drivers_victims,18–24,F,Ciclomotor,0.0,4.0,235.0,,239.0
2023,Urbana,drivers_victims,18–24,F,Desconocido,0.0,0.0,8.0,,8.0
2023,Urbana,drivers_victims,18–24,F,Furgoneta,0.0,0.0,9.0,,9.0
2023,Urbana,drivers_victims,18–24,F,Motocicleta,0.0,8.0,263.0,,271.0
2023,Urbana,drivers_victims,18–24,F,Otros,1.0,1.0,105.0,,107.0
2023,Urbana,drivers_victims,18–24,F,Total,4.0,46.0,1997.0,,2047.0
2023,Urbana,drivers_victims,18–24,F,Turismo,1.0,6.0,833.0,,840.0
2023,Urbana,drivers_victims,18–24,F,VMP,2.0,23.0,430.0,,455.0
2023,Urbana,drivers_victims,18–24,F,Vehículo pesado,0.0,0.0,1.0,,1.0
2023,Urbana,drivers_victims,18–24,M,Autobús,0.0,0.0,0.0,,0.0
2023,Urbana,drivers_victims,18–24,M,Bicicleta,0.0,18.0,407.0,,425.0
2023,Urbana,drivers_victims,18–24,M,Ciclomotor,3.0,55.0,921.0,,979.0
2023,Urbana,drivers_victims,18–24,M,Desconocido,0.0,0.0,7.0,,7.0
2023,Urbana,drivers_victims,18–24,M,Furgoneta,0.0,3.0,79.0,,82.0
2023,Urbana,drivers_victims,18–24,M,Motocicleta,19.0,168.0,1686.0,,1873.0
2023,Urbana,drivers_victims,18–24,M,Otros,1.0,8.0,176.0,,185.0
2023,Urbana,drivers_victims,18–24,M,Total,30.0,320.0,5280.0,,5630.0
2023,Urbana,drivers_victims,18–24,M,Turismo,6.0,30.0,1258.0,,1294.0
2023,Urbana,drivers_victims,18–24,M,VMP,0.0,38.0,736.0,,774.0
2023,Urbana,drivers_victims,18–24,M,Vehículo pesado,1.0,0.0,10.0,,11.0
2023,Urbana,drivers_victims,18–24,UNK,Autobús,0.0,0.0,0.0,,0.0
2023,Urbana,drivers_victims,18–24,UNK,Bicicleta,0.0,0.0,2.0,,2.0
2023,Urbana,drivers_victims,18–24,UNK,Ciclomotor,0.0,0.0,6.0,,6.0
2023,Urbana,drivers_victims,18–24,UNK,Desconocido,0.0,0.0,0.0,,0.0
2023,Urbana,drivers_victims,18–24,UNK,Furgoneta,0.0,0.0,0.0,,0.0
2023,Urbana,drivers_victims,18–24,UNK,Motocicleta,0.0,1.0,2.0,,3.0
2023,Urbana,drivers_victims,18–24,UNK,Otros,0.0,1.0,5.0,,6.0
2023,Urbana,drivers_victims,18–24,UNK,Total,0.0,3.0,29.0,,32.0
2023,Urbana,drivers_victims,18–24,UNK,Turismo,0.0,0.0,8.0,,8.0
2023,Urbana,drivers_victims,18–24,UNK,VMP,0.0,1.0,6.0,,7.0
2023,Urbana,drivers_victims,18–24,UNK,Vehículo pesado,0.0,0.0,0.0,,0.0
2023,Urbana,drivers_victims,25–44,F,Autobús,0.0,0.0,11.0,,11.0
2023,Urbana,drivers_victims,25–44,F,Bicicleta,0.0,22.0,410.0,,432.0
2023,Urbana,drivers_victims,25–44,F,Ciclomotor,0.0,17.0,375.0,,392.0
2023,Urbana,drivers_victims,25–44,F,Desconocido,0.0,0.0,8.0,,8.0
2023,Urbana,drivers_victims,25–44,F,Furgoneta,0.0,2.0,90.0,,92.0
2023,Urbana,drivers_victims,25–44,F,Motocicleta,4.0,68.0,1783.0,,1855.0
2023,Urbana,drivers_victims,25–44,F,Otros,0.0,10.0,205.0,,215.0
2023,Urbana,drivers_victims,25–44,F,Total,6.0,190.0,7329.0,,7525.0
2023,Urbana,drivers_victims,25–44,F,Turismo,1.0,23.0,3606.0,,3630.0
2023,Urbana,drivers_victims,25–44,F,VMP,1.0,47.0,834.0,,882.0
2023,Urbana,drivers_victims,25–44,F,Vehículo pesado,0.0,1.0,7.0,,8.0
2023,Urbana,drivers_victims,25–44,M,Autobús,0.0,0.0,36.0,,36.0
2023,Urbana,drivers_victims,25–44,M,Bicicleta,4.0,66.0,1040.0,,1110.0
2023,Urbana,drivers_victims,25–44,M,Ciclomotor,2.0,42.0,796.0,,840.0
2023,Urbana,drivers_victims,25–44,M,Desconocido,0.0,2.0,27.0,,29.0
2023,Urbana,drivers_victims,25–44,M,Furgoneta,0.0,8.0,414.0,,422.0
2023,Urbana,drivers_victims,25–44,M,Motocicleta,50.0,598.0,6814.0,,7462.0
2023,Urbana,drivers_victims,25–44,M,Otros,6.0,21.0,333.0,,360.0
2023,Urbana,drivers_victims,25–44,M,Total,77.0,893.0,14263.0,,15233.0
2023,Urbana,drivers_victims,25–44,M,Turismo,13.0,62.0,3598.0,,3673.0
2023,Urbana,drivers_victims,25–44,M,VMP,2.0,90.0,1136.0,,1228.0
2023,Urbana,drivers_victims,25–44,M,Vehículo pesado,0.0,4.0,69.0,,73.0
2023,Urbana,drivers_victims,25–44,UNK,Autobús,0.0,0.0,0.0,,0.0
2023,Urbana,drivers_victims,25–44,UNK,Bicicleta,0.0,1.0,3.0,,4.0
2023,Urbana,drivers_victims,25–44,UNK,Ciclomotor,0.0,1.0,1.0,,2.0
2023,Urbana,drivers_victims,25–44,UNK,Desconocido,0.0,0.0,1.0,,1.0
2023,Urbana,drivers_victims,25–44,UNK,Furgoneta,0.0,0.0,3.0,,3.0
2023,Urbana,drivers_victims,25–44,UNK,Motocicleta,0.0,2.0,12.0,,14.0
2023,Urbana,drivers_victims,25–44,UNK,Otros,0.0,0.0,5.0,,5.0
2023,Urbana,drivers_victims,25–44,UNK,Total,0.0,5.0,51.0,,56.0
2023,Urbana,drivers_victims,25–44,UNK,Turismo,0.0,1.0,18.0,,19.0
2023,Urbana,drivers_victims,25–44,UNK,VMP,0.0,0.0,8.0,,8.0
2023,Urbana,drivers_victims,25–44,UNK,Vehículo pesado,0.0,0.0,0.0,,0.0
2023,Urbana,drivers_victims,45–64,F,Autobús,1.0,0.0,6.0,,7.0
2023,Urbana,drivers_victims,45–64,F,Bicicleta,0.0,33.0,280.0,,313.0
2023,Urbana,drivers_victims,45–64,F,Ciclomotor,0.0,21.0,281.0,,302.0
2023,Urbana,drivers_victims,45–64,F,Desconocido,0.0,0.0,5.0,,5.0
2023,Urbana,drivers_victims,45–64,F,Furgoneta,0.0,1.0,61.0,,62.0
2023,Urbana,drivers_victims,45–64,F,Motocicleta,1.0,49.0,979.0,,1029.0
2023,Urbana,drivers_victims,45–64,F,Otros,0.0,6.0,79.0,,85.0
2023,Urbana,drivers_victims,45–64,F,Total,2.0,158.0,4554.0,,4714.0
2023,Urbana,drivers_victims,45–64,F,Turismo,0.0,34.0,2605.0,,2639.0
2023,Urbana,drivers_victims,45–64,F,VMP,0.0,14.0,249.0,,263.0
2023,Urbana,drivers_victims,45–64,F,Vehículo pesado,0.0,0.0,9.0,,9.0
2023,Urbana,drivers_victims,45–64,M,Autobús,0.0,2.0,72.0,,74.0
2023,Urbana,drivers_victims,45–64,M,Bicicleta,11.0,144.0,1135.0,,1290.0
2023,Urbana,drivers_victims,45–64,M,Ciclomotor,4.0,48.0,504.0,,556.0
2023,Urbana,drivers_victims,45–64,M,Desconocido,0.0,1.0,21.0,,22.0
2023,Urbana,drivers_victims,45–64,M,Furgoneta,2.0,9.0,373.0,,384.0
2023,Urbana,drivers_victims,45–64,M,Motocicleta,37.0,566.0,5089.0,,5692.0
2023,Urbana,drivers_victims,45–64,M,Otros,5.0,22.0,172.0,,199.0
2023,Urbana,drivers_victims,45–64,M,Total,79.0,910.0,10766.0,,11755.0
2023,Urbana,drivers_victims,45–64,M,Turismo,15.0,58.0,2868.0,,2941.0
2023,Urbana,drivers_victims,45–64,M,VMP,2.0,56.0,434.0,,492.0
2023,Urbana,drivers_victims,45–64,M,Vehículo pesado,3.0,4.0,98.0,,105.0
2023,Urbana,drivers_victims,45–64,UNK,Autobús,0.0,0.0,0.0,,0.0
2023,Urbana,drivers_victims,45–64,UNK,Bicicleta,0.0,2.0,6.0,,8.0
2023,Urbana,drivers_victims,45–64,UNK,Ciclomotor,0.0,0.0,1.0,,1.0
2023,Urbana,drivers_victims,45–64,UNK,Desconocido,0.0,0.0,0.0,,0.0
2023,Urbana,drivers_victims,45–64,UNK,Furgoneta,0.0,0.0,0.0,,0.0
2023,Urbana,drivers_victims,45–64,UNK,Motocicleta,0.0,1.0,8.0,,9.0
2023,Urbana,drivers_victims,45–64,UNK,Otros,0.0,0.0,2.0,,2.0
2023,Urbana,drivers_victims,45–64,UNK,Total,0.0,5.0,26.0,,31.0
2023,Urbana,drivers_victims,45–64,UNK,Turismo,0.0,2.0,6.0,,8.0
2023,Urbana,drivers_victims,45–64,UNK,VMP,0.0,0.0,3.0,,3.0
2023,Urbana,drivers_victims,45–64,UNK,Vehículo pesado,0.0,0.0,0.0,,0.0
2023,Urbana,drivers_victims,65+,F,Autobús,0.0,0.0,0.0,,0.0
2023,Urbana,drivers_victims,65+,F,Bicicleta,1.0,10.0,49.0,,60.0
2023,Urbana,drivers_victims,65+,F,Ciclomotor,0.0,2.0,15.0,,17.0
2023,Urbana,drivers_victims,65+,F,Desconocido,0.0,0.0,1.0,,1.0
2023,Urbana,drivers_victims,65+,F,Furgoneta,0.0,0.0,8.0,,8.0
2023,Urbana,drivers_victims,65+,F,Motocicleta,0.0,1.0,25.0,,26.0
2023,Urbana,drivers_victims,65+,F,Otros,0.0,0.0,3.0,,3.0
2023,Urbana,drivers_victims,65+,F,Total,1.0,30.0,515.0,,546.0
2023,Urbana,drivers_victims,65+,F,Turismo,0.0,17.0,402.0,,419.0
2023,Urbana,drivers_victims,65+,F,VMP,0.0,0.0,12.0,,12.0
2023,Urbana,drivers_victims,65+,F,Vehículo pesado,0.0,0.0,0.0,,0.0
2023,Urbana,drivers_victims,65+,M,Autobús,0.0,0.0,1.0,,1.0
2023,Urbana,drivers_victims,65+,M,Bicicleta,12.0,76.0,390.0,,478.0
2023,Urbana,drivers_victims,65+,M,Ciclomotor,3.0,20.0,156.0,,179.0
2023,Urbana,drivers_victims,65+,M,Desconocido,0.0,0.0,4.0,,4.0
2023,Urbana,drivers_victims,65+,M,Furgoneta,1.0,5.0,53.0,,59.0
2023,Urbana,drivers_victims,65+,M,Motocicleta,13.0,73.0,680.0,,766.0
2023,Urbana,drivers_victims,65+,M,Otros,5.0,5.0,30.0,,40.0
2023,Urbana,drivers_victims,65+,M,Total,47.0,218.0,2240.0,,2505.0
2023,Urbana,drivers_victims,65+,M,Turismo,12.0,36.0,887.0,,935.0
2023,Urbana,drivers_victims,65+,M,VMP,1.0,3.0,27.0,,31.0
2023,Urbana,drivers_victims,65+,M,Vehículo pesado,0.0,0.0,12.0,,12.0
2023,Urbana,drivers_victims,65+,UNK,Autobús,0.0,0.0,0.0,,0.0
2023,Urbana,drivers_victims,65+,UNK,Bicicleta,0.0,0.0,0.0,,0.0
2023,Urbana,drivers_victims,65+,UNK,Ciclomotor,0.0,0.0,1.0,,1.0
2023,Urbana,drivers_victims,65+,UNK,Desconocido,0.0,0.0,0.0,,0.0
2023,Urbana,drivers_victims,65+,UNK,Furgoneta,0.0,0.0,0.0,,0.0
2023,Urbana,drivers_victims,65+,UNK,Motocicleta,0.0,0.0,0.0,,0.0
2023,Urbana,drivers_victims,65+,UNK,Otros,0.0,0.0,0.0,,0.0
2023,Urbana,drivers_victims,65+,UNK,Total,0.0,1.0,2.0,,3.0
2023,Urbana,drivers_victims,65+,UNK,Turismo,0.0,1.0,1.0,,2.0
2023,Urbana,drivers_victims,65+,UNK,VMP,0.0,0.0,0.0,,0.0
2023,Urbana,drivers_victims,65+,UNK,Vehículo pesado,0.0,0.0,0.0,,0.0
2023,Urbana,drivers_victims,Desconocida,F,Autobús,0.0,0.0,1.0,,1.0
2023,Urbana,drivers_victims,Desconocida,F,Bicicleta,0.0,1.0,119.0,,120.0
2023,Urbana,drivers_victims,Desconocida,F,Ciclomotor,0.0,0.0,17.0,,17.0
2023,Urbana,drivers_victims,Desconocida,F,Desconocido,0.0,0.0,2.0,,2.0
2023,Urbana,drivers_victims,Desconocida,F,Furgoneta,0.0,0.0,3.0,,3.0
2023,Urbana,drivers_victims,Desconocida,F,Motocicleta,0.0,3.0,48.0,,51.0
2023,Urbana,drivers_victims,Desconocida,F,Otros,0.0,1.0,21.0,,22.0
2023,Urbana,drivers_victims,Desconocida,F,Total,0.0,8.0,586.0,,594.0
2023,Urbana,drivers_victims,Desconocida,F,Turismo,0.0,0.0,158.0,,158.0
2023,Urbana,drivers_victims,Desconocida,F,VMP,0.0,3.0,217.0,,220.0
2023,Urbana,drivers_victims,Desconocida,F,Vehículo pesado,0.0,0.0,0.0,,0.0
2023,Urbana,drivers_victims,Desconocida,M,Autobús,0.0,0.0,6.0,,6.0
2023,Urbana,drivers_victims,Desconocida,M,Bicicleta,0.0,8.0,226.0,,234.0
2023,Urbana,drivers_victims,Desconocida,M,Ciclomotor,0.0,4.0,48.0,,52.0
2023,Urbana,drivers_victims,Desconocida,M,Desconocido,0.0,0.0,1.0,,1.0
2023,Urbana,drivers_victims,Desconocida,M,Furgoneta,0.0,1.0,11.0,,12.0
2023,Urbana,drivers_victims,Desconocida,M,Motocicleta,2.0,9.0,311.0,,322.0
2023,Urbana,drivers_victims,Desconocida,M,Otros,0.0,2.0,67.0,,69.0
2023,Urbana,drivers_victims,Desconocida,M,Total,4.0,35.0,1291.0,,1330.0
2023,Urbana,drivers_victims,Desconocida,M,Turismo,2.0,1.0,299.0,,302.0
2023,Urbana,drivers_victims,Desconocida,M,VMP,0.0,10.0,317.0,,327.0
2023,Urbana,drivers_victims,Desconocida,M,Vehículo pesado,0.0,0.0,5.0,,5.0
2023,Urbana,drivers_victims,Desconocida,UNK,Autobús,0.0,0.0,0.0,,0.0
2023,Urbana,drivers_victims,Desconocida,UNK,Bicicleta,0.0,0.0,2.0,,2.0
2023,Urbana,drivers_victims,Desconocida,UNK,Ciclomotor,0.0,0.0,0.0,,0.0
2023,Urbana,drivers_victims,Desconocida,UNK,Desconocido,0.0,0.0,5.0,,5.0
2023,Urbana,drivers_victims,Desconocida,UNK,Furgoneta,0.0,0.0,0.0,,0.0
2023,Urbana,drivers_victims,Desconocida,UNK,Motocicleta,0.0,0.0,7.0,,7.0
2023,Urbana,drivers_victims,Desconocida,UNK,Otros,0.0,0.0,1.0,,1.0
2023,Urbana,drivers_victims,Desconocida,UNK,Total,0.0,2.0,35.0,,37.0
2023,Urbana,drivers_victims,Desconocida,UNK,Turismo,0.0,2.0,15.0,,17.0
2023,Urbana,drivers_victims,Desconocida,UNK,VMP,0.0,0.0,5.0,,5.0
2023,Urbana,drivers_victims,Desconocida,UNK,Vehículo pesado,0.0,0.0,0.0,,0.0
2024,Interurbana,all_victims,0–17,F,Autobús,0.0,0.0,9.0,,9.0
2024,Interurbana,all_victims,0–17,F,Bicicleta,0.0,1.0,23.0,,24.0
2024,Interurbana,all_victims,0–17,F,Ciclomotor,0.0,4.0,42.0,,46.0
2024,Interurbana,all_victims,0–17,F,Desconocido,0.0,0.0,0.0,,0.0
2024,Interurbana,all_victims,0–17,F,Furgoneta,1.0,2.0,43.0,,46.0
2024,Interurbana,all_victims,0–17,F,Motocicleta,1.0,8.0,46.0,,55.0
2024,Interurbana,all_victims,0–17,F,Otros,0.0,3.0,10.0,,13.0
2024,Interurbana,all_victims,0–17,F,Peatón,1.0,11.0,30.0,,42.0
2024,Interurbana,all_victims,0–17,F,Total,13.0,78.0,1429.0,,1520.0
2024,Interurbana,all_victims,0–17,F,Turismo,10.0,48.0,1218.0,,1276.0
2024,Interurbana,all_victims,0–17,F,VMP,0.0,1.0,5.0,,6.0
2024,Interurbana,all_victims,0–17,F,Vehículo pesado,0.0,0.0,3.0,,3.0
2024,Interurbana,all_victims,0–17,M,Autobús,0.0,0.0,9.0,,9.0
2024,Interurbana,all_victims,0–17,M,Bicicleta,0.0,15.0,65.0,,80.0
2024,Interurbana,all_victims,0–17,M,Ciclomotor,2.0,21.0,124.0,,147.0
2024,Interurbana,all_victims,0–17,M,Desconocido,0.0,1.0,2.0,,3.0
2024,Interurbana,all_victims,0–17,M,Furgoneta,1.0,3.0,60.0,,64.0
2024,Interurbana,all_victims,0–17,M,Motocicleta,1.0,23.0,166.0,,190.0
2024,Interurbana,all_victims,0–17,M,Otros,0.0,4.0,18.0,,22.0
2024,Interurbana,all_victims,0–17,M,Peatón,3.0,12.0,33.0,,48.0
2024,Interurbana,all_victims,0–17,M,Total,22.0,138.0,1751.0,,1911.0
2024,Interurbana,all_victims,0–17,M,Turismo,13.0,57.0,1255.0,,1325.0
2024,Interurbana,all_victims,0–17,M,VMP,1.0,2.0,15.0,,18.0
2024,Interurbana,all_victims,0–17,M,Vehículo pesado,1.0,0.0,4.0,,5.0
2024,Interurbana,all_victims,0–17,UNK,Autobús,0.0,0.0,0.0,,0.0
2024,Interurbana,all_victims,0–17,UNK,Bicicleta,0.0,0.0,0.0,,0.0
2024,Interurbana,all_victims,0–17,UNK,Ciclomotor,0.0,0.0,0.0,,0.0
2024,Interurbana,all_victims,0–17,UNK,Desconocido,0.0,0.0,0.0,,0.0
2024,Interurbana,all_victims,0–17,UNK,Furgoneta,0.0,0.0,4.0,,4.0
2024,Interurbana,all_victims,0–17,UNK,Motocicleta,0.0,0.0,0.0,,0.0
2024,Interurbana,all_victims,0–17,UNK,Otros,0.0,0.0,0.0,,0.0
2024,Interurbana,all_victims,0–17,UNK,Peatón,0.0,0.0,0.0,,0.0
2024,Interurbana,all_victims,0–17,UNK,Total,0.0,0.0,7.0,,7.0
2024,Interurbana,all_victims,0–17,UNK,Turismo,0.0,0.0,3.0,,3.0
2024,Interurbana,all_victims,0–17,UNK,VMP,0.0,0.0,0.0,,0.0
2024,Interurbana,all_victims,0–17,UNK,Vehículo pesado,0.0,0.0,0.0,,0.0
2024,Interurbana,all_victims,18–24,F,Autobús,1.0,1.0,15.0,,17.0
2024,Interurbana,all_victims,18–24,F,Bicicleta,0.0,4.0,16.0,,20.0
2024,Interurbana,all_victims,18–24,F,Ciclomotor,0.0,2.0,34.0,,36.0
2024,Interurbana,all_victims,18–24,F,Desconocido,0.0,0.0,3.0,,3.0
2024,Interurbana,all_victims,18–24,F,Furgoneta,1.0,4.0,59.0,,64.0
2024,Interurbana,all_victims,18–24,F,Motocicleta,4.0,27.0,185.0,,216.0
2024,Interurbana,all_victims,18–24,F,Otros,0.0,1.0,6.0,,7.0
2024,Interurbana,all_victims,18–24,F,Peatón,3.0,6.0,22.0,,31.0
2024,Interurbana,all_victims,18–24,F,Total,28.0,145.0,2747.0,,2920.0
2024,Interurbana,all_victims,18–24,F,Turismo,19.0,97.0,2379.0,,2495.0
2024,Interurbana,all_victims,18–24,F,VMP,0.0,1.0,18.0,,19.0
2024,Interurbana,all_victims,18–24,F,Vehículo pesado,0.0,2.0,10.0,,12.0
2024,Interurbana,all_victims,18–24,M,Autobús,0.0,0.0,15.0,,15.0
2024,Interurbana,all_victims,18–24,M,Bicicleta,2.0,13.0,109.0,,124.0
2024,Interurbana,all_victims,18–24,M,Ciclomotor,1.0,15.0,88.0,,104.0
2024,Interurbana,all_victims,18–24,M,Desconocido,0.0,0.0,4.0,,4.0
2024,Interurbana,all_victims,18–24,M,Furgoneta,5.0,20.0,207.0,,232.0
2024,Interurbana,all_victims,18–24,M,Motocicleta,16.0,123.0,781.0,,920.0
2024,Interurbana,all_victims,18–24,M,Otros,2.0,3.0,23.0,,28.0
2024,Interurbana,all_victims,18–24,M,Peatón,12.0,10.0,39.0,,61.0
2024,Interurbana,all_victims,18–24,M,Total,99.0,377.0,4524.0,,5000.0
2024,Interurbana,all_victims,18–24,M,Turismo,61.0,184.0,3175.0,,3420.0
2024,Interurbana,all_victims,18–24,M,VMP,0.0,6.0,32.0,,38.0
2024,Interurbana,all_victims,18–24,M,Vehículo pesado,0.0,3.0,51.0,,54.0
2024,Interurbana,all_victims,18–24,UNK,Autobús,0.0,0.0,0.0,,0.0
2024,Interurbana,all_victims,18–24,UNK,Bicicleta,0.0,0.0,0.0,,0.0
2024,Interurbana,all_victims,18–24,UNK,Ciclomotor,0.0,0.0,0.0,,0.0
2024,Interurbana,all_victims,18–24,UNK,Desconocido,0.0,0.0,0.0,,0.0
2024,Interurbana,all_victims,18–24,UNK,Furgoneta,0.0,0.0,0.0,,0.0
2024,Interurbana,all_victims,18–24,UNK,Motocicleta,0.0,0.0,0.0,,0.0
2024,Interurbana,all_victims,18–24,UNK,Otros,0.0,0.0,0.0,,0.0
2024,Interurbana,all_victims,18–24,UNK,Peatón,0.0,0.0,0.0,,0.0
2024,Interurbana,all_victims,18–24,UNK,Total,0.0,0.0,4.0,,4.0
2024,Interurbana,all_victims,18–24,UNK,Turismo,0.0,0.0,4.0,,4.0
2024,Interurbana,all_victims,18–24,UNK,VMP,0.0,0.0,0.0,,0.0
2024,Interurbana,all_victims,18–24,UNK,Vehículo pesado,0.0,0.0,0.0,,0.0
2024,Interurbana,all_victims,25–44,F,Autobús,0.0,6.0,68.0,,74.0
2024,Interurbana,all_victims,25–44,F,Bicicleta,2.0,12.0,84.0,,98.0
2024,Interurbana,all_victims,25–44,F,Ciclomotor,0.0,1.0,32.0,,33.0
2024,Interurbana,all_victims,25–44,F,Desconocido,0.0,2.0,3.0,,5.0
2024,Interurbana,all_victims,25–44,F,Furgoneta,4.0,13.0,153.0,,170.0
2024,Interurbana,all_victims,25–44,F,Motocicleta,12.0,72.0,547.0,,631.0
2024,Interurbana,all_victims,25–44,F,Otros,0.0,2.0,26.0,,28.0
2024,Interurbana,all_victims,25–44,F,Peatón,4.0,13.0,50.0,,67.0
2024,Interurbana,all_victims,25–44,F,Total,65.0,352.0,7044.0,,7461.0
2024,Interurbana,all_victims,25–44,F,Turismo,42.0,226.0,6032.0,,6300.0
2024,Interurbana,all_victims,25–44,F,VMP,0.0,0.0,24.0,,24.0
2024,Interurbana,all_victims,25–44,F,Vehículo pesado,1.0,5.0,25.0,,31.0
2024,Interurbana,all_victims,25–44,M,Autobús,1.0,4.0,38.0,,43.0
2024,Interurbana,all_victims,25–44,M,Bicicleta,10.0,64.0,464.0,,538.0
2024,Interurbana,all_victims,25–44,M,Ciclomotor,0.0,12.0,66.0,,78.0
2024,Interurbana,all_victims,25–44,M,Desconocido,0.0,0.0,11.0,,11.0
2024,Interurbana,all_victims,25–44,M,Furgoneta,16.0,39.0,744.0,,799.0
2024,Interurbana,all_victims,25–44,M,Motocicleta,105.0,424.0,2129.0,,2658.0
2024,Interurbana,all_victims,25–44,M,Otros,3.0,10.0,56.0,,69.0
2024,Interurbana,all_victims,25–44,M,Peatón,32.0,30.0,71.0,,133.0
2024,Interurbana,all_victims,25–44,M,Total,324.0,1039.0,10219.0,,11582.0
2024,Interurbana,all_victims,25–44,M,Turismo,138.0,389.0,6157.0,,6684.0
2024,Interurbana,all_victims,25–44,M,VMP,2.0,12.0,61.0,,75.0
2024,Interurbana,all_victims,25–44,M,Vehículo pesado,17.0,55.0,422.0,,494.0
2024,Interurbana,all_victims,25–44,UNK,Autobús,0.0,0.0,0.0,,0.0
2024,Interurbana,all_victims,25–44,UNK,Bicicleta,0.0,0.0,1.0,,1.0
2024,Interurbana,all_victims,25–44,UNK,Ciclomotor,0.0,0.0,0.0,,0.0
2024,Interurbana,all_victims,25–44,UNK,Desconocido,0.0,0.0,0.0,,0.0
2024,Interurbana,all_victims,25–44,UNK,Furgoneta,0.0,0.0,0.0,,0.0
2024,Interurbana,all_victims,25–44,UNK,Motocicleta,0.0,0.0,0.0,,0.0
2024,Interurbana,all_victims,25–44,UNK,Otros,0.0,0.0,0.0,,0.0
2024,Interurbana,all_victims,25–44,UNK,Peatón,0.0,0.0,1.0,,1.0
2024,Interurbana,all_victims,25–44,UNK,Total,0.0,0.0,9.0,,9.0
2024,Interurbana,all_victims,25–44,UNK,Turismo,0.0,0.0,7.0,,7.0
2024,Interurbana,all_victims,25–44,UNK,VMP,0.0,0.0,0.0,,0.0
2024,Interurbana,all_victims,25–44,UNK,Vehículo pesado,0.0,0.0,0.0,,0.0
2024,Interurbana,all_victims,45–64,F,Autobús,0.0,2.0,57.0,,59.0
2024,Interurbana,all_victims,45–64,F,Bicicleta,0.0,16.0,109.0,,125.0
2024,Interurbana,all_victims,45–64,F,Ciclomotor,0.0,3.0,25.0,,28.0
2024,Interurbana,all_victims,45–64,F,Desconocido,0.0,0.0,3.0,,3.0
2024,Interurbana,all_victims,45–64,F,Furgoneta,6.0,14.0,162.0,,182.0
2024,Interurbana,all_victims,45–64,F,Motocicleta,16.0,70.0,338.0,,424.0
2024,Interurbana,all_victims,45–64,F,Otros,1.0,3.0,24.0,,28.0
2024,Interurbana,all_victims,45–64,F,Peatón,4.0,19.0,43.0,,66.0
2024,Interurbana,all_victims,45–64,F,Total,71.0,389.0,5794.0,,6254.0
2024,Interurbana,all_victims,45–64,F,Turismo,44.0,261.0,5002.0,,5307.0
2024,Interurbana,all_victims,45–64,F,VMP,0.0,0.0,8.0,,8.0
2024,Interurbana,all_victims,45–64,F,Vehículo pesado,0.0,1.0,23.0,,24.0
2024,Interurbana,all_victims,45–64,M,Autobús,0.0,1.0,47.0,,48.0
2024,Interurbana,all_victims,45–64,M,Bicicleta,25.0,149.0,767.0,,941.0
2024,Interurbana,all_victims,45–64,M,Ciclomotor,7.0,20.0,88.0,,115.0
2024,Interurbana,all_victims,45–64,M,Desconocido,0.0,1.0,30.0,,31.0
2024,Interurbana,all_victims,45–64,M,Furgoneta,32.0,65.0,745.0,,842.0
2024,Interurbana,all_victims,45–64,M,Motocicleta,136.0,561.0,2057.0,,2754.0
2024,Interurbana,all_victims,45–64,M,Otros,11.0,14.0,49.0,,74.0
2024,Interurbana,all_victims,45–64,M,Peatón,22.0,44.0,99.0,,165.0
2024,Interurbana,all_victims,45–64,M,Total,387.0,1328.0,9407.0,,11122.0
2024,Interurbana,all_victims,45–64,M,Turismo,129.0,402.0,4890.0,,5421.0
2024,Interurbana,all_victims,45–64,M,VMP,1.0,0.0,21.0,,22.0
2024,Interurbana,all_victims,45–64,M,Vehículo pesado,24.0,71.0,614.0,,709.0
2024,Interurbana,all_victims,45–64,UNK,Autobús,0.0,0.0,1.0,,1.0
2024,Interurbana,all_victims,45–64,UNK,Bicicleta,0.0,0.0,1.0,,1.0
2024,Interurbana,all_victims,45–64,UNK,Ciclomotor,0.0,0.0,0.0,,0.0
2024,Interurbana,all_victims,45–64,UNK,Desconocido,0.0,0.0,0.0,,0.0
2024,Interurbana,all_victims,45–64,UNK,Furgoneta,0.0,0.0,0.0,,0.0
2024,Interurbana,all_victims,45–64,UNK,Motocicleta,0.0,0.0,0.0,,0.0
2024,Interurbana,all_victims,45–64,UNK,Otros,0.0,0.0,0.0,,0.0
2024,Interurbana,all_victims,45–64,UNK,Peatón,0.0,0.0,0.0,,0.0
2024,Interurbana,all_victims,45–64,UNK,Total,0.0,1.0,8.0,,9.0
2024,Interurbana,all_victims,45–64,UNK,Turismo,0.0,1.0,6.0,,7.0
2024,Interurbana,all_victims,45–64,UNK,VMP,0.0,0.0,0.0,,0.0
2024,Interurbana,all_victims,45–64,UNK,Vehículo pesado,0.0,0.0,0.0,,0.0
2024,Interurbana,all_victims,65+,F,Autobús,0.0,1.0,30.0,,31.0
2024,Interurbana,all_victims,65+,F,Bicicleta,0.0,6.0,18.0,,24.0
2024,Interurbana,all_victims,65+,F,Ciclomotor,0.0,0.0,2.0,,2.0
2024,Interurbana,all_victims,65+,F,Desconocido,0.0,0.0,0.0,,0.0
2024,Interurbana,all_victims,65+,F,Furgoneta,1.0,7.0,42.0,,50.0
2024,Interurbana,all_victims,65+,F,Motocicleta,1.0,8.0,27.0,,36.0
2024,Interurbana,all_victims,65+,F,Otros,0.0,0.0,10.0,,10.0
2024,Interurbana,all_victims,65+,F,Peatón,7.0,19.0,58.0,,84.0
2024,Interurbana,all_victims,65+,F,Total,58.0,194.0,1939.0,,2191.0
2024,Interurbana,all_victims,65+,F,Turismo,48.0,151.0,1746.0,,1945.0
2024,Interurbana,all_victims,65+,F,VMP,0.0,1.0,0.0,,1.0
2024,Interurbana,all_victims,65+,F,Vehículo pesado,1.0,1.0,6.0,,8.0
2024,Interurbana,all_victims,65+,M,Autobús,0.0,3.0,23.0,,26.0
2024,Interurbana,all_victims,65+,M,Bicicleta,25.0,71.0,333.0,,429.0
2024,Interurbana,all_victims,65+,M,Ciclomotor,4.0,10.0,36.0,,50.0
2024,Interurbana,all_victims,65+,M,Desconocido,1.0,1.0,4.0,,6.0
2024,Interurbana,all_victims,65+,M,Furgoneta,14.0,18.0,127.0,,159.0
2024,Interurbana,all_victims,65+,M,Motocicleta,31.0,108.0,319.0,,458.0
2024,Interurbana,all_victims,65+,M,Otros,5.0,10.0,29.0,,44.0
2024,Interurbana,all_victims,65+,M,Peatón,24.0,24.0,60.0,,108.0
2024,Interurbana,all_victims,65+,M,Total,219.0,457.0,3106.0,,3782.0
2024,Interurbana,all_victims,65+,M,Turismo,110.0,206.0,2137.0,,2453.0
2024,Interurbana,all_victims,65+,M,VMP,0.0,1.0,3.0,,4.0
2024,Interurbana,all_victims,65+,M,Vehículo pesado,5.0,5.0,35.0,,45.0
2024,Interurbana,all_victims,65+,UNK,Autobús,0.0,0.0,0.0,,0.0
2024,Interurbana,all_victims,65+,UNK,Bicicleta,0.0,0.0,0.0,,0.0
2024,Interurbana,all_victims,65+,UNK,Ciclomotor,0.0,0.0,0.0,,0.0
2024,Interurbana,all_victims,65+,UNK,Desconocido,0.0,0.0,0.0,,0.0
2024,Interurbana,all_victims,65+,UNK,Furgoneta,0.0,0.0,0.0,,0.0
2024,Interurbana,all_victims,65+,UNK,Motocicleta,0.0,0.0,0.0,,0.0
2024,Interurbana,all_victims,65+,UNK,Otros,0.0,0.0,0.0,,0.0
2024,Interurbana,all_victims,65+,UNK,Peatón,0.0,0.0,0.0,,0.0
2024,Interurbana,all_victims,65+,UNK,Total,1.0,0.0,1.0,,2.0
2024,Interurbana,all_victims,65+,UNK,Turismo,1.0,0.0,1.0,,2.0
2024,Interurbana,all_victims,65+,UNK,VMP,0.0,0.0,0.0,,0.0
2024,Interurbana,all_victims,65+,UNK,Vehículo pesado,0.0,0.0,0.0,,0.0
2024,Interurbana,all_victims,Desconocida,F,Autobús,0.0,0.0,15.0,,15.0
2024,Interurbana,all_victims,Desconocida,F,Bicicleta,0.0,0.0,2.0,,2.0
2024,Interurbana,all_victims,Desconocida,F,Ciclomotor,0.0,0.0,2.0,,2.0
2024,Interurbana,all_victims,Desconocida,F,Desconocido,0.0,0.0,1.0,,1.0
2024,Interurbana,all_victims,Desconocida,F,Furgoneta,0.0,0.0,16.0,,16.0
2024,Interurbana,all_victims,Desconocida,F,Motocicleta,0.0,2.0,19.0,,21.0
2024,Interurbana,all_victims,Desconocida,F,Otros,0.0,0.0,1.0,,1.0
2024,Interurbana,all_victims,Desconocida,F,Peatón,0.0,1.0,2.0,,3.0
2024,Interurbana,all_victims,Desconocida,F,Total,0.0,19.0,386.0,,405.0
2024,Interurbana,all_victims,Desconocida,F,Turismo,0.0,16.0,325.0,,341.0
2024,Interurbana,all_victims,Desconocida,F,VMP,0.0,0.0,2.0,,2.0
2024,Interurbana,all_victims,Desconocida,F,Vehículo pesado,0.0,0.0,1.0,,1.0
2024,Interurbana,all_victims,Desconocida,M,Autobús,0.0,0.0,4.0,,4.0
2024,Interurbana,all_victims,Desconocida,M,Bicicleta,0.0,0.0,18.0,,18.0
2024,Interurbana,all_victims,Desconocida,M,Ciclomotor,0.0,0.0,1.0,,1.0
2024,Interurbana,all_victims,Desconocida,M,Desconocido,0.0,0.0,1.0,,1.0
2024,Interurbana,all_victims,Desconocida,M,Furgoneta,1.0,1.0,25.0,,27.0
2024,Interurbana,all_victims,Desconocida,M,Motocicleta,0.0,3.0,41.0,,44.0
2024,Interurbana,all_victims,Desconocida,M,Otros,0.0,1.0,6.0,,7.0
2024,Interurbana,all_victims,Desconocida,M,Peatón,1.0,3.0,13.0,,17.0
2024,Interurbana,all_victims,Desconocida,M,Total,3.0,19.0,354.0,,376.0
2024,Interurbana,all_victims,Desconocida,M,Turismo,1.0,11.0,234.0,,246.0
2024,Interurbana,all_victims,Desconocida,M,VMP,0.0,0.0,3.0,,3.0
2024,Interurbana,all_victims,Desconocida,M,Vehículo pesado,0.0,0.0,8.0,,8.0
2024,Interurbana,all_victims,Desconocida,UNK,Autobús,0.0,0.0,2.0,,2.0
2024,Interurbana,all_victims,Desconocida,UNK,Bicicleta,0.0,0.0,0.0,,0.0
2024,Interurbana,all_victims,Desconocida,UNK,Ciclomotor,0.0,0.0,0.0,,0.0
2024,Interurbana,all_victims,Desconocida,UNK,Desconocido,0.0,0.0,0.0,,0.0
2024,Interurbana,all_victims,Desconocida,UNK,Furgoneta,0.0,0.0,0.0,,0.0
2024,Interurbana,all_victims,Desconocida,UNK,Motocicleta,0.0,0.0,1.0,,1.0
2024,Interurbana,all_victims,Desconocida,UNK,Otros,0.0,0.0,1.0,,1.0
2024,Interurbana,all_victims,Desconocida,UNK,Peatón,0.0,0.0,0.0,,0.0
2024,Interurbana,all_victims,Desconocida,UNK,Total,1.0,0.0,12.0,,13.0
2024,Interurbana,all_victims,Desconocida,UNK,Turismo,1.0,0.0,8.0,,9.0
2024,Interurbana,all_victims,Desconocida,UNK,VMP,0.0,0.0,0.0,,0.0
2024,Interurbana,all_victims,Desconocida,UNK,Vehículo pesado,0.0,0.0,0.0,,0.0
2024,Interurbana,drivers_involved,0–17,F,Autobús,,,,0.0,
2024,Interurbana,drivers_involved,0–17,F,Bicicleta,,,,24.0,
2024,Interurbana,drivers_involved,0–17,F,Ciclomotor,,,,33.0,
2024,Interurbana,drivers_involved,0–17,F,Desconocido,,,,0.0,
2024,Interurbana,drivers_involved,0–17,F,Furgoneta,,,,0.0,
2024,Interurbana,drivers_involved,0–17,F,Motocicleta,,,,14.0,
2024,Interurbana,drivers_involved,0–17,F,Otros,,,,3.0,
2024,Interurbana,drivers_involved,0–17,F,Peatón,,,,0.0,
2024,Interurbana,drivers_involved,0–17,F,Total,,,,81.0,
2024,Interurbana,drivers_involved,0–17,F,Turismo,,,,1.0,
2024,Interurbana,drivers_involved,0–17,F,VMP,,,,6.0,
2024,Interurbana,drivers_involved,0–17,F,Vehículo pesado,,,,0.0,
2024,Interurbana,drivers_involved,0–17,M,Autobús,,,,0.0,
2024,Interurbana,drivers_involved,0–17,M,Bicicleta,,,,83.0,
2024,Interurbana,drivers_involved,0–17,M,Ciclomotor,,,,137.0,
2024,Interurbana,drivers_involved,0–17,M,Desconocido,,,,2.0,
2024,Interurbana,drivers_involved,0–17,M,Furgoneta,,,,0.0,
2024,Interurbana,drivers_involved,0–17,M,Motocicleta,,,,155.0,
2024,Interurbana,drivers_involved,0–17,M,Otros,,,,14.0,
2024,Interurbana,drivers_involved,0–17,M,Peatón,,,,0.0,
2024,Interurbana,drivers_involved,0–17,M,Total,,,,427.0,
2024,Interurbana,drivers_involved,0–17,M,Turismo,,,,20.0,
2024,Interurbana,drivers_involved,0–17,M,VMP,,,,16.0,
2024,Interurbana,drivers_involved,0–17,M,Vehículo pesado,,,,0.0,
2024,Interurbana,drivers_involved,0–17,UNK,Autobús,,,,0.0,
2024,Interurbana,drivers_involved,0–17,UNK,Bicicleta,,,,0.0,
2024,Interurbana,drivers_involved,0–17,UNK,Ciclomotor,,,,0.0,
2024,Interurbana,drivers_involved,0–17,UNK,Desconocido,,,,0.0,
2024,Interurbana,drivers_involved,0–17,UNK,Furgoneta,,,,0.0,
2024,Interurbana,drivers_involved,0–17,UNK,Motocicleta,,,,0.0,
2024,Interurbana,drivers_involved,0–17,UNK,Otros,,,,0.0,
2024,Interurbana,drivers_involved,0–17,UNK,Peatón,,,,0.0,
2024,Interurbana,drivers_involved,0–17,UNK,Total,,,,0.0,
2024,Interurbana,drivers_involved,0–17,UNK,Turismo,,,,0.0,
2024,Interurbana,drivers_involved,0–17,UNK,VMP,,,,0.0,
2024,Interurbana,drivers_involved,0–17,UNK,Vehículo pesado,,,,0.0,
2024,Interurbana,drivers_involved,18–24,F,Autobús,,,,1.0,
2024,Interurbana,drivers_involved,18–24,F,Bicicleta,,,,21.0,
2024,Interurbana,drivers_involved,18–24,F,Ciclomotor,,,,19.0,
2024,Interurbana,drivers_involved,18–24,F,Desconocido,,,,2.0,
2024,Interurbana,drivers_involved,18–24,F,Furgoneta,,,,32.0,
2024,Interurbana,drivers_involved,18–24,F,Motocicleta,,,,103.0,
2024,Interurbana,drivers_involved,18–24,F,Otros,,,,3.0,
2024,Interurbana,drivers_involved,18–24,F,Peatón,,,,0.0,
2024,Interurbana,drivers_involved,18–24,F,Total,,,,2042.0,
2024,Interurbana,drivers_involved,18–24,F,Turismo,,,,1832.0,
2024,Interurbana,drivers_involved,18–24,F,VMP,,,,18.0,
2024,Interurbana,drivers_involved,18–24,F,Vehículo pesado,,,,11.0,
2024,Interurbana,drivers_involved,18–24,M,Autobús,,,,2.0,
2024,Interurbana,drivers_involved,18–24,M,Bicicleta,,,,130.0,
2024,Interurbana,drivers_involved,18–24,M,Ciclomotor,,,,102.0,
2024,Interurbana,drivers_involved,18–24,M,Desconocido,,,,8.0,
2024,Interurbana,drivers_involved,18–24,M,Furgoneta,,,,285.0,
2024,Interurbana,drivers_involved,18–24,M,Motocicleta,,,,900.0,
2024,Interurbana,drivers_involved,18–24,M,Otros,,,,33.0,
2024,Interurbana,drivers_involved,18–24,M,Peatón,,,,0.0,
2024,Interurbana,drivers_involved,18–24,M,Total,,,,5307.0,
2024,Interurbana,drivers_involved,18–24,M,Turismo,,,,3712.0,
2024,Interurbana,drivers_involved,18–24,M,VMP,,,,43.0,
2024,Interurbana,drivers_involved,18–24,M,Vehículo pesado,,,,92.0,
2024,Interurbana,drivers_involved,18–24,UNK,Autobús,,,,0.0,
2024,Interurbana,drivers_involved,18–24,UNK,Bicicleta,,,,0.0,
2024,Interurbana,drivers_involved,18–24,UNK,Ciclomotor,,,,0.0,
2024,Interurbana,drivers_involved,18–24,UNK,Desconocido,,,,0.0,
2024,Interurbana,drivers_involved,18–24,UNK,Furgoneta,,,,1.0,
2024,Interurbana,drivers_involved,18–24,UNK,Motocicleta,,,,0.0,
2024,Interurbana,drivers_involved,18–24,UNK,Otros,,,,0.0,
2024,Interurbana,drivers_involved,18–24,UNK,Peatón,,,,0.0,
2024,Interurbana,drivers_involved,18–24,UNK,Total,,,,3.0,
2024,Interurbana,drivers_involved,18–24,UNK,Turismo,,,,2.0,
2024,Interurbana,drivers_involved,18–24,UNK,VMP,,,,0.0,
2024,Interurbana,drivers_involved,18–24,UNK,Vehículo pesado,,,,0.0,
2024,Interurbana,drivers_involved,25–44,F,Autobús,,,,18.0,
2024,Interurbana,drivers_involved,25–44,F,Bicicleta,,,,100.0,
2024,Interurbana,drivers_involved,25–44,F,Ciclomotor,,,,28.0,
2024,Interurbana,drivers_involved,25–44,F,Desconocido,,,,2.0,
2024,Interurbana,drivers_involved,25–44,F,Furgoneta,,,,182.0,
2024,Interurbana,drivers_involved,25–44,F,Motocicleta,,,,390.0,
2024,Interurbana,drivers_involved,25–44,F,Otros,,,,20.0,
2024,Interurbana,drivers_involved,25–44,F,Peatón,,,,0.0,
2024,Interurbana,drivers_involved,25–44,F,Total,,,,7193.0,
2024,Interurbana,drivers_involved,25–44,F,Turismo,,,,6373.0,
2024,Interurbana,drivers_involved,25–44,F,VMP,,,,23.0,
2024,Interurbana,drivers_involved,25–44,F,Vehículo pesado,,,,57.0,
2024,Interurbana,drivers_involved,25–44,M,Autobús,,,,83.0,
2024,Interurbana,drivers_involved,25–44,M,Bicicleta,,,,565.0,
2024,Interurbana,drivers_involved,25–44,M,Ciclomotor,,,,80.0,
2024,Interurbana,drivers_involved,25–44,M,Desconocido,,,,18.0,
2024,Interurbana,drivers_involved,25–44,M,Furgoneta,,,,1391.0,
2024,Interurbana,drivers_involved,25–44,M,Motocicleta,,,,2745.0,
2024,Interurbana,drivers_involved,25–44,M,Otros,,,,118.0,
2024,Interurbana,drivers_involved,25–44,M,Peatón,,,,0.0,
2024,Interurbana,drivers_involved,25–44,M,Total,,,,16232.0,
2024,Interurbana,drivers_involved,25–44,M,Turismo,,,,9910.0,
2024,Interurbana,drivers_involved,25–44,M,VMP,,,,75.0,
2024,Interurbana,drivers_involved,25–44,M,Vehículo pesado,,,,1247.0,
2024,Interurbana,drivers_involved,25–44,UNK,Autobús,,,,0.0,
2024,Interurbana,drivers_involved,25–44,UNK,Bicicleta,,,,1.0,
2024,Interurbana,drivers_involved,25–44,UNK,Ciclomotor,,,,0.0,
2024,Interurbana,drivers_involved,25–44,UNK,Desconocido,,,,0.0,
2024,Interurbana,drivers_involved,25–44,UNK,Furgoneta,,,,0.0,
2024,Interurbana,drivers_involved,25–44,UNK,Motocicleta,,,,0.0,
2024,Interurbana,drivers_involved,25–44,UNK,Otros,,,,0.0,
2024,Interurbana,drivers_involved,25–44,UNK,Peatón,,,,0.0,
2024,Interurbana,drivers_involved,25–44,UNK,Total,,,,6.0,
2024,Interurbana,drivers_involved,25–44,UNK,Turismo,,,,5.0,
2024,Interurbana,drivers_involved,25–44,UNK,VMP,,,,0.0,
2024,Interurbana,drivers_involved,25–44,UNK,Vehículo pesado,,,,0.0,
2024,Interurbana,drivers_involved,45–64,F,Autobús,,,,17.0,
2024,Interurbana,drivers_involved,45–64,F,Bicicleta,,,,128.0,
2024,Interurbana,drivers_involved,45–64,F,Ciclomotor,,,,25.0,
2024,Interurbana,drivers_involved,45–64,F,Desconocido,,,,3.0,
2024,Interurbana,drivers_involved,45–64,F,Furgoneta,,,,133.0,
2024,Interurbana,drivers_involved,45–64,F,Motocicleta,,,,206.0,
2024,Interurbana,drivers_involved,45–64,F,Otros,,,,14.0,
2024,Interurbana,drivers_involved,45–64,F,Peatón,,,,0.0,
2024,Interurbana,drivers_involved,45–64,F,Total,,,,5589.0,
2024,Interurbana,drivers_involved,45–64,F,Turismo,,,,5016.0,
2024,Interurbana,drivers_involved,45–64,F,VMP,,,,8.0,
2024,Interurbana,drivers_involved,45–64,F,Vehículo pesado,,,,39.0,
2024,Interurbana,drivers_involved,45–64,M,Autobús,,,,174.0,
2024,Interurbana,drivers_involved,45–64,M,Bicicleta,,,,1004.0,
2024,Interurbana,drivers_involved,45–64,M,Ciclomotor,,,,117.0,
2024,Interurbana,drivers_involved,45–64,M,Desconocido,,,,41.0,
2024,Interurbana,drivers_involved,45–64,M,Furgoneta,,,,1501.0,
2024,Interurbana,drivers_involved,45–64,M,Motocicleta,,,,2886.0,
2024,Interurbana,drivers_involved,45–64,M,Otros,,,,191.0,
2024,Interurbana,drivers_involved,45–64,M,Peatón,,,,0.0,
2024,Interurbana,drivers_involved,45–64,M,Total,,,,17537.0,
2024,Interurbana,drivers_involved,45–64,M,Turismo,,,,9498.0,
2024,Interurbana,drivers_involved,45–64,M,VMP,,,,23.0,
2024,Interurbana,drivers_involved,45–64,M,Vehículo pesado,,,,2102.0,
2024,Interurbana,drivers_involved,45–64,UNK,Autobús,,,,0.0,
2024,Interurbana,drivers_involved,45–64,UNK,Bicicleta,,,,1.0,
2024,Interurbana,drivers_involved,45–64,UNK,Ciclomotor,,,,0.0,
2024,Interurbana,drivers_involved,45–64,UNK,Desconocido,,,,0.0,
2024,Interurbana,drivers_involved,45–64,UNK,Furgoneta,,,,0.0,
2024,Interurbana,drivers_involved,45–64,UNK,Motocicleta,,,,0.0,
2024,Interurbana,drivers_involved,45–64,UNK,Otros,,,,0.0,
2024,Interurbana,drivers_involved,45–64,UNK,Peatón,,,,0.0,
2024,Interurbana,drivers_involved,45–64,UNK,Total,,,,7.0,
2024,Interurbana,drivers_involved,45–64,UNK,Turismo,,,,6.0,
2024,Interurbana,drivers_involved,45–64,UNK,VMP,,,,0.0,
2024,Interurbana,drivers_involved,45–64,UNK,Vehículo pesado,,,,0.0,
2024,Interurbana,drivers_involved,65+,F,Autobús,,,,0.0,
2024,Interurbana,drivers_involved,65+,F,Bicicleta,,,,25.0,
2024,Interurbana,drivers_involved,65+,F,Ciclomotor,,,,1.0,
2024,Interurbana,drivers_involved,65+,F,Desconocido,,,,0.0,
2024,Interurbana,drivers_involved,65+,F,Furgoneta,,,,16.0,
2024,Interurbana,drivers_involved,65+,F,Motocicleta,,,,10.0,
2024,Interurbana,drivers_involved,65+,F,Otros,,,,5.0,
2024,Interurbana,drivers_involved,65+,F,Peatón,,,,0.0,
2024,Interurbana,drivers_involved,65+,F,Total,,,,1022.0,
2024,Interurbana,drivers_involved,65+,F,Turismo,,,,956.0,
2024,Interurbana,drivers_involved,65+,F,VMP,,,,1.0,
2024,Interurbana,drivers_involved,65+,F,Vehículo pesado,,,,8.0,
2024,Interurbana,drivers_involved,65+,M,Autobús,,,,5.0,
2024,Interurbana,drivers_involved,65+,M,Bicicleta,,,,451.0,
2024,Interurbana,drivers_involved,65+,M,Ciclomotor,,,,52.0,
2024,Interurbana,drivers_involved,65+,M,Desconocido,,,,7.0,
2024,Interurbana,drivers_involved,65+,M,Furgoneta,,,,267.0,
2024,Interurbana,drivers_involved,65+,M,Motocicleta,,,,483.0,
2024,Interurbana,drivers_involved,65+,M,Otros,,,,82.0,
2024,Interurbana,drivers_involved,65+,M,Peatón,,,,0.0,
2024,Interurbana,drivers_involved,65+,M,Total,,,,5396.0,
2024,Interurbana,drivers_involved,65+,M,Turismo,,,,3939.0,
2024,Interurbana,drivers_involved,65+,M,VMP,,,,4.0,
2024,Interurbana,drivers_involved,65+,M,Vehículo pesado,,,,106.0,
2024,Interurbana,drivers_involved,65+,UNK,Autobús,,,,0.0,
2024,Interurbana,drivers_involved,65+,UNK,Bicicleta,,,,0.0,
2024,Interurbana,drivers_involved,65+,UNK,Ciclomotor,,,,0.0,
2024,Interurbana,drivers_involved,65+,UNK,Desconocido,,,,0.0,
2024,Interurbana,drivers_involved,65+,UNK,Furgoneta,,,,0.0,
2024,Interurbana,drivers_involved,65+,UNK,Motocicleta,,,,0.0,
2024,Interurbana,drivers_involved,65+,UNK,Otros,,,,0.0,
2024,Interurbana,drivers_involved,65+,UNK,Peatón,,,,0.0,
2024,Interurbana,drivers_involved,65+,UNK,Total,,,,4.0,
2024,Interurbana,drivers_involved,65+,UNK,Turismo,,,,4.0,
2024,Interurbana,drivers_involved,65+,UNK,VMP,,,,0.0,
2024,Interurbana,drivers_involved,65+,UNK,Vehículo pesado,,,,0.0,
2024,Interurbana,drivers_involved,Desconocida,F,Autobús,,,,0.0,
2024,Interurbana,drivers_involved,Desconocida,F,Bicicleta,,,,2.0,
2024,Interurbana,drivers_involved,Desconocida,F,Ciclomotor,,,,0.0,
2024,Interurbana,drivers_involved,Desconocida,F,Desconocido,,,,1.0,
2024,Interurbana,drivers_involved,Desconocida,F,Furgoneta,,,,1.0,
2024,Interurbana,drivers_involved,Desconocida,F,Motocicleta,,,,3.0,
2024,Interurbana,drivers_involved,Desconocida,F,Otros,,,,1.0,
2024,Interurbana,drivers_involved,Desconocida,F,Peatón,,,,0.0,
2024,Interurbana,drivers_involved,Desconocida,F,Total,,,,46.0,
2024,Interurbana,drivers_involved,Desconocida,F,Turismo,,,,36.0,
2024,Interurbana,drivers_involved,Desconocida,F,VMP,,,,2.0,
2024,Interurbana,drivers_involved,Desconocida,F,Vehículo pesado,,,,0.0,
2024,Interurbana,drivers_involved,Desconocida,M,Autobús,,,,2.0,
2024,Interurbana,drivers_involved,Desconocida,M,Bicicleta,,,,19.0,
2024,Interurbana,drivers_involved,Desconocida,M,Ciclomotor,,,,1.0,
2024,Interurbana,drivers_involved,Desconocida,M,Desconocido,,,,4.0,
2024,Interurbana,drivers_involved,Desconocida,M,Furgoneta,,,,12.0,
2024,Interurbana,drivers_involved,Desconocida,M,Motocicleta,,,,41.0,
2024,Interurbana,drivers_involved,Desconocida,M,Otros,,,,4.0,
2024,Interurbana,drivers_involved,Desconocida,M,Peatón,,,,0.0,
2024,Interurbana,drivers_involved,Desconocida,M,Total,,,,242.0,
2024,Interurbana,drivers_involved,Desconocida,M,Turismo,,,,139.0,
2024,Interurbana,drivers_involved,Desconocida,M,VMP,,,,4.0,
2024,Interurbana,drivers_involved,Desconocida,M,Vehículo pesado,,,,16.0,
2024,Interurbana,drivers_involved,Desconocida,UNK,Autobús,,,,2.0,
2024,Interurbana,drivers_involved,Desconocida,UNK,Bicicleta,,,,2.0,
2024,Interurbana,drivers_involved,Desconocida,UNK,Ciclomotor,,,,1.0,
2024,Interurbana,drivers_involved,Desconocida,UNK,Desconocido,,,,114.0,
2024,Interurbana,drivers_involved,Desconocida,UNK,Furgoneta,,,,14.0,
2024,Interurbana,drivers_involved,Desconocida,UNK,Motocicleta,,,,2.0,
2024,Interurbana,drivers_involved,Desconocida,UNK,Otros,,,,2.0,
2024,Interurbana,drivers_involved,Desconocida,UNK,Peatón,,,,0.0,
2024,Interurbana,drivers_involved,Desconocida,UNK,Total,,,,294.0,
2024,Interurbana,drivers_involved,Desconocida,UNK,Turismo,,,,141.0,
2024,Interurbana,drivers_involved,Desconocida,UNK,VMP,,,,0.0,
2024,Interurbana,drivers_involved,Desconocida,UNK,Vehículo pesado,,,,16.0,
2024,Interurbana,drivers_victims,0–17,F,Autobús,0.0,0.0,0.0,,0.0
2024,Interurbana,drivers_victims,0–17,F,Bicicleta,0.0,1.0,22.0,,23.0
2024,Interurbana,drivers_victims,0–17,F,Ciclomotor,0.0,3.0,29.0,,32.0
2024,Interurbana,drivers_victims,0–17,F,Desconocido,0.0,0.0,0.0,,0.0
2024,Interurbana,drivers_victims,0–17,F,Furgoneta,0.0,0.0,0.0,,0.0
2024,Interurbana,drivers_victims,0–17,F,Motocicleta,0.0,2.0,12.0,,14.0
2024,Interurbana,drivers_victims,0–17,F,Otros,0.0,1.0,2.0,,3.0
2024,Interurbana,drivers_victims,0–17,F,Total,0.0,8.0,71.0,,79.0
2024,Interurbana,drivers_victims,0–17,F,Turismo,0.0,0.0,1.0,,1.0
2024,Interurbana,drivers_victims,0–17,F,VMP,0.0,1.0,5.0,,6.0
2024,Interurbana,drivers_victims,0–17,F,Vehículo pesado,0.0,0.0,0.0,,0.0
2024,Interurbana,drivers_victims,0–17,M,Autobús,0.0,0.0,0.0,,0.0
2024,Interurbana,drivers_victims,0–17,M,Bicicleta,0.0,16.0,65.0,,81.0
2024,Interurbana,drivers_victims,0–17,M,Ciclomotor,2.0,19.0,108.0,,129.0
2024,Interurbana,drivers_victims,0–17,M,Desconocido,0.0,1.0,1.0,,2.0
2024,Interurbana,drivers_victims,0–17,M,Furgoneta,0.0,0.0,0.0,,0.0
2024,Interurbana,drivers_victims,0–17,M,Motocicleta,1.0,17.0,128.0,,146.0
2024,Interurbana,drivers_victims,0–17,M,Otros,0.0,1.0,9.0,,10.0
2024,Interurbana,drivers_victims,0–17,M,Total,4.0,55.0,341.0,,400.0
2024,Interurbana,drivers_victims,0–17,M,Turismo,0.0,0.0,17.0,,17.0
2024,Interurbana,drivers_victims,0–17,M,VMP,1.0,2.0,13.0,,16.0
2024,Interurbana,drivers_victims,0–17,M,Vehículo pesado,0.0,0.0,0.0,,0.0
2024,Interurbana,drivers_victims,0–17,UNK,Autobús,0.0,0.0,0.0,,0.0
2024,Interurbana,drivers_victims,0–17,UNK,Bicicleta,0.0,0.0,0.0,,0.0
2024,Interurbana,drivers_victims,0–17,UNK,Ciclomotor,0.0,0.0,0.0,,0.0
2024,Interurbana,drivers_victims,0–17,UNK,Desconocido,0.0,0.0,0.0,,0.0
2024,Interurbana,drivers_victims,0–17,UNK,Furgoneta,0.0,0.0,0.0,,0.0
2024,Interurbana,drivers_victims,0–17,UNK,Motocicleta,0.0,0.0,0.0,,0.0
2024,Interurbana,drivers_victims,0–17,UNK,Otros,0.0,0.0,0.0,,0.0
2024,Interurbana,drivers_victims,0–17,UNK,Total,0.0,0.0,0.0,,0.0
2024,Interurbana,drivers_victims,0–17,UNK,Turismo,0.0,0.0,0.0,,0.0
2024,Interurbana,drivers_victims,0–17,UNK,VMP,0.0,0.0,0.0,,0.0
2024,Interurbana,drivers_victims,0–17,UNK,Vehículo pesado,0.0,0.0,0.0,,0.0
2024,Interurbana,drivers_victims,18–24,F,Autobús,0.0,0.0,0.0,,0.0
2024,Interurbana,drivers_victims,18–24,F,Bicicleta,0.0,4.0,16.0,,20.0
2024,Interurbana,drivers_victims,18–24,F,Ciclomotor,0.0,1.0,18.0,,19.0
2024,Interurbana,drivers_victims,18–24,F,Desconocido,0.0,0.0,2.0,,2.0
2024,Interurbana,drivers_victims,18–24,F,Furgoneta,0.0,0.0,18.0,,18.0
2024,Interurbana,drivers_victims,18–24,F,Motocicleta,2.0,16.0,81.0,,99.0
2024,Interurbana,drivers_victims,18–24,F,Otros,0.0,1.0,2.0,,3.0
2024,Interurbana,drivers_victims,18–24,F,Total,9.0,56.0,1365.0,,1430.0
2024,Interurbana,drivers_victims,18–24,F,Turismo,7.0,31.0,1205.0,,1243.0
2024,Interurbana,drivers_victims,18–24,F,VMP,0.0,1.0,17.0,,18.0
2024,Interurbana,drivers_victims,18–24,F,Vehículo pesado,0.0,2.0,6.0,,8.0
2024,Interurbana,drivers_victims,18–24,M,Autobús,0.0,0.0,1.0,,1.0
2024,Interurbana,drivers_victims,18–24,M,Bicicleta,2.0,13.0,109.0,,124.0
2024,Interurbana,drivers_victims,18–24,M,Ciclomotor,1.0,15.0,82.0,,98.0
2024,Interurbana,drivers_victims,18–24,M,Desconocido,0.0,0.0,4.0,,4.0
2024,Interurbana,drivers_victims,18–24,M,Furgoneta,2.0,11.0,118.0,,131.0
2024,Interurbana,drivers_victims,18–24,M,Motocicleta,15.0,115.0,734.0,,864.0
2024,Interurbana,drivers_victims,18–24,M,Otros,2.0,1.0,15.0,,18.0
2024,Interurbana,drivers_victims,18–24,M,Total,63.0,267.0,3120.0,,3450.0
2024,Interurbana,drivers_victims,18–24,M,Turismo,41.0,105.0,1989.0,,2135.0
2024,Interurbana,drivers_victims,18–24,M,VMP,0.0,6.0,32.0,,38.0
2024,Interurbana,drivers_victims,18–24,M,Vehículo pesado,0.0,1.0,36.0,,37.0
2024,Interurbana,drivers_victims,18–24,UNK,Autobús,0.0,0.0,0.0,,0.0
2024,Interurbana,drivers_victims,18–24,UNK,Bicicleta,0.0,0.0,0.0,,0.0
2024,Interurbana,drivers_victims,18–24,UNK,Ciclomotor,0.0,0.0,0.0,,0.0
2024,Interurbana,drivers_victims,18–24,UNK,Desconocido,0.0,0.0,0.0,,0.0
2024,Interurbana,drivers_victims,18–24,UNK,Furgoneta,0.0,0.0,0.0,,0.0
2024,Interurbana,drivers_victims,18–24,UNK,Motocicleta,0.0,0.0,0.0,,0.0
2024,Interurbana,drivers_victims,18–24,UNK,Otros,0.0,0.0,0.0,,0.0
2024,Interurbana,drivers_victims,18–24,UNK,Total,0.0,0.0,1.0,,1.0
2024,Interurbana,drivers_victims,18–24,UNK,Turismo,0.0,0.0,1.0,,1.0
2024,Interurbana,drivers_victims,18–24,UNK,VMP,0.0,0.0,0.0,,0.0
2024,Interurbana,drivers_victims,18–24,UNK,Vehículo pesado,0.0,0.0,0.0,,0.0
2024,Interurbana,drivers_victims,25–44,F,Autobús,0.0,0.0,4.0,,4.0
2024,Interurbana,drivers_victims,25–44,F,Bicicleta,2.0,13.0,84.0,,99.0
2024,Interurbana,drivers_victims,25–44,F,Ciclomotor,0.0,1.0,26.0,,27.0
2024,Interurbana,drivers_victims,25–44,F,Desconocido,0.0,0.0,2.0,,2.0
2024,Interurbana,drivers_victims,25–44,F,Furgoneta,2.0,9.0,84.0,,95.0
2024,Interurbana,drivers_victims,25–44,F,Motocicleta,5.0,43.0,335.0,,383.0
2024,Interurbana,drivers_victims,25–44,F,Otros,0.0,1.0,16.0,,17.0
2024,Interurbana,drivers_victims,25–44,F,Total,36.0,199.0,4645.0,,4880.0
2024,Interurbana,drivers_victims,25–44,F,Turismo,27.0,129.0,4055.0,,4211.0
2024,Interurbana,drivers_victims,25–44,F,VMP,0.0,0.0,23.0,,23.0
2024,Interurbana,drivers_victims,25–44,F,Vehículo pesado,0.0,4.0,16.0,,20.0
2024,Interurbana,drivers_victims,25–44,M,Autobús,1.0,1.0,13.0,,15.0
2024,Interurbana,drivers_victims,25–44,M,Bicicleta,10.0,64.0,468.0,,542.0
2024,Interurbana,drivers_victims,25–44,M,Ciclomotor,0.0,12.0,66.0,,78.0
2024,Interurbana,drivers_victims,25–44,M,Desconocido,0.0,0.0,11.0,,11.0
2024,Interurbana,drivers_victims,25–44,M,Furgoneta,11.0,27.0,557.0,,595.0
2024,Interurbana,drivers_victims,25–44,M,Motocicleta,104.0,416.0,2099.0,,2619.0
2024,Interurbana,drivers_victims,25–44,M,Otros,3.0,9.0,47.0,,59.0
2024,Interurbana,drivers_victims,25–44,M,Total,252.0,874.0,8439.0,,9565.0
2024,Interurbana,drivers_victims,25–44,M,Turismo,110.0,289.0,4761.0,,5160.0
2024,Interurbana,drivers_victims,25–44,M,VMP,2.0,12.0,60.0,,74.0
2024,Interurbana,drivers_victims,25–44,M,Vehículo pesado,11.0,44.0,361.0,,416.0
2024,Interurbana,drivers_victims,25–44,UNK,Autobús,0.0,0.0,0.0,,0.0
2024,Interurbana,drivers_victims,25–44,UNK,Bicicleta,0.0,0.0,1.0,,1.0
2024,Interurbana,drivers_victims,25–44,UNK,Ciclomotor,0.0,0.0,0.0,,0.0
2024,Interurbana,drivers_victims,25–44,UNK,Desconocido,0.0,0.0,0.0,,0.0
2024,Interurbana,drivers_victims,25–44,UNK,Furgoneta,0.0,0.0,0.0,,0.0
2024,Interurbana,drivers_victims,25–44,UNK,Motocicleta,0.0,0.0,0.0,,0.0
2024,Interurbana,drivers_victims,25–44,UNK,Otros,0.0,0.0,0.0,,0.0
2024,Interurbana,drivers_victims,25–44,UNK,Total,0.0,0.0,4.0,,4.0
2024,Interurbana,drivers_victims,25–44,UNK,Turismo,0.0,0.0,3.0,,3.0
2024,Interurbana,drivers_victims,25–44,UNK,VMP,0.0,0.0,0.0,,0.0
2024,Interurbana,drivers_victims,25–44,UNK,Vehículo pesado,0.0,0.0,0.0,,0.0
2024,Interurbana,drivers_victims,45–64,F,Autobús,0.0,0.0,4.0,,4.0
2024,Interurbana,drivers_victims,45–64,F,Bicicleta,0.0,16.0,108.0,,124.0
2024,Interurbana,drivers_victims,45–64,F,Ciclomotor,0.0,2.0,23.0,,25.0
2024,Interurbana,drivers_victims,45–64,F,Desconocido,0.0,0.0,2.0,,2.0
2024,Interurbana,drivers_victims,45–64,F,Furgoneta,3.0,2.0,71.0,,76.0
2024,Interurbana,drivers_victims,45–64,F,Motocicleta,10.0,33.0,160.0,,203.0
2024,Interurbana,drivers_victims,45–64,F,Otros,1.0,1.0,9.0,,11.0
2024,Interurbana,drivers_victims,45–64,F,Total,41.0,204.0,3466.0,,3711.0
2024,Interurbana,drivers_victims,45–64,F,Turismo,27.0,150.0,3071.0,,3248.0
2024,Interurbana,drivers_victims,45–64,F,VMP,0.0,0.0,8.0,,8.0
2024,Interurbana,drivers_victims,45–64,F,Vehículo pesado,0.0,0.0,10.0,,10.0
2024,Interurbana,drivers_victims,45–64,M,Autobús,0.0,0.0,26.0,,26.0
2024,Interurbana,drivers_victims,45–64,M,Bicicleta,26.0,150.0,771.0,,947.0
2024,Interurbana,drivers_victims,45–64,M,Ciclomotor,7.0,20.0,88.0,,115.0
2024,Interurbana,drivers_victims,45–64,M,Desconocido,0.0,1.0,29.0,,30.0
2024,Interurbana,drivers_victims,45–64,M,Furgoneta,25.0,50.0,601.0,,676.0
2024,Interurbana,drivers_victims,45–64,M,Motocicleta,135.0,555.0,2045.0,,2735.0
2024,Interurbana,drivers_victims,45–64,M,Otros,9.0,14.0,43.0,,66.0
2024,Interurbana,drivers_victims,45–64,M,Total,342.0,1195.0,8329.0,,9866.0
2024,Interurbana,drivers_victims,45–64,M,Turismo,116.0,343.0,4133.0,,4592.0
2024,Interurbana,drivers_victims,45–64,M,VMP,1.0,0.0,21.0,,22.0
2024,Interurbana,drivers_victims,45–64,M,Vehículo pesado,24.0,63.0,576.0,,663.0
2024,Interurbana,drivers_victims,45–64,UNK,Autobús,0.0,0.0,0.0,,0.0
2024,Interurbana,drivers_victims,45–64,UNK,Bicicleta,0.0,0.0,1.0,,1.0
2024,Interurbana,drivers_victims,45–64,UNK,Ciclomotor,0.0,0.0,0.0,,0.0
2024,Interurbana,drivers_victims,45–64,UNK,Desconocido,0.0,0.0,0.0,,0.0
2024,Interurbana,drivers_victims,45–64,UNK,Furgoneta,0.0,0.0,0.0,,0.0
2024,Interurbana,drivers_victims,45–64,UNK,Motocicleta,0.0,0.0,0.0,,0.0
2024,Interurbana,drivers_victims,45–64,UNK,Otros,0.0,0.0,0.0,,0.0
2024,Interurbana,drivers_victims,45–64,UNK,Total,0.0,0.0,6.0,,6.0
2024,Interurbana,drivers_victims,45–64,UNK,Turismo,0.0,0.0,5.0,,5.0
2024,Interurbana,drivers_victims,45–64,UNK,VMP,0.0,0.0,0.0,,0.0
2024,Interurbana,drivers_victims,45–64,UNK,Vehículo pesado,0.0,0.0,0.0,,0.0
2024,Interurbana,drivers_victims,65+,F,Autobús,0.0,0.0,0.0,,0.0
2024,Interurbana,drivers_victims,65+,F,Bicicleta,0.0,6.0,18.0,,24.0
2024,Interurbana,drivers_victims,65+,F,Ciclomotor,0.0,0.0,1.0,,1.0
2024,Interurbana,drivers_victims,65+,F,Desconocido,0.0,0.0,0.0,,0.0
2024,Interurbana,drivers_victims,65+,F,Furgoneta,0.0,1.0,10.0,,11.0
2024,Interurbana,drivers_victims,65+,F,Motocicleta,0.0,1.0,8.0,,9.0
2024,Interurbana,drivers_victims,65+,F,Otros,0.0,0.0,4.0,,4.0
2024,Interurbana,drivers_victims,65+,F,Total,11.0,51.0,601.0,,663.0
2024,Interurbana,drivers_victims,65+,F,Turismo,11.0,41.0,557.0,,609.0
2024,Interurbana,drivers_victims,65+,F,VMP,0.0,1.0,0.0,,1.0
2024,Interurbana,drivers_victims,65+,F,Vehículo pesado,0.0,1.0,3.0,,4.0
2024,Interurbana,drivers_victims,65+,M,Autobús,0.0,0.0,2.0,,2.0
2024,Interurbana,drivers_victims,65+,M,Bicicleta,29.0,73.0,337.0,,439.0
2024,Interurbana,drivers_victims,65+,M,Ciclomotor,4.0,10.0,35.0,,49.0
2024,Interurbana,drivers_victims,65+,M,Desconocido,1.0,1.0,4.0,,6.0
2024,Interurbana,drivers_victims,65+,M,Furgoneta,11.0,15.0,108.0,,134.0
2024,Interurbana,drivers_victims,65+,M,Motocicleta,31.0,108.0,316.0,,455.0
2024,Interurbana,drivers_victims,65+,M,Otros,5.0,10.0,29.0,,44.0
2024,Interurbana,drivers_victims,65+,M,Total,175.0,395.0,2706.0,,3276.0
2024,Interurbana,drivers_victims,65+,M,Turismo,94.0,175.0,1846.0,,2115.0
2024,Interurbana,drivers_victims,65+,M,VMP,0.0,1.0,3.0,,4.0
2024,Interurbana,drivers_victims,65+,M,Vehículo pesado,4.0,4.0,30.0,,38.0
2024,Interurbana,drivers_victims,65+,UNK,Autobús,0.0,0.0,0.0,,0.0
2024,Interurbana,drivers_victims,65+,UNK,Bicicleta,0.0,0.0,0.0,,0.0
2024,Interurbana,drivers_victims,65+,UNK,Ciclomotor,0.0,0.0,0.0,,0.0
2024,Interurbana,drivers_victims,65+,UNK,Desconocido,0.0,0.0,0.0,,0.0
2024,Interurbana,drivers_victims,65+,UNK,Furgoneta,0.0,0.0,0.0,,0.0
2024,Interurbana,drivers_victims,65+,UNK,Motocicleta,0.0,0.0,0.0,,0.0
2024,Interurbana,drivers_victims,65+,UNK,Otros,0.0,0.0,0.0,,0.0
2024,Interurbana,drivers_victims,65+,UNK,Total,1.0,0.0,1.0,,2.0
2024,Interurbana,drivers_victims,65+,UNK,Turismo,1.0,0.0,1.0,,2.0
2024,Interurbana,drivers_victims,65+,UNK,VMP,0.0,0.0,0.0,,0.0
2024,Interurbana,drivers_victims,65+,UNK,Vehículo pesado,0.0,0.0,0.0,,0.0
2024,Interurbana,drivers_victims,Desconocida,F,Autobús,0.0,0.0,0.0,,0.0
2024,Interurbana,drivers_victims,Desconocida,F,Bicicleta,0.0,0.0,2.0,,2.0
2024,Interurbana,drivers_victims,Desconocida,F,Ciclomotor,0.0,0.0,0.0,,0.0
2024,Interurbana,drivers_victims,Desconocida,F,Desconocido,0.0,0.0,0.0,,0.0
2024,Interurbana,drivers_victims,Desconocida,F,Furgoneta,0.0,0.0,0.0,,0.0
2024,Interurbana,drivers_victims,Desconocida,F,Motocicleta,0.0,0.0,2.0,,2.0
2024,Interurbana,drivers_victims,Desconocida,F,Otros,0.0,0.0,1.0,,1.0
2024,Interurbana,drivers_victims,Desconocida,F,Total,0.0,2.0,21.0,,23.0
2024,Interurbana,drivers_victims,Desconocida,F,Turismo,0.0,2.0,14.0,,16.0
2024,Interurbana,drivers_victims,Desconocida,F,VMP,0.0,0.0,2.0,,2.0
2024,Interurbana,drivers_victims,Desconocida,F,Vehículo pesado,0.0,0.0,0.0,,0.0
2024,Interurbana,drivers_victims,Desconocida,M,Autobús,0.0,0.0,0.0,,0.0
2024,Interurbana,drivers_victims,Desconocida,M,Bicicleta,0.0,0.0,18.0,,18.0
2024,Interurbana,drivers_victims,Desconocida,M,Ciclomotor,0.0,0.0,1.0,,1.0
2024,Interurbana,drivers_victims,Desconocida,M,Desconocido,0.0,0.0,1.0,,1.0
2024,Interurbana,drivers_victims,Desconocida,M,Furgoneta,0.0,1.0,4.0,,5.0
2024,Interurbana,drivers_victims,Desconocida,M,Motocicleta,0.0,3.0,36.0,,39.0
2024,Interurbana,drivers_victims,Desconocida,M,Otros,0.0,1.0,3.0,,4.0
2024,Interurbana,drivers_victims,Desconocida,M,Total,0.0,8.0,120.0,,128.0
2024,Interurbana,drivers_victims,Desconocida,M,Turismo,0.0,3.0,52.0,,55.0
2024,Interurbana,drivers_victims,Desconocida,M,VMP,0.0,0.0,3.0,,3.0
2024,Interurbana,drivers_victims,Desconocida,M,Vehículo pesado,0.0,0.0,3.0,,3.0
2024,Interurbana,drivers_victims,Desconocida,UNK,Autobús,0.0,0.0,0.0,,0.0
2024,Interurbana,drivers_victims,Desconocida,UNK,Bicicleta,0.0,0.0,0.0,,0.0
2024,Interurbana,drivers_victims,Desconocida,UNK,Ciclomotor,0.0,0.0,0.0,,0.0
2024,Interurbana,drivers_victims,Desconocida,UNK,Desconocido,0.0,0.0,0.0,,0.0
2024,Interurbana,drivers_victims,Desconocida,UNK,Furgoneta,0.0,0.0,0.0,,0.0
2024,Interurbana,drivers_victims,Desconocida,UNK,Motocicleta,0.0,0.0,0.0,,0.0
2024,Interurbana,drivers_victims,Desconocida,UNK,Otros,0.0,0.0,0.0,,0.0
2024,Interurbana,drivers_victims,Desconocida,UNK,Total,1.0,0.0,1.0,,2.0
2024,Interurbana,drivers_victims,Desconocida,UNK,Turismo,1.0,0.0,1.0,,2.0
2024,Interurbana,drivers_victims,Desconocida,UNK,VMP,0.0,0.0,0.0,,0.0
2024,Interurbana,drivers_victims,Desconocida,UNK,Vehículo pesado,0.0,0.0,0.0,,0.0
2024,Urbana,all_victims,0–17,F,Autobús,0.0,0.0,70.0,,70.0
2024,Urbana,all_victims,0–17,F,Bicicleta,,,,,
2024,Urbana,all_victims,0–17,F,Ciclomotor,0.0,17.0,196.0,,213.0
2024,Urbana,all_victims,0–17,F,Desconocido,0.0,0.0,5.0,,5.0
2024,Urbana,all_victims,0–17,F,Furgoneta,0.0,0.0,20.0,,20.0
2024,Urbana,all_victims,0–17,F,Motocicleta,0.0,11.0,122.0,,133.0
2024,Urbana,all_victims,0–17,F,Otros,1.0,2.0,33.0,,36.0
2024,Urbana,all_victims,0–17,F,Peatón,4.0,61.0,718.0,,783.0
2024,Urbana,all_victims,0–17,F,Total,7.0,125.0,2420.0,,2552.0
2024,Urbana,all_victims,0–17,F,Turismo,0.0,7.0,890.0,,897.0
2024,Urbana,all_victims,0–17,F,VMP,0.0,25.0,291.0,,316.0
2024,Urbana,all_victims,0–17,F,Vehículo pesado,0.0,0.0,3.0,,3.0
2024,Urbana,all_victims,0–17,M,Autobús,0.0,0.0,60.0,,60.0
2024,Urbana,all_victims,0–17,M,Bicicleta,,,,,
2024,Urbana,all_victims,0–17,M,Ciclomotor,4.0,60.0,571.0,,635.0
2024,Urbana,all_victims,0–17,M,Desconocido,0.0,1.0,6.0,,7.0
2024,Urbana,all_victims,0–17,M,Furgoneta,1.0,1.0,35.0,,37.0
2024,Urbana,all_victims,0–17,M,Motocicleta,2.0,39.0,293.0,,334.0
2024,Urbana,all_victims,0–17,M,Otros,0.0,3.0,47.0,,50.0
2024,Urbana,all_victims,0–17,M,Peatón,5.0,84.0,908.0,,997.0
2024,Urbana,all_victims,0–17,M,Total,15.0,271.0,3704.0,,3990.0
2024,Urbana,all_victims,0–17,M,Turismo,1.0,9.0,821.0,,831.0
2024,Urbana,all_victims,0–17,M,VMP,1.0,44.0,580.0,,625.0
2024,Urbana,all_victims,0–17,M,Vehículo pesado,0.0,1.0,3.0,,4.0
2024,Urbana,all_victims,0–17,UNK,Autobús,0.0,0.0,5.0,,5.0
2024,Urbana,all_victims,0–17,UNK,Bicicleta,,,,,
2024,Urbana,all_victims,0–17,UNK,Ciclomotor,0.0,0.0,6.0,,6.0
2024,Urbana,all_victims,0–17,UNK,Desconocido,0.0,0.0,0.0,,0.0
2024,Urbana,all_victims,0–17,UNK,Furgoneta,0.0,0.0,1.0,,1.0
2024,Urbana,all_victims,0–17,UNK,Motocicleta,0.0,0.0,3.0,,3.0
2024,Urbana,all_victims,0–17,UNK,Otros,0.0,0.0,3.0,,3.0
2024,Urbana,all_victims,0–17,UNK,Peatón,0.0,1.0,21.0,,22.0
2024,Urbana,all_victims,0–17,UNK,Total,0.0,1.0,86.0,,87.0
2024,Urbana,all_victims,0–17,UNK,Turismo,0.0,0.0,26.0,,26.0
2024,Urbana,all_victims,0–17,UNK,VMP,0.0,0.0,16.0,,16.0
2024,Urbana,all_victims,0–17,UNK,Vehículo pesado,0.0,0.0,0.0,,0.0
2024,Urbana,all_victims,18–24,F,Autobús,0.0,0.0,78.0,,78.0
2024,Urbana,all_victims,18–24,F,Bicicleta,,,,,
2024,Urbana,all_victims,18–24,F,Ciclomotor,0.0,13.0,315.0,,328.0
2024,Urbana,all_victims,18–24,F,Desconocido,0.0,0.0,13.0,,13.0
2024,Urbana,all_victims,18–24,F,Furgoneta,0.0,0.0,46.0,,46.0
2024,Urbana,all_victims,18–24,F,Motocicleta,2.0,35.0,519.0,,556.0
2024,Urbana,all_victims,18–24,F,Otros,0.0,4.0,59.0,,63.0
2024,Urbana,all_victims,18–24,F,Peatón,2.0,55.0,538.0,,595.0
2024,Urbana,all_victims,18–24,F,Total,9.0,183.0,4075.0,,4267.0
2024,Urbana,all_victims,18–24,F,Turismo,4.0,37.0,1789.0,,1830.0
2024,Urbana,all_victims,18–24,F,VMP,1.0,29.0,560.0,,590.0
2024,Urbana,all_victims,18–24,F,Vehículo pesado,0.0,0.0,5.0,,5.0
2024,Urbana,all_victims,18–24,M,Autobús,0.0,0.0,35.0,,35.0
2024,Urbana,all_victims,18–24,M,Bicicleta,,,,,
2024,Urbana,all_victims,18–24,M,Ciclomotor,0.0,42.0,866.0,,908.0
2024,Urbana,all_victims,18–24,M,Desconocido,0.0,1.0,23.0,,24.0
2024,Urbana,all_victims,18–24,M,Furgoneta,2.0,0.0,99.0,,101.0
2024,Urbana,all_victims,18–24,M,Motocicleta,14.0,149.0,1790.0,,1953.0
2024,Urbana,all_victims,18–24,M,Otros,1.0,10.0,71.0,,82.0
2024,Urbana,all_victims,18–24,M,Peatón,3.0,42.0,420.0,,465.0
2024,Urbana,all_victims,18–24,M,Total,29.0,382.0,6796.0,,7207.0
2024,Urbana,all_victims,18–24,M,Turismo,6.0,53.0,2061.0,,2120.0
2024,Urbana,all_victims,18–24,M,VMP,1.0,62.0,981.0,,1044.0
2024,Urbana,all_victims,18–24,M,Vehículo pesado,0.0,1.0,24.0,,25.0
2024,Urbana,all_victims,18–24,UNK,Autobús,0.0,0.0,1.0,,1.0
2024,Urbana,all_victims,18–24,UNK,Bicicleta,,,,,
2024,Urbana,all_victims,18–24,UNK,Ciclomotor,0.0,0.0,13.0,,13.0
2024,Urbana,all_victims,18–24,UNK,Desconocido,0.0,0.0,1.0,,1.0
2024,Urbana,all_victims,18–24,UNK,Furgoneta,0.0,0.0,1.0,,1.0
2024,Urbana,all_victims,18–24,UNK,Motocicleta,0.0,1.0,11.0,,12.0
2024,Urbana,all_victims,18–24,UNK,Otros,0.0,0.0,10.0,,10.0
2024,Urbana,all_victims,18–24,UNK,Peatón,0.0,0.0,14.0,,14.0
2024,Urbana,all_victims,18–24,UNK,Total,0.0,2.0,102.0,,104.0
2024,Urbana,all_victims,18–24,UNK,Turismo,0.0,0.0,15.0,,15.0
2024,Urbana,all_victims,18–24,UNK,VMP,0.0,1.0,26.0,,27.0
2024,Urbana,all_victims,18–24,UNK,Vehículo pesado,0.0,0.0,0.0,,0.0
2024,Urbana,all_victims,25–44,F,Autobús,0.0,7.0,307.0,,314.0
2024,Urbana,all_victims,25–44,F,Bicicleta,,,,,
2024,Urbana,all_victims,25–44,F,Ciclomotor,1.0,10.0,380.0,,391.0
2024,Urbana,all_victims,25–44,F,Desconocido,0.0,0.0,23.0,,23.0
2024,Urbana,all_victims,25–44,F,Furgoneta,0.0,2.0,176.0,,178.0
2024,Urbana,all_victims,25–44,F,Motocicleta,2.0,96.0,2348.0,,2446.0
2024,Urbana,all_victims,25–44,F,Otros,0.0,2.0,88.0,,90.0
2024,Urbana,all_victims,25–44,F,Peatón,0.0,102.0,1267.0,,1369.0
2024,Urbana,all_victims,25–44,F,Total,4.0,329.0,11313.0,,11646.0
2024,Urbana,all_victims,25–44,F,Turismo,1.0,30.0,5242.0,,5273.0
2024,Urbana,all_victims,25–44,F,VMP,0.0,61.0,981.0,,1042.0
2024,Urbana,all_victims,25–44,F,Vehículo pesado,0.0,0.0,19.0,,19.0
2024,Urbana,all_victims,25–44,M,Autobús,0.0,4.0,129.0,,133.0
2024,Urbana,all_victims,25–44,M,Bicicleta,,,,,
2024,Urbana,all_victims,25–44,M,Ciclomotor,1.0,50.0,644.0,,695.0
2024,Urbana,all_victims,25–44,M,Desconocido,0.0,3.0,51.0,,54.0
2024,Urbana,all_victims,25–44,M,Furgoneta,0.0,8.0,479.0,,487.0
2024,Urbana,all_victims,25–44,M,Motocicleta,42.0,590.0,6646.0,,7278.0
2024,Urbana,all_victims,25–44,M,Otros,2.0,17.0,186.0,,205.0
2024,Urbana,all_victims,25–44,M,Peatón,8.0,93.0,848.0,,949.0
2024,Urbana,all_victims,25–44,M,Total,74.0,1040.0,16178.0,,17292.0
2024,Urbana,all_victims,25–44,M,Turismo,14.0,92.0,4504.0,,4610.0
2024,Urbana,all_victims,25–44,M,VMP,4.0,107.0,1437.0,,1548.0
2024,Urbana,all_victims,25–44,M,Vehículo pesado,0.0,3.0,93.0,,96.0
2024,Urbana,all_victims,25–44,UNK,Autobús,0.0,0.0,9.0,,9.0
2024,Urbana,all_victims,25–44,UNK,Bicicleta,,,,,
2024,Urbana,all_victims,25–44,UNK,Ciclomotor,0.0,1.0,5.0,,6.0
2024,Urbana,all_victims,25–44,UNK,Desconocido,0.0,2.0,6.0,,8.0
2024,Urbana,all_victims,25–44,UNK,Furgoneta,0.0,0.0,2.0,,2.0
2024,Urbana,all_victims,25–44,UNK,Motocicleta,0.0,1.0,40.0,,41.0
2024,Urbana,all_victims,25–44,UNK,Otros,0.0,0.0,14.0,,14.0
2024,Urbana,all_victims,25–44,UNK,Peatón,0.0,3.0,25.0,,28.0
2024,Urbana,all_victims,25–44,UNK,Total,0.0,10.0,196.0,,206.0
2024,Urbana,all_victims,25–44,UNK,Turismo,0.0,0.0,32.0,,32.0
2024,Urbana,all_victims,25–44,UNK,VMP,0.0,2.0,41.0,,43.0
2024,Urbana,all_victims,25–44,UNK,Vehículo pesado,0.0,0.0,0.0,,0.0
2024,Urbana,all_victims,45–64,F,Autobús,0.0,11.0,636.0,,647.0
2024,Urbana,all_victims,45–64,F,Bicicleta,,,,,
2024,Urbana,all_victims,45–64,F,Ciclomotor,1.0,17.0,328.0,,346.0
2024,Urbana,all_victims,45–64,F,Desconocido,0.0,0.0,21.0,,21.0
2024,Urbana,all_victims,45–64,F,Furgoneta,1.0,1.0,137.0,,139.0
2024,Urbana,all_victims,45–64,F,Motocicleta,2.0,96.0,1373.0,,1471.0
2024,Urbana,all_victims,45–64,F,Otros,0.0,6.0,56.0,,62.0
2024,Urbana,all_victims,45–64,F,Peatón,13.0,248.0,1615.0,,1876.0
2024,Urbana,all_victims,45–64,F,Total,25.0,492.0,8750.0,,9267.0
2024,Urbana,all_victims,45–64,F,Turismo,6.0,56.0,3964.0,,4026.0
2024,Urbana,all_victims,45–64,F,VMP,1.0,28.0,273.0,,302.0
2024,Urbana,all_victims,45–64,F,Vehículo pesado,0.0,2.0,18.0,,20.0
2024,Urbana,all_victims,45–64,M,Autobús,0.0,7.0,207.0,,214.0
2024,Urbana,all_victims,45–64,M,Bicicleta,,,,,
2024,Urbana,all_victims,45–64,M,Ciclomotor,7.0,48.0,439.0,,494.0
2024,Urbana,all_victims,45–64,M,Desconocido,1.0,1.0,32.0,,34.0
2024,Urbana,all_victims,45–64,M,Furgoneta,0.0,11.0,418.0,,429.0
2024,Urbana,all_victims,45–64,M,Motocicleta,45.0,568.0,5055.0,,5668.0
2024,Urbana,all_victims,45–64,M,Otros,2.0,11.0,125.0,,138.0
2024,Urbana,all_victims,45–64,M,Peatón,30.0,149.0,1177.0,,1356.0
2024,Urbana,all_victims,45–64,M,Total,115.0,1046.0,12621.0,,13782.0
2024,Urbana,all_victims,45–64,M,Turismo,15.0,68.0,3338.0,,3421.0
2024,Urbana,all_victims,45–64,M,VMP,6.0,57.0,521.0,,584.0
2024,Urbana,all_victims,45–64,M,Vehículo pesado,2.0,3.0,124.0,,129.0
2024,Urbana,all_victims,45–64,UNK,Autobús,0.0,0.0,10.0,,10.0
2024,Urbana,all_victims,45–64,UNK,Bicicleta,,,,,
2024,Urbana,all_victims,45–64,UNK,Ciclomotor,0.0,0.0,3.0,,3.0
2024,Urbana,all_victims,45–64,UNK,Desconocido,0.0,0.0,0.0,,0.0
2024,Urbana,all_victims,45–64,UNK,Furgoneta,0.0,0.0,1.0,,1.0
2024,Urbana,all_victims,45–64,UNK,Motocicleta,0.0,0.0,16.0,,16.0
2024,Urbana,all_victims,45–64,UNK,Otros,0.0,2.0,5.0,,7.0
2024,Urbana,all_victims,45–64,UNK,Peatón,0.0,3.0,27.0,,30.0
2024,Urbana,all_victims,45–64,UNK,Total,0.0,5.0,117.0,,122.0
2024,Urbana,all_victims,45–64,UNK,Turismo,0.0,0.0,30.0,,30.0
2024,Urbana,all_victims,45–64,UNK,VMP,0.0,0.0,13.0,,13.0
2024,Urbana,all_victims,45–64,UNK,Vehículo pesado,0.0,0.0,0.0,,0.0
2024,Urbana,all_victims,65+,F,Autobús,2.0,24.0,578.0,,604.0
2024,Urbana,all_victims,65+,F,Bicicleta,,,,,
2024,Urbana,all_victims,65+,F,Ciclomotor,0.0,1.0,26.0,,27.0
2024,Urbana,all_victims,65+,F,Desconocido,0.0,0.0,4.0,,4.0
2024,Urbana,all_victims,65+,F,Furgoneta,1.0,3.0,35.0,,39.0
2024,Urbana,all_victims,65+,F,Motocicleta,0.0,7.0,82.0,,89.0
2024,Urbana,all_victims,65+,F,Otros,0.0,2.0,23.0,,25.0
2024,Urbana,all_victims,65+,F,Peatón,66.0,418.0,1603.0,,2087.0
2024,Urbana,all_victims,65+,F,Total,79.0,507.0,3438.0,,4024.0
2024,Urbana,all_victims,65+,F,Turismo,9.0,43.0,1024.0,,1076.0
2024,Urbana,all_victims,65+,F,VMP,0.0,1.0,14.0,,15.0
2024,Urbana,all_victims,65+,F,Vehículo pesado,0.0,0.0,0.0,,0.0
2024,Urbana,all_victims,65+,M,Autobús,2.0,5.0,198.0,,205.0
2024,Urbana,all_victims,65+,M,Bicicleta,,,,,
2024,Urbana,all_victims,65+,M,Ciclomotor,9.0,14.0,166.0,,189.0
2024,Urbana,all_victims,65+,M,Desconocido,0.0,0.0,12.0,,12.0
2024,Urbana,all_victims,65+,M,Furgoneta,2.0,4.0,59.0,,65.0
2024,Urbana,all_victims,65+,M,Motocicleta,9.0,80.0,742.0,,831.0
2024,Urbana,all_victims,65+,M,Otros,3.0,3.0,39.0,,45.0
2024,Urbana,all_victims,65+,M,Peatón,70.0,280.0,1142.0,,1492.0
2024,Urbana,all_victims,65+,M,Total,129.0,517.0,3873.0,,4519.0
2024,Urbana,all_victims,65+,M,Turismo,25.0,53.0,1087.0,,1165.0
2024,Urbana,all_victims,65+,M,VMP,0.0,2.0,35.0,,37.0
2024,Urbana,all_victims,65+,M,Vehículo pesado,1.0,2.0,2.0,,5.0
2024,Urbana,all_victims,65+,UNK,Autobús,0.0,0.0,10.0,,10.0
2024,Urbana,all_victims,65+,UNK,Bicicleta,,,,,
2024,Urbana,all_victims,65+,UNK,Ciclomotor,0.0,0.0,1.0,,1.0
2024,Urbana,all_victims,65+,UNK,Desconocido,0.0,0.0,0.0,,0.0
2024,Urbana,all_victims,65+,UNK,Furgoneta,0.0,0.0,0.0,,0.0
2024,Urbana,all_victims,65+,UNK,Motocicleta,0.0,0.0,4.0,,4.0
2024,Urbana,all_victims,65+,UNK,Otros,0.0,0.0,3.0,,3.0
2024,Urbana,all_victims,65+,UNK,Peatón,0.0,4.0,25.0,,29.0
2024,Urbana,all_victims,65+,UNK,Total,0.0,4.0,57.0,,61.0
2024,Urbana,all_victims,65+,UNK,Turismo,0.0,0.0,7.0,,7.0
2024,Urbana,all_victims,65+,UNK,VMP,0.0,0.0,0.0,,0.0
2024,Urbana,all_victims,65+,UNK,Vehículo pesado,0.0,0.0,0.0,,0.0
2024,Urbana,all_victims,Desconocida,F,Autobús,0.0,1.0,75.0,,76.0
2024,Urbana,all_victims,Desconocida,F,Bicicleta,,,,,
2024,Urbana,all_victims,Desconocida,F,Ciclomotor,0.0,0.0,29.0,,29.0
2024,Urbana,all_victims,Desconocida,F,Desconocido,0.0,0.0,4.0,,4.0
2024,Urbana,all_victims,Desconocida,F,Furgoneta,0.0,0.0,17.0,,17.0
2024,Urbana,all_victims,Desconocida,F,Motocicleta,0.0,2.0,79.0,,81.0
2024,Urbana,all_victims,Desconocida,F,Otros,0.0,0.0,6.0,,6.0
2024,Urbana,all_victims,Desconocida,F,Peatón,2.0,23.0,230.0,,255.0
2024,Urbana,all_victims,Desconocida,F,Total,2.0,43.0,1066.0,,1111.0
2024,Urbana,all_victims,Desconocida,F,Turismo,0.0,6.0,377.0,,383.0
2024,Urbana,all_victims,Desconocida,F,VMP,0.0,5.0,188.0,,193.0
2024,Urbana,all_victims,Desconocida,F,Vehículo pesado,0.0,0.0,2.0,,2.0
2024,Urbana,all_victims,Desconocida,M,Autobús,0.0,0.0,34.0,,34.0
2024,Urbana,all_victims,Desconocida,M,Bicicleta,,,,,
2024,Urbana,all_victims,Desconocida,M,Ciclomotor,0.0,1.0,48.0,,49.0
2024,Urbana,all_victims,Desconocida,M,Desconocido,0.0,0.0,5.0,,5.0
2024,Urbana,all_victims,Desconocida,M,Furgoneta,0.0,1.0,27.0,,28.0
2024,Urbana,all_victims,Desconocida,M,Motocicleta,0.0,21.0,301.0,,322.0
2024,Urbana,all_victims,Desconocida,M,Otros,0.0,2.0,8.0,,10.0
2024,Urbana,all_victims,Desconocida,M,Peatón,4.0,15.0,172.0,,191.0
2024,Urbana,all_victims,Desconocida,M,Total,6.0,61.0,1413.0,,1480.0
2024,Urbana,all_victims,Desconocida,M,Turismo,0.0,7.0,394.0,,401.0
2024,Urbana,all_victims,Desconocida,M,VMP,1.0,8.0,246.0,,255.0
2024,Urbana,all_victims,Desconocida,M,Vehículo pesado,0.0,0.0,6.0,,6.0
2024,Urbana,all_victims,Desconocida,UNK,Autobús,0.0,0.0,6.0,,6.0
2024,Urbana,all_victims,Desconocida,UNK,Bicicleta,,,,,
2024,Urbana,all_victims,Desconocida,UNK,Ciclomotor,0.0,0.0,1.0,,1.0
2024,Urbana,all_victims,Desconocida,UNK,Desconocido,0.0,1.0,6.0,,7.0
2024,Urbana,all_victims,Desconocida,UNK,Furgoneta,0.0,0.0,1.0,,1.0
2024,Urbana,all_victims,Desconocida,UNK,Motocicleta,0.0,0.0,14.0,,14.0
2024,Urbana,all_victims,Desconocida,UNK,Otros,0.0,0.0,1.0,,1.0
2024,Urbana,all_victims,Desconocida,UNK,Peatón,0.0,2.0,19.0,,21.0
2024,Urbana,all_victims,Desconocida,UNK,Total,0.0,7.0,138.0,,145.0
2024,Urbana,all_victims,Desconocida,UNK,Turismo,0.0,0.0,44.0,,44.0
2024,Urbana,all_victims,Desconocida,UNK,VMP,0.0,3.0,32.0,,35.0
2024,Urbana,all_victims,Desconocida,UNK,Vehículo pesado,0.0,0.0,0.0,,0.0
2024,Urbana,drivers_involved,0–17,F,Autobús,,,,0.0,
2024,Urbana,drivers_involved,0–17,F,Bicicleta,,,,79.0,
2024,Urbana,drivers_involved,0–17,F,Ciclomotor,,,,138.0,
2024,Urbana,drivers_involved,0–17,F,Desconocido,,,,2.0,
2024,Urbana,drivers_involved,0–17,F,Furgoneta,,,,0.0,
2024,Urbana,drivers_involved,0–17,F,Motocicleta,,,,28.0,
2024,Urbana,drivers_involved,0–17,F,Otros,,,,37.0,
2024,Urbana,drivers_involved,0–17,F,Peatón,,,,0.0,
2024,Urbana,drivers_involved,0–17,F,Total,,,,575.0,
2024,Urbana,drivers_involved,0–17,F,Turismo,,,,4.0,
2024,Urbana,drivers_involved,0–17,F,VMP,,,,287.0,
2024,Urbana,drivers_involved,0–17,F,Vehículo pesado,,,,0.0,
2024,Urbana,drivers_involved,0–17,M,Autobús,,,,0.0,
2024,Urbana,drivers_involved,0–17,M,Bicicleta,,,,449.0,
2024,Urbana,drivers_involved,0–17,M,Ciclomotor,,,,619.0,
2024,Urbana,drivers_involved,0–17,M,Desconocido,,,,8.0,
2024,Urbana,drivers_involved,0–17,M,Furgoneta,,,,2.0,
2024,Urbana,drivers_involved,0–17,M,Motocicleta,,,,245.0,
2024,Urbana,drivers_involved,0–17,M,Otros,,,,58.0,
2024,Urbana,drivers_involved,0–17,M,Peatón,,,,0.0,
2024,Urbana,drivers_involved,0–17,M,Total,,,,2112.0,
2024,Urbana,drivers_involved,0–17,M,Turismo,,,,23.0,
2024,Urbana,drivers_involved,0–17,M,VMP,,,,707.0,
2024,Urbana,drivers_involved,0–17,M,Vehículo pesado,,,,1.0,
2024,Urbana,drivers_involved,0–17,UNK,Autobús,,,,0.0,
2024,Urbana,drivers_involved,0–17,UNK,Bicicleta,,,,5.0,
2024,Urbana,drivers_involved,0–17,UNK,Ciclomotor,,,,4.0,
2024,Urbana,drivers_involved,0–17,UNK,Desconocido,,,,0.0,
2024,Urbana,drivers_involved,0–17,UNK,Furgoneta,,,,0.0,
2024,Urbana,drivers_involved,0–17,UNK,Motocicleta,,,,0.0,
2024,Urbana,drivers_involved,0–17,UNK,Otros,,,,3.0,
2024,Urbana,drivers_involved,0–17,UNK,Peatón,,,,0.0,
2024,Urbana,drivers_involved,0–17,UNK,Total,,,,28.0,
2024,Urbana,drivers_involved,0–17,UNK,Turismo,,,,0.0,
2024,Urbana,drivers_involved,0–17,UNK,VMP,,,,16.0,
2024,Urbana,drivers_involved,0–17,UNK,Vehículo pesado,,,,0.0,
2024,Urbana,drivers_involved,18–24,F,Autobús,,,,1.0,
2024,Urbana,drivers_involved,18–24,F,Bicicleta,,,,181.0,
2024,Urbana,drivers_involved,18–24,F,Ciclomotor,,,,252.0,
2024,Urbana,drivers_involved,18–24,F,Desconocido,,,,14.0,
2024,Urbana,drivers_involved,18–24,F,Furgoneta,,,,41.0,
2024,Urbana,drivers_involved,18–24,F,Motocicleta,,,,297.0,
2024,Urbana,drivers_involved,18–24,F,Otros,,,,60.0,
2024,Urbana,drivers_involved,18–24,F,Peatón,,,,0.0,
2024,Urbana,drivers_involved,18–24,F,Total,,,,3623.0,
2024,Urbana,drivers_involved,18–24,F,Turismo,,,,2186.0,
2024,Urbana,drivers_involved,18–24,F,VMP,,,,588.0,
2024,Urbana,drivers_involved,18–24,F,Vehículo pesado,,,,3.0,
2024,Urbana,drivers_involved,18–24,M,Autobús,,,,6.0,
2024,Urbana,drivers_involved,18–24,M,Bicicleta,,,,533.0,
2024,Urbana,drivers_involved,18–24,M,Ciclomotor,,,,907.0,
2024,Urbana,drivers_involved,18–24,M,Desconocido,,,,26.0,
2024,Urbana,drivers_involved,18–24,M,Furgoneta,,,,388.0,
2024,Urbana,drivers_involved,18–24,M,Motocicleta,,,,1987.0,
2024,Urbana,drivers_involved,18–24,M,Otros,,,,101.0,
2024,Urbana,drivers_involved,18–24,M,Peatón,,,,0.0,
2024,Urbana,drivers_involved,18–24,M,Total,,,,9648.0,
2024,Urbana,drivers_involved,18–24,M,Turismo,,,,4441.0,
2024,Urbana,drivers_involved,18–24,M,VMP,,,,1192.0,
2024,Urbana,drivers_involved,18–24,M,Vehículo pesado,,,,67.0,
2024,Urbana,drivers_involved,18–24,UNK,Autobús,,,,0.0,
2024,Urbana,drivers_involved,18–24,UNK,Bicicleta,,,,11.0,
2024,Urbana,drivers_involved,18–24,UNK,Ciclomotor,,,,8.0,
2024,Urbana,drivers_involved,18–24,UNK,Desconocido,,,,3.0,
2024,Urbana,drivers_involved,18–24,UNK,Furgoneta,,,,1.0,
2024,Urbana,drivers_involved,18–24,UNK,Motocicleta,,,,10.0,
2024,Urbana,drivers_involved,18–24,UNK,Otros,,,,8.0,
2024,Urbana,drivers_involved,18–24,UNK,Peatón,,,,0.0,
2024,Urbana,drivers_involved,18–24,UNK,Total,,,,96.0,
2024,Urbana,drivers_involved,18–24,UNK,Turismo,,,,25.0,
2024,Urbana,drivers_involved,18–24,UNK,VMP,,,,30.0,
2024,Urbana,drivers_involved,18–24,UNK,Vehículo pesado,,,,0.0,
2024,Urbana,drivers_involved,25–44,F,Autobús,,,,128.0,
2024,Urbana,drivers_involved,25–44,F,Bicicleta,,,,535.0,
2024,Urbana,drivers_involved,25–44,F,Ciclomotor,,,,346.0,
2024,Urbana,drivers_involved,25–44,F,Desconocido,,,,18.0,
2024,Urbana,drivers_involved,25–44,F,Furgoneta,,,,308.0,
2024,Urbana,drivers_involved,25–44,F,Motocicleta,,,,1959.0,
2024,Urbana,drivers_involved,25–44,F,Otros,,,,97.0,
2024,Urbana,drivers_involved,25–44,F,Peatón,,,,0.0,
2024,Urbana,drivers_involved,25–44,F,Total,,,,13432.0,
2024,Urbana,drivers_involved,25–44,F,Turismo,,,,8951.0,
2024,Urbana,drivers_involved,25–44,F,VMP,,,,1062.0,
2024,Urbana,drivers_involved,25–44,F,Vehículo pesado,,,,28.0,
2024,Urbana,drivers_involved,25–44,M,Autobús,,,,654.0,
2024,Urbana,drivers_involved,25–44,M,Bicicleta,,,,1413.0,
2024,Urbana,drivers_involved,25–44,M,Ciclomotor,,,,734.0,
2024,Urbana,drivers_involved,25–44,M,Desconocido,,,,64.0,
2024,Urbana,drivers_involved,25–44,M,Furgoneta,,,,2076.0,
2024,Urbana,drivers_involved,25–44,M,Motocicleta,,,,7806.0,
2024,Urbana,drivers_involved,25–44,M,Otros,,,,332.0,
2024,Urbana,drivers_involved,25–44,M,Peatón,,,,0.0,
2024,Urbana,drivers_involved,25–44,M,Total,,,,28732.0,
2024,Urbana,drivers_involved,25–44,M,Turismo,,,,13337.0,
2024,Urbana,drivers_involved,25–44,M,VMP,,,,1714.0,
2024,Urbana,drivers_involved,25–44,M,Vehículo pesado,,,,602.0,
2024,Urbana,drivers_involved,25–44,UNK,Autobús,,,,2.0,
2024,Urbana,drivers_involved,25–44,UNK,Bicicleta,,,,28.0,
2024,Urbana,drivers_involved,25–44,UNK,Ciclomotor,,,,6.0,
2024,Urbana,drivers_involved,25–44,UNK,Desconocido,,,,8.0,
2024,Urbana,drivers_involved,25–44,UNK,Furgoneta,,,,2.0,
2024,Urbana,drivers_involved,25–44,UNK,Motocicleta,,,,36.0,
2024,Urbana,drivers_involved,25–44,UNK,Otros,,,,14.0,
2024,Urbana,drivers_involved,25–44,UNK,Peatón,,,,0.0,
2024,Urbana,drivers_involved,25–44,UNK,Total,,,,226.0,
2024,Urbana,drivers_involved,25–44,UNK,Turismo,,,,82.0,
2024,Urbana,drivers_involved,25–44,UNK,VMP,,,,48.0,
2024,Urbana,drivers_involved,25–44,UNK,Vehículo pesado,,,,0.0,
2024,Urbana,drivers_involved,45–64,F,Autobús,,,,180.0,
2024,Urbana,drivers_involved,45–64,F,Bicicleta,,,,371.0,
2024,Urbana,drivers_involved,45–64,F,Ciclomotor,,,,324.0,
2024,Urbana,drivers_involved,45–64,F,Desconocido,,,,20.0,
2024,Urbana,drivers_involved,45–64,F,Furgoneta,,,,203.0,
2024,Urbana,drivers_involved,45–64,F,Motocicleta,,,,1155.0,
2024,Urbana,drivers_involved,45–64,F,Otros,,,,62.0,
2024,Urbana,drivers_involved,45–64,F,Peatón,,,,0.0,
2024,Urbana,drivers_involved,45–64,F,Total,,,,10324.0,
2024,Urbana,drivers_involved,45–64,F,Turismo,,,,7672.0,
2024,Urbana,drivers_involved,45–64,F,VMP,,,,305.0,
2024,Urbana,drivers_involved,45–64,F,Vehículo pesado,,,,32.0,
2024,Urbana,drivers_involved,45–64,M,Autobús,,,,1455.0,
2024,Urbana,drivers_involved,45–64,M,Bicicleta,,,,1409.0,
2024,Urbana,drivers_involved,45–64,M,Ciclomotor,,,,535.0,
2024,Urbana,drivers_involved,45–64,M,Desconocido,,,,49.0,
2024,Urbana,drivers_involved,45–64,M,Furgoneta,,,,2271.0,
2024,Urbana,drivers_involved,45–64,M,Motocicleta,,,,6115.0,
2024,Urbana,drivers_involved,45–64,M,Otros,,,,292.0,
2024,Urbana,drivers_involved,45–64,M,Peatón,,,,0.0,
2024,Urbana,drivers_involved,45–64,M,Total,,,,27388.0,
2024,Urbana,drivers_involved,45–64,M,Turismo,,,,13779.0,
2024,Urbana,drivers_involved,45–64,M,VMP,,,,619.0,
2024,Urbana,drivers_involved,45–64,M,Vehículo pesado,,,,864.0,
2024,Urbana,drivers_involved,45–64,UNK,Autobús,,,,9.0,
2024,Urbana,drivers_involved,45–64,UNK,Bicicleta,,,,14.0,
2024,Urbana,drivers_involved,45–64,UNK,Ciclomotor,,,,3.0,
2024,Urbana,drivers_involved,45–64,UNK,Desconocido,,,,0.0,
2024,Urbana,drivers_involved,45–64,UNK,Furgoneta,,,,6.0,
2024,Urbana,drivers_involved,45–64,UNK,Motocicleta,,,,12.0,
2024,Urbana,drivers_involved,45–64,UNK,Otros,,,,8.0,
2024,Urbana,drivers_involved,45–64,UNK,Peatón,,,,0.0,
2024,Urbana,drivers_involved,45–64,UNK,Total,,,,136.0,
2024,Urbana,drivers_involved,45–64,UNK,Turismo,,,,68.0,
2024,Urbana,drivers_involved,45–64,UNK,VMP,,,,14.0,
2024,Urbana,drivers_involved,45–64,UNK,Vehículo pesado,,,,2.0,
2024,Urbana,drivers_involved,65+,F,Autobús,,,,1.0,
2024,Urbana,drivers_involved,65+,F,Bicicleta,,,,59.0,
2024,Urbana,drivers_involved,65+,F,Ciclomotor,,,,21.0,
2024,Urbana,drivers_involved,65+,F,Desconocido,,,,4.0,
2024,Urbana,drivers_involved,65+,F,Furgoneta,,,,30.0,
2024,Urbana,drivers_involved,65+,F,Motocicleta,,,,48.0,
2024,Urbana,drivers_involved,65+,F,Otros,,,,16.0,
2024,Urbana,drivers_involved,65+,F,Peatón,,,,0.0,
2024,Urbana,drivers_involved,65+,F,Total,,,,1661.0,
2024,Urbana,drivers_involved,65+,F,Turismo,,,,1466.0,
2024,Urbana,drivers_involved,65+,F,VMP,,,,15.0,
2024,Urbana,drivers_involved,65+,F,Vehículo pesado,,,,1.0,
2024,Urbana,drivers_involved,65+,M,Autobús,,,,6.0,
2024,Urbana,drivers_involved,65+,M,Bicicleta,,,,500.0,
2024,Urbana,drivers_involved,65+,M,Ciclomotor,,,,206.0,
2024,Urbana,drivers_involved,65+,M,Desconocido,,,,17.0,
2024,Urbana,drivers_involved,65+,M,Furgoneta,,,,304.0,
2024,Urbana,drivers_involved,65+,M,Motocicleta,,,,902.0,
2024,Urbana,drivers_involved,65+,M,Otros,,,,82.0,
2024,Urbana,drivers_involved,65+,M,Peatón,,,,0.0,
2024,Urbana,drivers_involved,65+,M,Total,,,,7197.0,
2024,Urbana,drivers_involved,65+,M,Turismo,,,,5091.0,
2024,Urbana,drivers_involved,65+,M,VMP,,,,40.0,
2024,Urbana,drivers_involved,65+,M,Vehículo pesado,,,,49.0,
2024,Urbana,drivers_involved,65+,UNK,Autobús,,,,0.0,
2024,Urbana,drivers_involved,65+,UNK,Bicicleta,,,,7.0,
2024,Urbana,drivers_involved,65+,UNK,Ciclomotor,,,,0.0,
2024,Urbana,drivers_involved,65+,UNK,Desconocido,,,,0.0,
2024,Urbana,drivers_involved,65+,UNK,Furgoneta,,,,1.0,
2024,Urbana,drivers_involved,65+,UNK,Motocicleta,,,,2.0,
2024,Urbana,drivers_involved,65+,UNK,Otros,,,,3.0,
2024,Urbana,drivers_involved,65+,UNK,Peatón,,,,0.0,
2024,Urbana,drivers_involved,65+,UNK,Total,,,,32.0,
2024,Urbana,drivers_involved,65+,UNK,Turismo,,,,18.0,
2024,Urbana,drivers_involved,65+,UNK,VMP,,,,0.0,
2024,Urbana,drivers_involved,65+,UNK,Vehículo pesado,,,,1.0,
2024,Urbana,drivers_involved,Desconocida,F,Autobús,,,,10.0,
2024,Urbana,drivers_involved,Desconocida,F,Bicicleta,,,,75.0,
2024,Urbana,drivers_involved,Desconocida,F,Ciclomotor,,,,16.0,
2024,Urbana,drivers_involved,Desconocida,F,Desconocido,,,,10.0,
2024,Urbana,drivers_involved,Desconocida,F,Furgoneta,,,,8.0,
2024,Urbana,drivers_involved,Desconocida,F,Motocicleta,,,,55.0,
2024,Urbana,drivers_involved,Desconocida,F,Otros,,,,12.0,
2024,Urbana,drivers_involved,Desconocida,F,Peatón,,,,0.0,
2024,Urbana,drivers_involved,Desconocida,F,Total,,,,800.0,
2024,Urbana,drivers_involved,Desconocida,F,Turismo,,,,407.0,
2024,Urbana,drivers_involved,Desconocida,F,VMP,,,,206.0,
2024,Urbana,drivers_involved,Desconocida,F,Vehículo pesado,,,,1.0,
2024,Urbana,drivers_involved,Desconocida,M,Autobús,,,,48.0,
2024,Urbana,drivers_involved,Desconocida,M,Bicicleta,,,,211.0,
2024,Urbana,drivers_involved,Desconocida,M,Ciclomotor,,,,50.0,
2024,Urbana,drivers_involved,Desconocida,M,Desconocido,,,,28.0,
2024,Urbana,drivers_involved,Desconocida,M,Furgoneta,,,,90.0,
2024,Urbana,drivers_involved,Desconocida,M,Motocicleta,,,,348.0,
2024,Urbana,drivers_involved,Desconocida,M,Otros,,,,28.0,
2024,Urbana,drivers_involved,Desconocida,M,Peatón,,,,0.0,
2024,Urbana,drivers_involved,Desconocida,M,Total,,,,2188.0,
2024,Urbana,drivers_involved,Desconocida,M,Turismo,,,,1026.0,
2024,Urbana,drivers_involved,Desconocida,M,VMP,,,,313.0,
2024,Urbana,drivers_involved,Desconocida,M,Vehículo pesado,,,,46.0,
2024,Urbana,drivers_involved,Desconocida,UNK,Autobús,,,,32.0,
2024,Urbana,drivers_involved,Desconocida,UNK,Bicicleta,,,,40.0,
2024,Urbana,drivers_involved,Desconocida,UNK,Ciclomotor,,,,8.0,
2024,Urbana,drivers_involved,Desconocida,UNK,Desconocido,,,,771.0,
2024,Urbana,drivers_involved,Desconocida,UNK,Furgoneta,,,,44.0,
2024,Urbana,drivers_involved,Desconocida,UNK,Motocicleta,,,,48.0,
2024,Urbana,drivers_involved,Desconocida,UNK,Otros,,,,16.0,
2024,Urbana,drivers_involved,Desconocida,UNK,Peatón,,,,0.0,
2024,Urbana,drivers_involved,Desconocida,UNK,Total,,,,1562.0,
2024,Urbana,drivers_involved,Desconocida,UNK,Turismo,,,,494.0,
2024,Urbana,drivers_involved,Desconocida,UNK,VMP,,,,93.0,
2024,Urbana,drivers_involved,Desconocida,UNK,Vehículo pesado,,,,16.0,
2024,Urbana,drivers_victims,0–17,F,Autobús,0.0,0.0,0.0,,0.0
2024,Urbana,drivers_victims,0–17,F,Bicicleta,2.0,1.0,66.0,,69.0
2024,Urbana,drivers_victims,0–17,F,Ciclomotor,0.0,8.0,122.0,,130.0
2024,Urbana,drivers_victims,0–17,F,Desconocido,0.0,0.0,2.0,,2.0
2024,Urbana,drivers_victims,0–17,F,Furgoneta,0.0,0.0,0.0,,0.0
2024,Urbana,drivers_victims,0–17,F,Motocicleta,0.0,4.0,21.0,,25.0
2024,Urbana,drivers_victims,0–17,F,Otros,0.0,2.0,24.0,,26.0
2024,Urbana,drivers_victims,0–17,F,Total,2.0,35.0,471.0,,508.0
2024,Urbana,drivers_victims,0–17,F,Turismo,0.0,0.0,1.0,,1.0
2024,Urbana,drivers_victims,0–17,F,VMP,0.0,20.0,235.0,,255.0
2024,Urbana,drivers_victims,0–17,F,Vehículo pesado,0.0,0.0,0.0,,0.0
2024,Urbana,drivers_victims,0–17,M,Autobús,0.0,0.0,0.0,,0.0
2024,Urbana,drivers_victims,0–17,M,Bicicleta,1.0,27.0,366.0,,394.0
2024,Urbana,drivers_victims,0–17,M,Ciclomotor,4.0,54.0,495.0,,553.0
2024,Urbana,drivers_victims,0–17,M,Desconocido,0.0,1.0,5.0,,6.0
2024,Urbana,drivers_victims,0–17,M,Furgoneta,0.0,0.0,0.0,,0.0
2024,Urbana,drivers_victims,0–17,M,Motocicleta,2.0,32.0,190.0,,224.0
2024,Urbana,drivers_victims,0–17,M,Otros,0.0,2.0,42.0,,44.0
2024,Urbana,drivers_victims,0–17,M,Total,8.0,155.0,1650.0,,1813.0
2024,Urbana,drivers_victims,0–17,M,Turismo,0.0,0.0,13.0,,13.0
2024,Urbana,drivers_victims,0–17,M,VMP,1.0,38.0,539.0,,578.0
2024,Urbana,drivers_victims,0–17,M,Vehículo pesado,0.0,1.0,0.0,,1.0
2024,Urbana,drivers_victims,0–17,UNK,Autobús,0.0,0.0,0.0,,0.0
2024,Urbana,drivers_victims,0–17,UNK,Bicicleta,0.0,0.0,5.0,,5.0
2024,Urbana,drivers_victims,0–17,UNK,Ciclomotor,0.0,0.0,3.0,,3.0
2024,Urbana,drivers_victims,0–17,UNK,Desconocido,0.0,0.0,0.0,,0.0
2024,Urbana,drivers_victims,0–17,UNK,Furgoneta,0.0,0.0,0.0,,0.0
2024,Urbana,drivers_victims,0–17,UNK,Motocicleta,0.0,0.0,0.0,,0.0
2024,Urbana,drivers_victims,0–17,UNK,Otros,0.0,0.0,3.0,,3.0
2024,Urbana,drivers_victims,0–17,UNK,Total,0.0,0.0,26.0,,26.0
2024,Urbana,drivers_victims,0–17,UNK,Turismo,0.0,0.0,0.0,,0.0
2024,Urbana,drivers_victims,0–17,UNK,VMP,0.0,0.0,15.0,,15.0
2024,Urbana,drivers_victims,0–17,UNK,Vehículo pesado,0.0,0.0,0.0,,0.0
2024,Urbana,drivers_victims,18–24,F,Autobús,0.0,0.0,0.0,,0.0
2024,Urbana,drivers_victims,18–24,F,Bicicleta,0.0,10.0,152.0,,162.0
2024,Urbana,drivers_victims,18–24,F,Ciclomotor,0.0,11.0,231.0,,242.0
2024,Urbana,drivers_victims,18–24,F,Desconocido,0.0,0.0,12.0,,12.0
2024,Urbana,drivers_victims,18–24,F,Furgoneta,0.0,0.0,14.0,,14.0
2024,Urbana,drivers_victims,18–24,F,Motocicleta,1.0,20.0,262.0,,283.0
2024,Urbana,drivers_victims,18–24,F,Otros,0.0,2.0,50.0,,52.0
2024,Urbana,drivers_victims,18–24,F,Total,2.0,80.0,2089.0,,2171.0
2024,Urbana,drivers_victims,18–24,F,Turismo,0.0,10.0,835.0,,845.0
2024,Urbana,drivers_victims,18–24,F,VMP,1.0,27.0,533.0,,561.0
2024,Urbana,drivers_victims,18–24,F,Vehículo pesado,0.0,0.0,0.0,,0.0
2024,Urbana,drivers_victims,18–24,M,Autobús,0.0,0.0,0.0,,0.0
2024,Urbana,drivers_victims,18–24,M,Bicicleta,2.0,22.0,425.0,,449.0
2024,Urbana,drivers_victims,18–24,M,Ciclomotor,0.0,41.0,807.0,,848.0
2024,Urbana,drivers_victims,18–24,M,Desconocido,0.0,1.0,20.0,,21.0
2024,Urbana,drivers_victims,18–24,M,Furgoneta,0.0,0.0,71.0,,71.0
2024,Urbana,drivers_victims,18–24,M,Motocicleta,12.0,141.0,1659.0,,1812.0
2024,Urbana,drivers_victims,18–24,M,Otros,1.0,9.0,68.0,,78.0
2024,Urbana,drivers_victims,18–24,M,Total,19.0,299.0,5298.0,,5616.0
2024,Urbana,drivers_victims,18–24,M,Turismo,3.0,22.0,1271.0,,1296.0
2024,Urbana,drivers_victims,18–24,M,VMP,1.0,62.0,963.0,,1026.0
2024,Urbana,drivers_victims,18–24,M,Vehículo pesado,0.0,1.0,14.0,,15.0
2024,Urbana,drivers_victims,18–24,UNK,Autobús,0.0,0.0,0.0,,0.0
2024,Urbana,drivers_victims,18–24,UNK,Bicicleta,0.0,0.0,9.0,,9.0
2024,Urbana,drivers_victims,18–24,UNK,Ciclomotor,0.0,0.0,8.0,,8.0
2024,Urbana,drivers_victims,18–24,UNK,Desconocido,0.0,0.0,1.0,,1.0
2024,Urbana,drivers_victims,18–24,UNK,Furgoneta,0.0,0.0,0.0,,0.0
2024,Urbana,drivers_victims,18–24,UNK,Motocicleta,0.0,1.0,9.0,,10.0
2024,Urbana,drivers_victims,18–24,UNK,Otros,0.0,0.0,7.0,,7.0
2024,Urbana,drivers_victims,18–24,UNK,Total,0.0,2.0,66.0,,68.0
2024,Urbana,drivers_victims,18–24,UNK,Turismo,0.0,0.0,6.0,,6.0
2024,Urbana,drivers_victims,18–24,UNK,VMP,0.0,1.0,26.0,,27.0
2024,Urbana,drivers_victims,18–24,UNK,Vehículo pesado,0.0,0.0,0.0,,0.0
2024,Urbana,drivers_victims,25–44,F,Autobús,0.0,0.0,7.0,,7.0
2024,Urbana,drivers_victims,25–44,F,Bicicleta,0.0,19.0,475.0,,494.0
2024,Urbana,drivers_victims,25–44,F,Ciclomotor,1.0,8.0,323.0,,332.0
2024,Urbana,drivers_victims,25–44,F,Desconocido,0.0,0.0,16.0,,16.0
2024,Urbana,drivers_victims,25–44,F,Furgoneta,0.0,1.0,100.0,,101.0
2024,Urbana,drivers_victims,25–44,F,Motocicleta,2.0,66.0,1811.0,,1879.0
2024,Urbana,drivers_victims,25–44,F,Otros,0.0,1.0,77.0,,78.0
2024,Urbana,drivers_victims,25–44,F,Total,3.0,174.0,7296.0,,7473.0
2024,Urbana,drivers_victims,25–44,F,Turismo,0.0,18.0,3517.0,,3535.0
2024,Urbana,drivers_victims,25–44,F,VMP,0.0,61.0,960.0,,1021.0
2024,Urbana,drivers_victims,25–44,F,Vehículo pesado,0.0,0.0,10.0,,10.0
2024,Urbana,drivers_victims,25–44,M,Autobús,0.0,1.0,34.0,,35.0
2024,Urbana,drivers_victims,25–44,M,Bicicleta,3.0,73.0,1160.0,,1236.0
2024,Urbana,drivers_victims,25–44,M,Ciclomotor,1.0,48.0,622.0,,671.0
2024,Urbana,drivers_victims,25–44,M,Desconocido,0.0,3.0,46.0,,49.0
2024,Urbana,drivers_victims,25–44,M,Furgoneta,0.0,8.0,402.0,,410.0
2024,Urbana,drivers_victims,25–44,M,Motocicleta,40.0,586.0,6497.0,,7123.0
2024,Urbana,drivers_victims,25–44,M,Otros,2.0,17.0,177.0,,196.0
2024,Urbana,drivers_victims,25–44,M,Total,63.0,908.0,13976.0,,14947.0
2024,Urbana,drivers_victims,25–44,M,Turismo,13.0,64.0,3522.0,,3599.0
2024,Urbana,drivers_victims,25–44,M,VMP,4.0,106.0,1434.0,,1544.0
2024,Urbana,drivers_victims,25–44,M,Vehículo pesado,0.0,2.0,82.0,,84.0
2024,Urbana,drivers_victims,25–44,UNK,Autobús,0.0,0.0,0.0,,0.0
2024,Urbana,drivers_victims,25–44,UNK,Bicicleta,0.0,1.0,22.0,,23.0
2024,Urbana,drivers_victims,25–44,UNK,Ciclomotor,0.0,1.0,5.0,,6.0
2024,Urbana,drivers_victims,25–44,UNK,Desconocido,0.0,2.0,6.0,,8.0
2024,Urbana,drivers_victims,25–44,UNK,Furgoneta,0.0,0.0,1.0,,1.0
2024,Urbana,drivers_victims,25–44,UNK,Motocicleta,0.0,1.0,34.0,,35.0
2024,Urbana,drivers_victims,25–44,UNK,Otros,0.0,0.0,13.0,,13.0
2024,Urbana,drivers_victims,25–44,UNK,Total,0.0,7.0,134.0,,141.0
2024,Urbana,drivers_victims,25–44,UNK,Turismo,0.0,0.0,13.0,,13.0
2024,Urbana,drivers_victims,25–44,UNK,VMP,0.0,2.0,40.0,,42.0
2024,Urbana,drivers_victims,25–44,UNK,Vehículo pesado,0.0,0.0,0.0,,0.0
2024,Urbana,drivers_victims,45–64,F,Autobús,0.0,1.0,11.0,,12.0
2024,Urbana,drivers_victims,45–64,F,Bicicleta,1.0,27.0,327.0,,355.0
2024,Urbana,drivers_victims,45–64,F,Ciclomotor,1.0,16.0,302.0,,319.0
2024,Urbana,drivers_victims,45–64,F,Desconocido,0.0,0.0,16.0,,16.0
2024,Urbana,drivers_victims,45–64,F,Furgoneta,0.0,0.0,60.0,,60.0
2024,Urbana,drivers_victims,45–64,F,Motocicleta,1.0,66.0,1042.0,,1109.0
2024,Urbana,drivers_victims,45–64,F,Otros,0.0,6.0,38.0,,44.0
2024,Urbana,drivers_victims,45–64,F,Total,9.0,177.0,4687.0,,4873.0
2024,Urbana,drivers_victims,45–64,F,Turismo,5.0,35.0,2615.0,,2655.0
2024,Urbana,drivers_victims,45–64,F,VMP,1.0,26.0,268.0,,295.0
2024,Urbana,drivers_victims,45–64,F,Vehículo pesado,0.0,0.0,8.0,,8.0
2024,Urbana,drivers_victims,45–64,M,Autobús,0.0,3.0,65.0,,68.0
2024,Urbana,drivers_victims,45–64,M,Bicicleta,7.0,123.0,1184.0,,1314.0
2024,Urbana,drivers_victims,45–64,M,Ciclomotor,7.0,48.0,435.0,,490.0
2024,Urbana,drivers_victims,45–64,M,Desconocido,1.0,1.0,31.0,,33.0
2024,Urbana,drivers_victims,45–64,M,Furgoneta,0.0,10.0,355.0,,365.0
2024,Urbana,drivers_victims,45–64,M,Motocicleta,45.0,564.0,5014.0,,5623.0
2024,Urbana,drivers_victims,45–64,M,Otros,2.0,11.0,116.0,,129.0
2024,Urbana,drivers_victims,45–64,M,Total,85.0,875.0,10744.0,,11704.0
2024,Urbana,drivers_victims,45–64,M,Turismo,15.0,56.0,2911.0,,2982.0
2024,Urbana,drivers_victims,45–64,M,VMP,6.0,57.0,521.0,,584.0
2024,Urbana,drivers_victims,45–64,M,Vehículo pesado,2.0,2.0,112.0,,116.0
2024,Urbana,drivers_victims,45–64,UNK,Autobús,0.0,0.0,0.0,,0.0
2024,Urbana,drivers_victims,45–64,UNK,Bicicleta,0.0,0.0,12.0,,12.0
2024,Urbana,drivers_victims,45–64,UNK,Ciclomotor,0.0,0.0,3.0,,3.0
2024,Urbana,drivers_victims,45–64,UNK,Desconocido,0.0,0.0,0.0,,0.0
2024,Urbana,drivers_victims,45–64,UNK,Furgoneta,0.0,0.0,0.0,,0.0
2024,Urbana,drivers_victims,45–64,UNK,Motocicleta,0.0,0.0,12.0,,12.0
2024,Urbana,drivers_victims,45–64,UNK,Otros,0.0,2.0,5.0,,7.0
2024,Urbana,drivers_victims,45–64,UNK,Total,0.0,2.0,63.0,,65.0
2024,Urbana,drivers_victims,45–64,UNK,Turismo,0.0,0.0,18.0,,18.0
2024,Urbana,drivers_victims,45–64,UNK,VMP,0.0,0.0,13.0,,13.0
2024,Urbana,drivers_victims,45–64,UNK,Vehículo pesado,0.0,0.0,0.0,,0.0
2024,Urbana,drivers_victims,65+,F,Autobús,0.0,1.0,0.0,,1.0
2024,Urbana,drivers_victims,65+,F,Bicicleta,1.0,8.0,49.0,,58.0
2024,Urbana,drivers_victims,65+,F,Ciclomotor,0.0,0.0,19.0,,19.0
2024,Urbana,drivers_victims,65+,F,Desconocido,0.0,0.0,2.0,,2.0
2024,Urbana,drivers_victims,65+,F,Furgoneta,1.0,2.0,9.0,,12.0
2024,Urbana,drivers_victims,65+,F,Motocicleta,0.0,4.0,40.0,,44.0
2024,Urbana,drivers_victims,65+,F,Otros,0.0,1.0,11.0,,12.0
2024,Urbana,drivers_victims,65+,F,Total,4.0,38.0,560.0,,602.0
2024,Urbana,drivers_victims,65+,F,Turismo,2.0,21.0,416.0,,439.0
2024,Urbana,drivers_victims,65+,F,VMP,0.0,1.0,14.0,,15.0
2024,Urbana,drivers_victims,65+,F,Vehículo pesado,0.0,0.0,0.0,,0.0
2024,Urbana,drivers_victims,65+,M,Autobús,0.0,0.0,1.0,,1.0
2024,Urbana,drivers_victims,65+,M,Bicicleta,8.0,74.0,391.0,,473.0
2024,Urbana,drivers_victims,65+,M,Ciclomotor,9.0,14.0,165.0,,188.0
2024,Urbana,drivers_victims,65+,M,Desconocido,0.0,0.0,12.0,,12.0
2024,Urbana,drivers_victims,65+,M,Furgoneta,2.0,2.0,44.0,,48.0
2024,Urbana,drivers_victims,65+,M,Motocicleta,9.0,80.0,738.0,,827.0
2024,Urbana,drivers_victims,65+,M,Otros,3.0,3.0,36.0,,42.0
2024,Urbana,drivers_victims,65+,M,Total,54.0,223.0,2361.0,,2638.0
2024,Urbana,drivers_victims,65+,M,Turismo,22.0,46.0,940.0,,1008.0
2024,Urbana,drivers_victims,65+,M,VMP,0.0,2.0,33.0,,35.0
2024,Urbana,drivers_victims,65+,M,Vehículo pesado,1.0,2.0,1.0,,4.0
2024,Urbana,drivers_victims,65+,UNK,Autobús,0.0,0.0,0.0,,0.0
2024,Urbana,drivers_victims,65+,UNK,Bicicleta,0.0,0.0,7.0,,7.0
2024,Urbana,drivers_victims,65+,UNK,Ciclomotor,0.0,0.0,0.0,,0.0
2024,Urbana,drivers_victims,65+,UNK,Desconocido,0.0,0.0,0.0,,0.0
2024,Urbana,drivers_victims,65+,UNK,Furgoneta,0.0,0.0,0.0,,0.0
2024,Urbana,drivers_victims,65+,UNK,Motocicleta,0.0,0.0,2.0,,2.0
2024,Urbana,drivers_victims,65+,UNK,Otros,0.0,0.0,3.0,,3.0
2024,Urbana,drivers_victims,65+,UNK,Total,0.0,0.0,13.0,,13.0
2024,Urbana,drivers_victims,65+,UNK,Turismo,0.0,0.0,1.0,,1.0
2024,Urbana,drivers_victims,65+,UNK,VMP,0.0,0.0,0.0,,0.0
2024,Urbana,drivers_victims,65+,UNK,Vehículo pesado,0.0,0.0,0.0,,0.0
2024,Urbana,drivers_victims,Desconocida,F,Autobús,0.0,0.0,1.0,,1.0
2024,Urbana,drivers_victims,Desconocida,F,Bicicleta,0.0,6.0,58.0,,64.0
2024,Urbana,drivers_victims,Desconocida,F,Ciclomotor,0.0,0.0,14.0,,14.0
2024,Urbana,drivers_victims,Desconocida,F,Desconocido,0.0,0.0,2.0,,2.0
2024,Urbana,drivers_victims,Desconocida,F,Furgoneta,0.0,0.0,3.0,,3.0
2024,Urbana,drivers_victims,Desconocida,F,Motocicleta,0.0,2.0,50.0,,52.0
2024,Urbana,drivers_victims,Desconocida,F,Otros,0.0,0.0,5.0,,5.0
2024,Urbana,drivers_victims,Desconocida,F,Total,0.0,15.0,444.0,,459.0
2024,Urbana,drivers_victims,Desconocida,F,Turismo,0.0,2.0,126.0,,128.0
2024,Urbana,drivers_victims,Desconocida,F,VMP,0.0,5.0,185.0,,190.0
2024,Urbana,drivers_victims,Desconocida,F,Vehículo pesado,0.0,0.0,0.0,,0.0
2024,Urbana,drivers_victims,Desconocida,M,Autobús,0.0,0.0,1.0,,1.0
2024,Urbana,drivers_victims,Desconocida,M,Bicicleta,1.0,6.0,170.0,,177.0
2024,Urbana,drivers_victims,Desconocida,M,Ciclomotor,0.0,1.0,40.0,,41.0
2024,Urbana,drivers_victims,Desconocida,M,Desconocido,0.0,0.0,5.0,,5.0
2024,Urbana,drivers_victims,Desconocida,M,Furgoneta,0.0,0.0,13.0,,13.0
2024,Urbana,drivers_victims,Desconocida,M,Motocicleta,0.0,20.0,288.0,,308.0
2024,Urbana,drivers_victims,Desconocida,M,Otros,0.0,2.0,7.0,,9.0
2024,Urbana,drivers_victims,Desconocida,M,Total,2.0,40.0,992.0,,1034.0
2024,Urbana,drivers_victims,Desconocida,M,Turismo,0.0,3.0,228.0,,231.0
2024,Urbana,drivers_victims,Desconocida,M,VMP,1.0,8.0,236.0,,245.0
2024,Urbana,drivers_victims,Desconocida,M,Vehículo pesado,0.0,0.0,4.0,,4.0
2024,Urbana,drivers_victims,Desconocida,UNK,Autobús,0.0,0.0,0.0,,0.0
2024,Urbana,drivers_victims,Desconocida,UNK,Bicicleta,0.0,1.0,14.0,,15.0
2024,Urbana,drivers_victims,Desconocida,UNK,Ciclomotor,0.0,0.0,1.0,,1.0
2024,Urbana,drivers_victims,Desconocida,UNK,Desconocido,0.0,1.0,3.0,,4.0
2024,Urbana,drivers_victims,Desconocida,UNK,Furgoneta,0.0,0.0,0.0,,0.0
2024,Urbana,drivers_victims,Desconocida,UNK,Motocicleta,0.0,0.0,13.0,,13.0
2024,Urbana,drivers_victims,Desconocida,UNK,Otros,0.0,0.0,1.0,,1.0
2024,Urbana,drivers_victims,Desconocida,UNK,Total,0.0,5.0,81.0,,86.0
2024,Urbana,drivers_victims,Desconocida,UNK,Turismo,0.0,0.0,18.0,,18.0
2024,Urbana,drivers_victims,Desconocida,UNK,VMP,0.0,3.0,31.0,,34.0
2024,Urbana,drivers_victims,Desconocida,UNK,Vehículo pesado,0.0,0.0,0.0,,0.0
