geo,sex,pers_cat,fatalities,fatalities_status,population,population_status,year,country,fatalities_per_million,lower,upper,included
AT,T,TOTAL,552.0,,8351643.0,,2010,Austria,66.09477919494404,60.69531694544866,71.84576003180959,True
AT,T,DRIV,374.0,,8351643.0,,2010,Austria,44.781607642951215,40.357562976357,49.558228865919844,True
AT,T,PAS,80.0,,8351643.0,,2010,Austria,9.578953506513628,7.595514390520566,11.9218368131203,True
AT,T,PED,98.0,,8351643.0,,2010,Austria,11.734218045479196,9.526405412006673,14.300253290656137,True
AT,T,UNK,0.0,,8351643.0,,2010,Austria,0.0,0.0,0.44169505977613455,True
AT,M,TOTAL,409.0,,4066201.0,,2010,Austria,100.58528833178684,91.07214979341435,110.82205336053937,True
AT,M,DRIV,316.0,,4066201.0,,2010,Austria,77.71381690182065,69.38061418274943,86.77226046687356,True
AT,M,PAS,47.0,,4066201.0,,2010,Austria,11.55870061514421,8.492898449207443,15.37062145738663,True
AT,M,PED,46.0,,4066201.0,,2010,Austria,11.312770814821992,8.282370057203734,15.089650932304135,True
AT,M,UNK,0.0,,4066201.0,,2010,Austria,0.0,0.0,0.9072053875629699,True
AT,F,TOTAL,143.0,,4285442.0,,2010,Austria,33.36878669691481,28.123884332620698,39.307949215165394,True
AT,F,DRIV,58.0,,4285442.0,,2010,Austria,13.534193205741671,10.277080329228527,17.49608319158084,True
AT,F,PAS,33.0,,4285442.0,,2010,Austria,7.700489237749571,5.300662469059164,10.814349901169889,True
AT,F,PED,52.0,,4285442.0,,2010,Austria,12.134104253423567,9.062329440104715,15.912263365336152,True
AT,F,UNK,0.0,,4285442.0,,2010,Austria,0.0,0.0,0.8607932283563599,True
AT,UNK,TOTAL,0.0,,,,2010,Austria,,,,False
AT,UNK,DRIV,0.0,,,,2010,Austria,,,,False
AT,UNK,PAS,0.0,,,,2010,Austria,,,,False
AT,UNK,PED,0.0,,,,2010,Austria,,,,False
AT,UNK,UNK,0.0,,,,2010,Austria,,,,False
AT,T,TOTAL,523.0,,8375164.0,,2011,Austria,62.44653836032345,57.20864021255868,68.03510234086491,True
AT,T,DRIV,357.0,,8375164.0,,2011,Austria,42.62603096488618,38.31848893347332,47.28529949347874,True
AT,T,PAS,79.0,,8375164.0,,2011,Austria,9.432651109876774,7.467918712946381,11.755897695218353,True
AT,T,PED,87.0,,8375164.0,,2011,Austria,10.387856285560497,8.320247046603471,12.813382350784273,True
AT,T,UNK,0.0,,8375164.0,,2011,Austria,0.0,0.0,0.4404545933803727,True
AT,M,TOTAL,385.0,,4078871.0,,2011,Austria,94.38886397731137,85.19476711217729,104.30469872185539,True
AT,M,DRIV,297.0,,4078871.0,,2011,Austria,72.81426649678306,64.76779657655483,81.58414266724402,True
AT,M,PAS,40.0,,4078871.0,,2011,Austria,9.80663521842196,7.006003975558179,13.353853790419963,True
AT,M,PED,48.0,,4078871.0,,2011,Austria,11.767962262106353,8.676766395280273,15.602610669012888,True
AT,M,UNK,0.0,,4078871.0,,2011,Austria,0.0,0.0,0.9043873792806724,True
AT,F,TOTAL,138.0,,4296293.0,,2011,Austria,32.12071429951356,26.985336353472405,37.948932208235135,True
AT,F,DRIV,60.0,,4296293.0,,2011,Austria,13.965527956310241,10.657169087398664,17.976402774820833,True
AT,F,PAS,39.0,,4296293.0,,2011,Austria,9.077593171601658,6.455056135472249,12.409368696649144,True
AT,F,PED,39.0,,4296293.0,,2011,Austria,9.077593171601658,6.455056135472249,12.409368696649144,True
AT,F,UNK,0.0,,4296293.0,,2011,Austria,0.0,0.0,0.8586191523981106,True
AT,UNK,TOTAL,0.0,,,,2011,Austria,,,,False
AT,UNK,DRIV,0.0,,,,2011,Austria,,,,False
AT,UNK,PAS,0.0,,,,2011,Austria,,,,False
AT,UNK,PED,0.0,,,,2011,Austria,,,,False
AT,UNK,UNK,0.0,,,,2011,Austria,,,,False
AT,T,TOTAL,531.0,,8408121.0,,2012,Austria,63.15323007363952,57.89523928360405,68.76047416948006,True
AT,T,DRIV,374.0,,8408121.0,,2012,Austria,44.48080611589676,40.08647809998823,49.22534240414207,True
AT,T,PAS,76.0,,8408121.0,,2012,Austria,9.038880387187577,7.121609676698705,11.313506663775602,True
AT,T,PED,81.0,,8408121.0,,2012,Austria,9.633543570555181,7.650424154712493,11.973615053842474,True
AT,T,UNK,0.0,,8408121.0,,2012,Austria,0.0,0.0,0.4387281598485483,True
AT,M,TOTAL,378.0,,4098144.0,,2012,Austria,92.23687601021341,83.17173764456467,102.02046860783801,True
AT,M,DRIV,298.0,,4098144.0,,2012,Austria,72.71584405037989,64.69334769632847,81.4583216883498,True
AT,M,PAS,32.0,,4098144.0,,2012,Austria,7.808412783933409,5.340948563858314,11.023149035129189,True
AT,M,PED,48.0,,4098144.0,,2012,Austria,11.712619175900114,8.635960772360182,15.529233765852851,True
AT,M,UNK,0.0,,4098144.0,,2012,Austria,0.0,0.0,0.9001341714966423,True
AT,F,TOTAL,153.0,,4309977.0,,2012,Austria,35.499029345168196,30.096953011983565,41.590798304348866,True
AT,F,DRIV,76.0,,4309977.0,,2012,Austria,17.63350477276329,13.893196153124157,22.070960694994795,True
AT,F,PAS,44.0,,4309977.0,,2012,Austria,10.208871184231377,7.417781430885672,13.704933061199105,True
AT,F,PED,33.0,,4309977.0,,2012,Austria,7.656653388173533,5.2704878872276675,10.75278807037005,True
AT,F,UNK,0.0,,4309977.0,,2012,Austria,0.0,0.0,0.855893071845612,True
AT,UNK,TOTAL,0.0,,,,2012,Austria,,,,False
AT,UNK,DRIV,0.0,,,,2012,Austria,,,,False
AT,UNK,PAS,0.0,,,,2012,Austria,,,,False
AT,UNK,PED,0.0,,,,2012,Austria,,,,False
AT,UNK,UNK,0.0,,,,2012,Austria,,,,False
AT,T,TOTAL,455.0,,8451860.0,,2013,Austria,53.83430392836606,49.00076440904218,59.015687888638965,True
AT,T,DRIV,324.0,,8451860.0,,2013,Austria,38.334757083056274,34.273773858692515,42.74457498731537,True
AT,T,PAS,49.0,,8451860.0,,2013,Austria,5.797540423054807,4.289052320889028,7.664655897390431,True
AT,T,PED,82.0,,8451860.0,,2013,Austria,9.702006422254984,7.716293628610076,12.042748121250012,True
AT,T,UNK,0.0,,8451860.0,,2013,Austria,0.0,0.0,0.43645770920412025,True
AT,M,TOTAL,342.0,,4123622.0,,2013,Austria,82.93679682570323,74.37882485231788,92.2094012314976,True
AT,M,DRIV,275.0,,4123622.0,,2013,Austria,66.68894481598944,59.03910237458453,75.0548740226223,True
AT,M,PAS,21.0,,4123622.0,,2013,Austria,5.09261033140283,3.1524060605157764,7.784595856493007,True
AT,M,PED,46.0,,4123622.0,,2013,Austria,11.155241678310961,8.16703893057411,14.87952913981592,True
AT,M,UNK,0.0,,4123622.0,,2013,Austria,0.0,0.0,0.8945726485390599,True
AT,F,TOTAL,113.0,,4328238.0,,2013,Austria,26.107621623395016,21.516375361336348,31.388561634332582,True
AT,F,DRIV,49.0,,4328238.0,,2013,Austria,11.32100406678191,8.375341131617333,14.9669677575305,True
AT,F,PAS,28.0,,4328238.0,,2013,Austria,6.469145181018234,4.298699991973069,9.349715968315095,True
AT,F,PED,36.0,,4328238.0,,2013,Austria,8.317472375594873,5.825455397165135,11.514887695463186,True
AT,F,UNK,0.0,,4328238.0,,2013,Austria,0.0,0.0,0.8522820265692265,True
AT,UNK,TOTAL,0.0,,,,2013,Austria,,,,False
AT,UNK,DRIV,0.0,,,,2013,Austria,,,,False
AT,UNK,PAS,0.0,,,,2013,Austria,,,,False
AT,UNK,PED,0.0,,,,2013,Austria,,,,False
AT,UNK,UNK,0.0,,,,2013,Austria,,,,False
AT,T,TOTAL,430.0,,8507786.0,,2014,Austria,50.541938878105306,45.877106580713395,55.55248160344374,True
AT,T,DRIV,315.0,,8507786.0,,2014,Austria,37.02490871303063,33.048634436236455,41.34781382740361,True
AT,T,PAS,44.0,,8507786.0,,2014,Austria,5.17173328055031,3.7577893188832365,6.942810536173305,True
AT,T,PED,71.0,,8507786.0,,2014,Austria,8.345296884524364,6.517746103921635,10.526456484342768,True
AT,T,UNK,0.0,,8507786.0,,2014,Austria,0.0,0.0,0.4335886509268023,True
AT,M,TOTAL,315.0,,4155339.0,,2014,Austria,75.80608946706876,67.66492682684382,84.65695617406688,True
AT,M,DRIV,254.0,,4155339.0,,2014,Austria,61.12618007820782,53.83940515237259,69.12414131764483,True
AT,M,PAS,23.0,,4155339.0,,2014,Austria,5.535047802357401,3.5087455047698115,8.305289386698181,True
AT,M,PED,38.0,,4155339.0,,2014,Austria,9.144861586503533,6.471448333143494,12.552037010520587,True
AT,M,UNK,0.0,,4155339.0,,2014,Austria,0.0,0.0,0.887744526767596,True
AT,F,TOTAL,115.0,,4352447.0,,2014,Austria,26.421918520776934,21.8140035389399,31.715511669398975,True
AT,F,DRIV,61.0,,4352447.0,,2014,Austria,14.015104606672981,10.720444513392705,18.002988184539888,True
AT,F,PAS,21.0,,4352447.0,,2014,Austria,4.824872077707092,2.9866718616162786,7.3753294950963,True
AT,F,PED,33.0,,4352447.0,,2014,Austria,7.581941836396859,5.219059892683321,10.647865274216848,True
AT,F,UNK,0.0,,4352447.0,,2014,Austria,0.0,0.0,0.8475414988657957,True
AT,UNK,TOTAL,0.0,,,,2014,Austria,,,,False
AT,UNK,DRIV,0.0,,,,2014,Austria,,,,False
AT,UNK,PAS,0.0,,,,2014,Austria,,,,False
AT,UNK,PED,0.0,,,,2014,Austria,,,,False
AT,UNK,UNK,0.0,,,,2014,Austria,,,,False
AT,T,TOTAL,479.0,,8584926.0,,2015,Austria,55.79547220325487,50.910043748625235,61.02321962220907,True
AT,T,DRIV,332.0,,8584926.0,,2015,Austria,38.67243584860254,34.62396019890908,43.06426367543586,True
AT,T,PAS,63.0,,8584926.0,,2015,Austria,7.338444151993856,5.639061978575849,9.389057900661053,True
AT,T,PED,84.0,,8584926.0,,2015,Austria,9.784592202658473,7.8045739403911,12.113990938289707,True
AT,T,UNK,0.0,,8584926.0,,2015,Austria,0.0,0.0,0.4296926326579793,True
AT,M,TOTAL,347.0,,4200397.0,,2015,Austria,82.61123889003825,74.14682442166014,91.77713398698762,True
AT,M,DRIV,267.0,,4200397.0,,2015,Austria,63.565420125764305,56.1688188371997,71.66522483123973,True
AT,M,PAS,28.0,,4200397.0,,2015,Austria,6.666036567495882,4.429532888404961,9.634278841563832,True
AT,M,PED,52.0,,4200397.0,,2015,Austria,12.379782196778066,9.245813479169048,16.234437302205695,True
AT,M,UNK,0.0,,4200397.0,,2015,Austria,0.0,0.0,0.8782216190788479,True
AT,F,TOTAL,132.0,,4384529.0,,2015,Austria,30.10585629608106,25.189321000787643,35.70170442755813,True
AT,F,DRIV,65.0,,4384529.0,,2015,Austria,14.824853479130825,11.441508934992621,18.89549272359051,True
AT,F,PAS,35.0,,4384529.0,,2015,Austria,7.982613411839675,5.560182724876438,11.101882863377817,True
AT,F,PED,32.0,,4384529.0,,2015,Austria,7.2983894051105604,4.992092950299694,10.303148201191158,True
AT,F,UNK,0.0,,4384529.0,,2015,Austria,0.0,0.0,0.8413399601448492,True
AT,UNK,TOTAL,0.0,,,,2015,Austria,,,,False
AT,UNK,DRIV,0.0,,,,2015,Austria,,,,False
AT,UNK,PAS,0.0,,,,2015,Austria,,,,False
AT,UNK,PED,0.0,,,,2015,Austria,,,,False
AT,UNK,UNK,0.0,,,,2015,Austria,,,,False
AT,T,TOTAL,432.0,,8700471.0,,2016,Austria,49.6524843310207,45.0801087003272,54.56290170744035,True
AT,T,DRIV,307.0,,8700471.0,,2016,Austria,35.2854460407948,31.448342917652393,39.461584074564,True
AT,T,PAS,52.0,,8700471.0,,2016,Austria,5.976687928733973,4.463676414812627,7.837631059384359,True
AT,T,PED,73.0,,8700471.0,,2016,Austria,8.390350361491924,6.576695321724439,10.549605898690029,True
AT,T,UNK,0.0,,8700471.0,,2016,Austria,0.0,0.0,0.42398617892226015,True
AT,M,TOTAL,313.0,,4272553.0,,2016,Austria,73.25830715265556,65.36638542447398,81.8405033094957,True
AT,M,DRIV,250.0,,4272553.0,,2016,Austria,58.513024882312756,51.48397120666199,66.23386650611849,True
AT,M,PAS,24.0,,4272553.0,,2016,Austria,5.617250388702025,3.599078315631535,8.358023316212394,True
AT,M,PED,39.0,,4272553.0,,2016,Austria,9.128031881640789,6.490922989003642,12.47832007369665,True
AT,M,UNK,0.0,,4272553.0,,2016,Austria,0.0,0.0,0.863389981145684,True
AT,F,TOTAL,119.0,,4427918.0,,2016,Austria,26.87493309496698,22.2636537481571,32.15986426807983,True
AT,F,DRIV,57.0,,4427918.0,,2016,Austria,12.872867112715277,9.749783840379324,16.67829246227297,True
AT,F,PAS,28.0,,4427918.0,,2016,Austria,6.3235136694039955,4.201928910123795,9.139237886353856,True
AT,F,PED,34.0,,4427918.0,,2016,Austria,7.6785523128477084,5.317620693195374,10.73000721675584,True
AT,F,UNK,0.0,,4427918.0,,2016,Austria,0.0,0.0,0.8330957018883222,True
AT,UNK,TOTAL,0.0,,,,2016,Austria,,,,False
AT,UNK,DRIV,0.0,,,,2016,Austria,,,,False
AT,UNK,PAS,0.0,,,,2016,Austria,,,,False
AT,UNK,PED,0.0,,,,2016,Austria,,,,False
AT,UNK,UNK,0.0,,,,2016,Austria,,,,False
AT,T,TOTAL,414.0,,8772865.0,,2017,Austria,47.190968970798025,42.75411375679106,51.96319029626991,True
AT,T,DRIV,294.0,,8772865.0,,2017,Austria,33.51242724013193,29.79078801158379,37.570440619137216,True
AT,T,PAS,47.0,,8772865.0,,2017,Austria,5.357428844510887,3.9364372034752337,7.1242446271140585,True
AT,T,PED,73.0,,8772865.0,,2017,Austria,8.321112886155207,6.522424193521632,10.462550168386443,True
AT,T,UNK,0.0,,8772865.0,,2017,Austria,0.0,0.0,0.42048742960411856,True
AT,M,TOTAL,310.0,,4312441.0,,2017,Austria,71.88504144172639,64.10475332586897,80.34928021007597,True
AT,M,DRIV,246.0,,4312441.0,,2017,Austria,57.04425869246675,50.137960551403374,64.6360601729295,True
AT,M,PAS,22.0,,4312441.0,,2017,Austria,5.101519070058002,3.1970948407710646,7.723761180066054,True
AT,M,PED,42.0,,4312441.0,,2017,Austria,9.73926367920164,7.0192046065042275,13.164655186816619,True
AT,M,UNK,0.0,,4312441.0,,2017,Austria,0.0,0.0,0.8554040401048816,True
AT,F,TOTAL,104.0,,4460424.0,,2017,Austria,23.316169045812686,19.05099970543842,28.25144134167634,True
AT,F,DRIV,48.0,,4460424.0,,2017,Austria,10.761308790375086,7.934539591635962,14.267934210318854,True
AT,F,PAS,25.0,,4460424.0,,2017,Austria,5.604848328320357,3.6271623163693243,8.273861789267201,True
AT,F,PED,31.0,,4460424.0,,2017,Austria,6.9500119271172425,4.722195912124465,9.86498716338374,True
AT,F,UNK,0.0,,4460424.0,,2017,Austria,0.0,0.0,0.8270243936706321,True
AT,UNK,TOTAL,0.0,,,,2017,Austria,,,,False
AT,UNK,DRIV,0.0,,,,2017,Austria,,,,False
AT,UNK,PAS,0.0,,,,2017,Austria,,,,False
AT,UNK,PED,0.0,,,,2017,Austria,,,,False
AT,UNK,UNK,0.0,,,,2017,Austria,,,,False
AT,T,TOTAL,409.0,,8822267.0,,2018,Austria,46.35996620823197,41.97534109567657,51.07811225807138,True
AT,T,DRIV,309.0,,8822267.0,,2018,Austria,35.02501114509457,31.228218980581207,39.15613747388331,True
AT,T,PAS,53.0,,8822267.0,,2018,Austria,6.007526183462822,4.500049356062049,7.857992161108279,True
AT,T,PED,47.0,,8822267.0,,2018,Austria,5.327428879674578,3.914394357716192,7.084351033656879,True
AT,T,UNK,0.0,,8822267.0,,2018,Austria,0.0,0.0,0.4181328284571228,True
AT,M,TOTAL,311.0,,4338518.0,,2018,Austria,71.68346426129844,63.93711796014591,80.10962999185736,True
AT,M,DRIV,260.0,,4338518.0,,2018,Austria,59.92829809626237,52.8646135406379,67.67298024173986,True
AT,M,PAS,27.0,,4338518.0,,2018,Austria,6.22332326384263,4.101209245130428,9.054608611779905,True
AT,M,PED,24.0,,4338518.0,,2018,Austria,5.531842901193449,3.5443561268355834,8.230943744788707,True
AT,M,UNK,0.0,,4338518.0,,2018,Austria,0.0,0.0,0.8502625675666058,True
AT,F,TOTAL,98.0,,4483749.0,,2018,Austria,21.85670964186443,17.744333385822365,26.636328280895135,True
AT,F,DRIV,49.0,,4483749.0,,2018,Austria,10.928354820932215,8.084857057972947,14.447864631342721,True
AT,F,PAS,26.0,,4483749.0,,2018,Austria,5.798718884576277,3.7879156963506087,8.496466703003446,True
AT,F,PED,23.0,,4483749.0,,2018,Austria,5.129635936355938,3.251749158359374,7.6969725323235165,True
AT,F,UNK,0.0,,4483749.0,,2018,Austria,0.0,0.0,0.8227221135959965,True
AT,UNK,TOTAL,0.0,,,,2018,Austria,,,,False
AT,UNK,DRIV,0.0,,,,2018,Austria,,,,False
AT,UNK,PAS,0.0,,,,2018,Austria,,,,False
AT,UNK,PED,0.0,,,,2018,Austria,,,,False
AT,UNK,UNK,0.0,,,,2018,Austria,,,,False
AT,T,TOTAL,416.0,,8858775.0,,2019,Austria,46.95908858730468,42.554398068164765,51.69588003697667,True
AT,T,DRIV,291.0,,8858775.0,,2019,Austria,32.84878552621553,29.182647861672617,36.8480678526966,True
AT,T,PAS,56.0,,8858775.0,,2019,Austria,6.3214157713679375,4.775129539087539,8.208884186310742,True
AT,T,PED,69.0,,8858775.0,,2019,Austria,7.788887289721209,6.06021922408514,9.857335364657674,True
AT,T,UNK,0.0,,8858775.0,,2019,Austria,0.0,0.0,0.4164096564269818,True
AT,M,TOTAL,302.0,,4357033.0,,2019,Austria,69.31322301208185,61.71545482312987,77.58810712668988,True
AT,M,DRIV,238.0,,4357033.0,,2019,Austria,54.624328069124104,47.90442301773721,62.02295495965839,True
AT,M,PAS,25.0,,4357033.0,,2019,Austria,5.737849587092868,3.7132337184109754,8.470197884094604,True
AT,M,PED,39.0,,4357033.0,,2019,Austria,8.951045355864874,6.365068267657481,12.236373666628838,True
AT,M,UNK,0.0,,4357033.0,,2019,Austria,0.0,0.0,0.8466494181049203,True
AT,F,TOTAL,114.0,,4501742.0,,2019,Austria,25.323530313376466,20.88878975337889,30.421295486510644,True
AT,F,DRIV,53.0,,4501742.0,,2019,Austria,11.773220233411866,8.81894984927112,15.39966193735764,True
AT,F,PAS,31.0,,4501742.0,,2019,Austria,6.886223155391846,4.678854536564257,9.774444093697229,True
AT,F,PED,30.0,,4501742.0,,2019,Austria,6.6640869245727545,4.496231463602515,9.51339845659917,True
AT,F,UNK,0.0,,4501742.0,,2019,Austria,0.0,0.0,0.8194337778828585,True
AT,UNK,TOTAL,0.0,,,,2019,Austria,,,,False
AT,UNK,DRIV,0.0,,,,2019,Austria,,,,False
AT,UNK,PAS,0.0,,,,2019,Austria,,,,False
AT,UNK,PED,0.0,,,,2019,Austria,,,,False
AT,UNK,UNK,0.0,,,,2019,Austria,,,,False
AT,T,TOTAL,344.0,,8901064.0,,2020,Austria,38.6470651149121,34.67049606791343,42.954686975749546,True
AT,T,DRIV,253.0,,8901064.0,,2020,Austria,28.423568238583613,25.02875502698427,32.15040234970872,True
AT,T,PAS,40.0,,8901064.0,,2020,Austria,4.493844780803733,3.2104685958655015,6.119341121913522,True
AT,T,PED,51.0,,8901064.0,,2020,Austria,5.729652095524759,4.266102326451171,7.533434359825272,True
AT,T,UNK,0.0,,8901064.0,,2020,Austria,0.0,0.0,0.41443129204710083,True
AT,M,TOTAL,260.0,,4378772.0,,2020,Austria,59.37737794979962,52.378629764030016,67.05086332250977,True
AT,M,DRIV,208.0,,4378772.0,,2020,Austria,47.5019023598397,41.26539000008147,54.41475686488707,True
AT,M,PAS,22.0,,4378772.0,,2020,Austria,5.024239672675352,3.148664253866064,7.6067592437161,True
AT,M,PED,30.0,,4378772.0,,2020,Austria,6.851235917284572,4.6225001030930395,9.780565280587265,True
AT,M,UNK,0.0,,4378772.0,,2020,Austria,0.0,0.0,0.8424461136852833,True
AT,F,TOTAL,84.0,,4522292.0,,2020,Austria,18.57465196851508,14.815869859749437,22.996683046978767,True
AT,F,DRIV,45.0,,4522292.0,,2020,Austria,9.950706411704507,7.258113538054258,13.314828077655934,True
AT,F,PAS,18.0,,4522292.0,,2020,Austria,3.980282564681803,2.3589677049601234,6.290562455393854,True
AT,F,PED,21.0,,4522292.0,,2020,Austria,4.64366299212877,2.8745005815803553,7.098332158768917,True
AT,F,UNK,0.0,,4522292.0,,2020,Austria,0.0,0.0,0.8157101430234791,True
AT,UNK,TOTAL,0.0,,,,2020,Austria,,,,False
AT,UNK,DRIV,0.0,,,,2020,Austria,,,,False
AT,UNK,PAS,0.0,,,,2020,Austria,,,,False
AT,UNK,PED,0.0,,,,2020,Austria,,,,False
AT,UNK,UNK,0.0,,,,2020,Austria,,,,False
AT,T,TOTAL,362.0,,8932664.0,,2021,Austria,40.52542444224925,36.45778456520876,44.922799481377,True
AT,T,DRIV,266.0,,8932664.0,,2021,Austria,29.778350557011883,26.306977076394062,33.580402996181945,True
AT,T,PAS,59.0,,8932664.0,,2021,Austria,6.604972491968801,5.0280110870277275,8.519933287827211,True
AT,T,PED,37.0,,8932664.0,,2021,Austria,4.14210139326857,2.9164216371628924,5.709341148612645,True
AT,T,UNK,0.0,,8932664.0,,2021,Austria,0.0,0.0,0.41296520882392257,True
AT,M,TOTAL,269.0,,4396952.0,,2021,Austria,61.17874382071945,54.085552188813274,68.94365403170201,True
AT,M,DRIV,212.0,,4396952.0,,2021,Austria,48.215218178410865,41.94294684320268,55.160891859892864,True
AT,M,PAS,36.0,,4396952.0,,2021,Austria,8.187489879352787,5.734417254797239,11.334937131275527,True
AT,M,PED,21.0,,4396952.0,,2021,Austria,4.776035762955793,2.956441413068914,7.300678000338281,True
AT,M,UNK,0.0,,4396952.0,,2021,Austria,0.0,0.0,0.8389628665752857,True
AT,F,TOTAL,93.0,,4535712.0,,2021,Austria,20.503947340571887,16.549331774867838,25.118720726830237,True
AT,F,DRIV,54.0,,4535712.0,,2021,Austria,11.905517810654645,8.943791398692147,15.534118214232011,True
AT,F,PAS,23.0,,4535712.0,,2021,Austria,5.070868697130682,3.2144957698029955,7.608792819039885,True
AT,F,PED,16.0,,4535712.0,,2021,Austria,3.5275608327865613,2.0163058090199577,5.728537790221456,True
AT,F,UNK,0.0,,4535712.0,,2021,Austria,0.0,0.0,0.8132966674502119,True
AT,UNK,TOTAL,0.0,,,,2021,Austria,,,,False
AT,UNK,DRIV,0.0,,,,2021,Austria,,,,False
AT,UNK,PAS,0.0,,,,2021,Austria,,,,False
AT,UNK,PED,0.0,,,,2021,Austria,,,,False
AT,UNK,UNK,0.0,,,,2021,Austria,,,,False
AT,T,TOTAL,370.0,,8978929.0,,2022,Austria,41.20758723005829,37.11525547711632,45.627893779658386,True
AT,T,DRIV,273.0,,8978929.0,,2022,Austria,30.4045170643403,26.90447639984292,34.23344808995928,True
AT,T,PAS,48.0,,8978929.0,,2022,Austria,5.3458491541697235,3.941607158658148,7.087820405098121,True
AT,T,PED,49.0,,8978929.0,,2022,Austria,5.457221011548259,4.037282146771529,7.21473558738668,True
AT,T,UNK,0.0,,8978929.0,,2022,Austria,0.0,0.0,0.4108373564501886,True
AT,M,TOTAL,267.0,,4425485.0,,2022,Austria,60.33237035036838,53.311973294976056,68.02020465225051,True
AT,M,DRIV,217.0,,4425485.0,,2022,Austria,49.03417365554284,42.726713330795015,56.01052211781889,True
AT,M,PAS,23.0,,4425485.0,,2022,Austria,5.197170479619748,3.2945602656081046,7.798307506371174,True
AT,M,PED,27.0,,4425485.0,,2022,Austria,6.101026215205791,4.020614719463465,8.876672826856748,True
AT,M,UNK,0.0,,4425485.0,,2022,Austria,0.0,0.0,0.8335537131215981,True
AT,F,TOTAL,103.0,,4553444.0,,2022,Austria,22.62024085505389,18.46337373311682,27.433620671964153,True
AT,F,DRIV,56.0,,4553444.0,,2022,Austria,12.298383377505028,9.290066635854139,15.97047377931626,True
AT,F,PAS,25.0,,4553444.0,,2022,Austria,5.490349722100459,3.5530648554872593,8.10483925958689,True
AT,F,PED,22.0,,4553444.0,,2022,Austria,4.831507755448404,3.0278801874426504,7.314960804860065,True
AT,F,UNK,0.0,,4553444.0,,2022,Austria,0.0,0.0,0.8101295314302615,True
AT,UNK,TOTAL,0.0,,,,2022,Austria,,,,False
AT,UNK,DRIV,0.0,,,,2022,Austria,,,,False
AT,UNK,PAS,0.0,,,,2022,Austria,,,,False
AT,UNK,PED,0.0,,,,2022,Austria,,,,False
AT,UNK,UNK,0.0,,,,2022,Austria,,,,False
AT,T,TOTAL,402.0,,9104772.0,,2023,Austria,44.15267070938185,39.941516392731735,48.68704284285187,True
AT,T,DRIV,291.0,,9104772.0,,2023,Austria,31.96126163291074,28.394177395193296,35.852489473846504,True
AT,T,PAS,59.0,,9104772.0,,2023,Austria,6.480118337944102,4.932966320155348,8.358880525791944,True
AT,T,PED,52.0,,9104772.0,,2023,Austria,5.711290738527006,4.2654650990119505,7.489597953784333,True
AT,T,UNK,0.0,,9104772.0,,2023,Austria,0.0,0.0,0.40515890503506685,True
AT,M,TOTAL,288.0,,4484815.0,,2023,Austria,64.21669567195079,57.0135781068083,72.07793328465522,True
AT,M,DRIV,232.0,,4484815.0,,2023,Austria,51.730115957960365,45.28723192254064,58.83256190407903,True
AT,M,PAS,30.0,,4484815.0,,2023,Austria,6.689239132494874,4.513201552666256,9.549304797367931,True
AT,M,PED,26.0,,4484815.0,,2023,Austria,5.797340581495558,3.787015343017793,8.494447169643562,True
AT,M,UNK,0.0,,4484815.0,,2023,Austria,0.0,0.0,0.8225265599838423,True
AT,F,TOTAL,114.0,,4619957.0,,2023,Austria,24.675554339575022,20.354289479740917,29.642878404720086,True
AT,F,DRIV,59.0,,4619957.0,,2023,Austria,12.770681631885319,9.72163455822066,16.473248855471116,True
AT,F,PAS,29.0,,4619957.0,,2023,Austria,6.277114700418207,4.203882230407759,9.014983784175177,True
AT,F,PED,26.0,,4619957.0,,2023,Austria,5.627758007271496,3.6762383752914465,8.245969406885171,True
AT,F,UNK,0.0,,4619957.0,,2023,Austria,0.0,0.0,0.7984661879134234,True
AT,UNK,TOTAL,0.0,,,,2023,Austria,,,,False
AT,UNK,DRIV,0.0,,,,2023,Austria,,,,False
AT,UNK,PAS,0.0,,,,2023,Austria,,,,False
AT,UNK,PED,0.0,,,,2023,Austria,,,,False
AT,UNK,UNK,0.0,,,,2023,Austria,,,,False
AT,T,TOTAL,351.0,,9158750.0,,2024,Austria,38.324007097038354,34.41913128388101,42.55056451475235,True
AT,T,DRIV,261.0,,9158750.0,,2024,Austria,28.49733861061826,25.144625678818272,32.17262896657301,True
AT,T,PAS,42.0,,9158750.0,,2024,Austria,4.585778626996042,3.3050258749805046,6.198640510821963,True
AT,T,PED,48.0,,9158750.0,,2024,Austria,5.240889859424048,3.8642184603229963,6.948659607711453,True
AT,T,UNK,0.0,,9158750.0,,2024,Austria,0.0,0.0,0.4027710609104884,True
AT,M,TOTAL,270.0,,4514832.0,,2024,Austria,59.802889675629125,52.88167162982278,67.37826399373317,True
AT,M,DRIV,221.0,,4514832.0,,2024,Austria,48.94977266042236,42.708442277328174,55.84662296516419,True
AT,M,PAS,26.0,,4514832.0,,2024,Austria,5.758796783579101,3.761837254541552,8.437971575271238,True
AT,M,PED,23.0,,4514832.0,,2024,Austria,5.094320231627666,3.229362030978048,7.643981635381568,True
AT,M,UNK,0.0,,4514832.0,,2024,Austria,0.0,0.0,0.8170579667447062,True
AT,F,TOTAL,81.0,,4643918.0,,2024,Austria,17.442168444834728,13.851599445585679,21.679022795003924,True
AT,F,DRIV,40.0,,4643918.0,,2024,Austria,8.613416515967767,6.1535510406921405,11.729028584049948,True
AT,F,PAS,16.0,,4643918.0,,2024,Austria,3.4453666063871067,1.9693247067759443,5.595059516029555,True
AT,F,PED,25.0,,4643918.0,,2024,Austria,5.383385322479854,3.483843135867026,7.946938705104261,True
AT,F,UNK,0.0,,4643918.0,,2024,Austria,0.0,0.0,0.7943463803869784,True
AT,UNK,TOTAL,0.0,,,,2024,Austria,,,,False
AT,UNK,DRIV,0.0,,,,2024,Austria,,,,False
AT,UNK,PAS,0.0,,,,2024,Austria,,,,False
AT,UNK,PED,0.0,,,,2024,Austria,,,,False
AT,UNK,UNK,0.0,,,,2024,Austria,,,,False
BE,T,TOTAL,850.0,,10839905.0,,2010,Belgium,78.41397134015473,73.23041033058387,83.8676225729894,True
BE,T,DRIV,577.0,,10839905.0,,2010,Belgium,53.2292487803168,48.97406764336539,57.7551754268859,True
BE,T,PAS,132.0,,10839905.0,,2010,Belgium,12.177228490471087,10.188586377672355,14.440639324058376,True
BE,T,PED,108.0,,10839905.0,,2010,Belgium,9.963186946749072,8.172995363777055,12.028953232551286,True
BE,T,UNK,33.0,,10839905.0,,2010,Belgium,3.044307122617772,2.0955609456660222,4.275339061474182,True
BE,M,TOTAL,631.0,,5312221.0,,2010,Belgium,118.78270877661151,109.69426064155935,128.42329744160207,True
BE,M,DRIV,466.0,,5312221.0,,2010,Belgium,87.72225402519963,79.9374050414566,96.06042989041529,True
BE,M,PAS,79.0,,5312221.0,,2010,Belgium,14.871369244615387,11.773803077770083,18.53416323693531,True
BE,M,PED,59.0,,5312221.0,,2010,Belgium,11.106465638383645,8.454756236363933,14.326531475737882,True
BE,M,UNK,27.0,,5312221.0,,2010,Belgium,5.082619868412854,3.3494785197688075,7.3949450606746465,True
BE,F,TOTAL,205.0,,5527684.0,,2010,Belgium,37.08605629410075,32.18281021915892,42.52515657075534,True
BE,F,DRIV,107.0,,5527684.0,,2010,Belgium,19.357112309603806,15.863620676767303,23.391088796122272,True
BE,F,PAS,45.0,,5527684.0,,2010,Belgium,8.14084162553431,5.937985743800562,10.893086597743071,True
BE,F,PED,47.0,,5527684.0,,2010,Belgium,8.502656808891391,6.2474324087747695,11.306731054207688,True
BE,F,UNK,6.0,,5527684.0,,2010,Belgium,1.0854455500712414,0.3983393865298471,2.3625579940023136,True
BE,UNK,TOTAL,14.0,,,,2010,Belgium,,,,False
BE,UNK,DRIV,4.0,,,,2010,Belgium,,,,False
BE,UNK,PAS,8.0,,,,2010,Belgium,,,,False
BE,UNK,PED,2.0,,,,2010,Belgium,,,,False
BE,UNK,UNK,0.0,,,,2010,Belgium,,,,False
BE,T,TOTAL,884.0,,11000638.0,b,2011,Belgium,80.35897554305487,75.1482722722654,85.8357639395656,True
BE,T,DRIV,627.0,,11000638.0,b,2011,Belgium,56.99669419173688,52.6220819203569,61.63794693336911,True
BE,T,PAS,123.0,,11000638.0,b,2011,Belgium,11.181169673977092,9.292645162101811,13.340718948586359,True
BE,T,PED,115.0,,11000638.0,b,2011,Belgium,10.453939126076142,8.63079889194139,12.54837070531187,True
BE,T,UNK,19.0,,11000638.0,b,2011,Belgium,1.727172551264754,1.0398707024416889,2.697193887444127,True
BE,M,TOTAL,675.0,,5401718.0,b,2011,Belgium,124.96024412973799,115.70991133096913,134.75333288207165,True
BE,M,DRIV,530.0,,5401718.0,b,2011,Belgium,98.11693242779427,89.94041000370609,106.83709738113653,True
BE,M,PAS,64.0,,5401718.0,b,2011,Belgium,11.848082406375157,9.124467168822113,15.129736726146197,True
BE,M,PED,64.0,,5401718.0,b,2011,Belgium,11.848082406375157,9.124467168822113,15.129736726146197,True
BE,M,UNK,17.0,,5401718.0,b,2011,Belgium,3.147146889193401,1.8333290389478483,5.038887038513787,True
BE,F,TOTAL,188.0,,5598920.0,b,2011,Belgium,33.57790431011695,28.94944846842393,38.7359252853397,True
BE,F,DRIV,87.0,,5598920.0,b,2011,Belgium,15.53871103712859,12.445870549288026,19.166942657248867,True
BE,F,PAS,50.0,,5598920.0,b,2011,Belgium,8.93029369949919,6.628236112939971,11.773478932425684,True
BE,F,PED,50.0,,5598920.0,b,2011,Belgium,8.93029369949919,6.628236112939971,11.773478932425684,True
BE,F,UNK,1.0,,5598920.0,b,2011,Belgium,0.1786058739899838,0.004521909222544687,0.9951282373991587,True
BE,UNK,TOTAL,21.0,,,,2011,Belgium,,,,False
BE,UNK,DRIV,10.0,,,,2011,Belgium,,,,False
BE,UNK,PAS,9.0,,,,2011,Belgium,,,,False
BE,UNK,PED,1.0,,,,2011,Belgium,,,,False
BE,UNK,UNK,1.0,,,,2011,Belgium,,,,False
BE,T,TOTAL,827.0,,11075889.0,b,2012,Belgium,74.6666926690941,69.66385934871009,79.93390312841704,True
BE,T,DRIV,560.0,,11075889.0,b,2012,Belgium,50.56027556794764,46.458851488292076,54.926731423232575,True
BE,T,PAS,101.0,,11075889.0,b,2012,Belgium,9.118906843504842,7.427499390165334,11.080298448804472,True
BE,T,PED,117.0,,11075889.0,b,2012,Belgium,10.563486145446204,8.736290851161446,12.660060894674595,True
BE,T,UNK,49.0,,11075889.0,b,2012,Belgium,4.4240241121954185,3.2729173928006268,5.848794493418839,True
BE,M,TOTAL,619.0,,5440288.0,b,2012,Belgium,113.78074101959308,104.99271649110568,123.10797677682785,True
BE,M,DRIV,464.0,,5440288.0,b,2012,Belgium,85.28960231517155,77.70472251638198,93.4148011285059,True
BE,M,PAS,56.0,,5440288.0,b,2012,Belgium,10.29357269321036,7.775654190114606,13.367060348199386,True
BE,M,PED,64.0,,5440288.0,b,2012,Belgium,11.764083077954696,9.059777450428259,15.022471459026615,True
BE,M,UNK,35.0,,5440288.0,b,2012,Belgium,6.4334829332564745,4.481156586290977,8.947417373691076,True
BE,F,TOTAL,190.0,,5635601.0,b,2012,Belgium,33.71423917342622,29.09060044769271,38.86393079693351,True
BE,F,DRIV,94.0,,5635601.0,b,2012,Belgium,16.67967622264245,13.478876236818436,20.411699431672375,True
BE,F,PAS,39.0,,5635601.0,b,2012,Belgium,6.920291198755909,4.9210035432665435,9.460265882171722,True
BE,F,PED,52.0,,5635601.0,b,2012,Belgium,9.227054931674546,6.89120596019151,12.10005494371814,True
BE,F,UNK,5.0,,5635601.0,b,2012,Belgium,0.8872168203533217,0.2880768865855516,2.070468097248664,True
BE,UNK,TOTAL,18.0,,,,2012,Belgium,,,,False
BE,UNK,DRIV,2.0,,,,2012,Belgium,,,,False
BE,UNK,PAS,6.0,,,,2012,Belgium,,,,False
BE,UNK,PED,1.0,,,,2012,Belgium,,,,False
BE,UNK,UNK,9.0,,,,2012,Belgium,,,,False
BE,T,TOTAL,764.0,,11137974.0,,2013,Belgium,68.5941626367596,63.81580717753654,73.63554390453268,True
BE,T,DRIV,523.0,,11137974.0,,2013,Belgium,46.95647520814827,43.017854413843466,51.15877805618217,True
BE,T,PAS,113.0,,11137974.0,,2013,Belgium,10.145471698892456,8.361304619780915,12.197655087995392,True
BE,T,PED,109.0,,11137974.0,,2013,Belgium,9.78633995733874,8.035603418151256,11.805238688601282,True
BE,T,UNK,19.0,,11137974.0,,2013,Belgium,1.7058757723801474,1.0270486503529936,2.663936329137201,True
BE,M,TOTAL,576.0,,5472856.0,,2013,Belgium,105.24669386514098,96.82605601052133,114.20359479023197,True
BE,M,DRIV,446.0,,5472856.0,,2013,Belgium,81.49309976363347,74.10449389082511,89.41897305394326,True
BE,M,PAS,58.0,,5472856.0,,2013,Belgium,10.59775736836489,8.047321486304364,13.700058935351958,True
BE,M,PED,57.0,,5472856.0,,2013,Belgium,10.41503741373791,7.888247628463957,13.493889004746846,True
BE,M,UNK,15.0,,5472856.0,,2013,Belgium,2.740799319404713,1.534004573258151,4.520531669659469,True
BE,F,TOTAL,181.0,,5665118.0,,2013,Belgium,31.949908192556624,27.464728008699964,36.958701509592004,True
BE,F,DRIV,74.0,,5665118.0,,2013,Belgium,13.062393404691658,10.256788339332203,16.398638740075075,True
BE,F,PAS,54.0,,5665118.0,,2013,Belgium,9.532016808829049,7.160744396241129,12.437214263447064,True
BE,F,PED,49.0,,5665118.0,,2013,Belgium,8.649422659863395,6.398890499514598,11.434995456920454,True
BE,F,UNK,4.0,,5665118.0,,2013,Belgium,0.7060753191725221,0.1923817603845719,1.8078332482048376,True
BE,UNK,TOTAL,7.0,,,,2013,Belgium,,,,False
BE,UNK,DRIV,3.0,,,,2013,Belgium,,,,False
BE,UNK,PAS,1.0,,,,2013,Belgium,,,,False
BE,UNK,PED,3.0,,,,2013,Belgium,,,,False
BE,UNK,UNK,0.0,,,,2013,Belgium,,,,False
BE,T,TOTAL,745.0,,11180840.0,,2014,Belgium,66.63184519231113,61.93244463634777,71.59330289606845,True
BE,T,DRIV,530.0,,11180840.0,,2014,Belgium,47.40252074083879,43.4522568648151,51.61543068243871,True
BE,T,PAS,97.0,,11180840.0,,2014,Belgium,8.675555682757288,7.035291228050157,10.583442204021686,True
BE,T,PED,107.0,,11180840.0,,2014,Belgium,9.5699428665467,7.842799127528504,11.564296357063007,True
BE,T,UNK,11.0,,11180840.0,,2014,Belgium,0.9838259021683523,0.4911223456588985,1.7603362997146863,True
BE,M,TOTAL,560.0,,5493792.0,,2014,Belgium,101.93323664237744,93.66446384424599,110.73633300578835,True
BE,M,DRIV,440.0,,5493792.0,,2014,Belgium,80.09040021901085,72.78081166624258,87.93526531984845,True
BE,M,PAS,46.0,,5493792.0,,2014,Belgium,8.373087295623861,6.13015225348391,11.168525075318833,True
BE,M,PED,65.0,,5493792.0,,2014,Belgium,11.831536395990238,9.131330004709728,15.080264381300125,True
BE,M,UNK,9.0,,5493792.0,,2014,Belgium,1.6382127317524944,0.7490951782263204,3.1098380592893156,True
BE,F,TOTAL,163.0,,5687048.0,,2014,Belgium,28.661618470601972,24.430432394633872,33.41507071094381,True
BE,F,DRIV,84.0,,5687048.0,,2014,Belgium,14.770404610616966,11.78145317918646,18.286765958347406,True
BE,F,PAS,39.0,,5687048.0,,2014,Belgium,6.857687854929306,4.876486445944623,9.37468505028142,True
BE,F,PED,39.0,,5687048.0,,2014,Belgium,6.857687854929306,4.876486445944623,9.37468505028142,True
BE,F,UNK,1.0,,5687048.0,,2014,Belgium,0.17583815012639245,0.004451836521212745,0.9797074670266362,True
BE,UNK,TOTAL,22.0,,,,2014,Belgium,,,,False
BE,UNK,DRIV,6.0,,,,2014,Belgium,,,,False
BE,UNK,PAS,12.0,,,,2014,Belgium,,,,False
BE,UNK,PED,3.0,,,,2014,Belgium,,,,False
BE,UNK,UNK,1.0,,,,2014,Belgium,,,,False
BE,T,TOTAL,762.0,,11237274.0,,2015,Belgium,67.81004005063862,63.08022430765363,72.80056142537174,True
BE,T,DRIV,563.0,,11237274.0,,2015,Belgium,50.10111883006501,46.04755512634001,54.41589832675585,True
BE,T,PAS,97.0,,11237274.0,,2015,Belgium,8.631986725606229,6.999959738832774,10.530291771154982,True
BE,T,PED,94.0,,11237274.0,,2015,Belgium,8.36501806398954,6.759786083269859,10.23666360087262,True
BE,T,UNK,8.0,,11237274.0,,2015,Belgium,0.7119164309778332,0.3073549845583993,1.4027591763085347,True
BE,M,TOTAL,568.0,,5524068.0,,2015,Belgium,102.82277481015802,94.53955183090167,111.63734054953099,True
BE,M,DRIV,463.0,,5524068.0,,2015,Belgium,83.81504355123796,76.35344039889164,91.80877981083363,True
BE,M,PAS,46.0,,5524068.0,,2015,Belgium,8.327196551526882,6.096554461127538,11.107313253672114,True
BE,M,PED,53.0,,5524068.0,,2015,Belgium,9.594378635454886,7.186847977316258,12.549683481304767,True
BE,M,UNK,6.0,,5524068.0,,2015,Belgium,1.086156071938289,0.398600135532519,2.364104500979837,True
BE,F,TOTAL,186.0,,5713206.0,,2015,Belgium,32.556151484823054,28.04538054701176,37.585959767933254,True
BE,F,DRIV,97.0,,5713206.0,,2015,Belgium,16.978208032407725,13.76818297366353,20.71197396565323,True
BE,F,PAS,49.0,,5713206.0,,2015,Belgium,8.576620552453386,6.345031099671383,11.338747210046039,True
BE,F,PED,40.0,,5713206.0,,2015,Belgium,7.001322899961948,5.00184772644098,9.533814632972112,True
BE,F,UNK,0.0,,5713206.0,,2015,Belgium,0.0,0.0,0.6456759049321756,True
BE,UNK,TOTAL,8.0,,,,2015,Belgium,,,,False
BE,UNK,DRIV,3.0,,,,2015,Belgium,,,,False
BE,UNK,PAS,2.0,,,,2015,Belgium,,,,False
BE,UNK,PED,1.0,,,,2015,Belgium,,,,False
BE,UNK,UNK,2.0,,,,2015,Belgium,,,,False
BE,T,TOTAL,670.0,,11311117.0,,2016,Belgium,59.23376090973155,54.83289429921691,63.89383741790918,True
BE,T,DRIV,492.0,,11311117.0,,2016,Belgium,43.49703039938496,39.737955116432275,47.51586743381175,True
BE,T,PAS,90.0,,11311117.0,,2016,Belgium,7.9567738535460295,6.398185796425408,9.780225930817126,True
BE,T,PED,81.0,,11311117.0,,2016,Belgium,7.161096468191426,5.686944268558565,8.900589055893334,True
BE,T,UNK,7.0,,11311117.0,,2016,Belgium,0.6188601886091356,0.24881389269688103,1.2750885135130665,True
BE,M,TOTAL,504.0,,5569264.0,,2016,Belgium,90.49669758876577,82.7674163311496,98.75345851600956,True
BE,M,DRIV,412.0,,5569264.0,,2016,Belgium,73.97745914002282,67.00571770974737,81.4774995785842,True
BE,M,PAS,46.0,,5569264.0,,2016,Belgium,8.259619224371479,6.047079364341837,11.017174569312212,True
BE,M,PED,41.0,,5569264.0,,2016,Belgium,7.361834526070231,5.28297955860151,9.987159805269586,True
BE,M,UNK,5.0,,5569264.0,,2016,Belgium,0.8977846983012477,0.29150824778972967,2.095129999102695,True
BE,F,TOTAL,156.0,,5741853.0,,2016,Belgium,27.168929612095607,23.07278213536643,31.782647524606674,True
BE,F,DRIV,77.0,,5741853.0,,2016,Belgium,13.410305000842063,10.583202992909523,16.760580338807507,True
BE,F,PAS,40.0,,5741853.0,,2016,Belgium,6.966392208229643,4.9768927281469875,9.486248945067745,True
BE,F,PED,38.0,,5741853.0,,2016,Belgium,6.618072597818161,4.683342057902936,9.08382170690535,True
BE,F,UNK,1.0,,5741853.0,,2016,Belgium,0.17415980520574106,0.004409344506780285,0.970356327641773,True
BE,UNK,TOTAL,10.0,,,,2016,Belgium,,,,False
BE,UNK,DRIV,3.0,,,,2016,Belgium,,,,False
BE,UNK,PAS,4.0,,,,2016,Belgium,,,,False
BE,UNK,PED,2.0,,,,2016,Belgium,,,,False
BE,UNK,UNK,1.0,,,,2016,Belgium,,,,False
BE,T,TOTAL,609.0,,11351727.0,,2017,Belgium,53.64822462696645,49.47142950932112,58.08346346713893,True
BE,T,DRIV,437.0,,11351727.0,,2017,Belgium,38.49634509357034,34.971160249019725,42.280596757116705,True
BE,T,PAS,74.0,,11351727.0,,2017,Belgium,6.518831892275069,5.118685134283178,8.18379648329251,True
BE,T,PED,95.0,,11351727.0,,2017,Belgium,8.368770672515293,6.770835227391404,10.230388171205625,True
BE,T,UNK,3.0,,11351727.0,,2017,Belgium,0.26427696860574607,0.054500264399910375,0.772329449936765,True
BE,M,TOTAL,453.0,,5589272.0,,2017,Belgium,81.0481221883637,73.75550939242503,88.86674846037214,True
BE,M,DRIV,355.0,,5589272.0,,2017,Belgium,63.51453284077068,57.078548246874455,70.47758261355571,True
BE,M,PAS,48.0,,5589272.0,,2017,Belgium,8.58788049678026,6.3320251409276995,11.386283612987034,True
BE,M,PED,49.0,,5589272.0,,2017,Belgium,8.766794673796516,6.485722961564429,11.59016748387237,True
BE,M,UNK,1.0,,5589272.0,,2017,Belgium,0.17891417701625542,0.004529714779364808,0.9968459919178916,True
BE,F,TOTAL,148.0,,5762455.0,,2017,Belgium,25.68349774531862,21.71241540527155,30.170653915090714,True
BE,F,DRIV,79.0,,5762455.0,,2017,Belgium,13.709434607298451,10.853888483223708,17.086045993361463,True
BE,F,PAS,23.0,,5762455.0,,2017,Belgium,3.9913543793400557,2.530176294139335,5.988991305759964,True
BE,F,PED,45.0,,5762455.0,,2017,Belgium,7.809171611752283,5.696063359841329,10.449286024265492,True
BE,F,UNK,1.0,,5762455.0,,2017,Belgium,0.1735371469278285,0.004393580164060266,0.9668870977628281,True
BE,UNK,TOTAL,8.0,,,,2017,Belgium,,,,False
BE,UNK,DRIV,3.0,,,,2017,Belgium,,,,False
BE,UNK,PAS,3.0,,,,2017,Belgium,,,,False
BE,UNK,PED,1.0,,,,2017,Belgium,,,,False
BE,UNK,UNK,1.0,,,,2017,Belgium,,,,False
BE,T,TOTAL,604.0,,11398589.0,,2018,Belgium,52.989014692958925,48.846848808382354,57.38857599974961,True
BE,T,DRIV,456.0,,11398589.0,,2018,Belgium,40.00495149004846,36.41693503687912,43.85088432423969,True
BE,T,PAS,73.0,,11398589.0,,2018,Belgium,6.4043014446788105,5.0199500063121105,8.052447560218333,True
BE,T,PED,74.0,,11398589.0,,2018,Belgium,6.492031601455233,5.097641141665953,8.15015117238604,True
BE,T,UNK,1.0,,11398589.0,,2018,Belgium,0.08773015677642207,0.002221135263697103,0.48880114818938536,True
BE,M,TOTAL,442.0,,5614218.0,,2018,Belgium,78.72868492103441,71.55926103431773,86.42188499806117,True
BE,M,DRIV,366.0,,5614218.0,,2018,Belgium,65.1916259753362,58.68308489180952,72.22475225796765,True
BE,M,PAS,38.0,,5614218.0,,2018,Belgium,6.768529472849113,4.7898142974134865,9.29033552299886,True
BE,M,PED,38.0,,5614218.0,,2018,Belgium,6.768529472849113,4.7898142974134865,9.29033552299886,True
BE,M,UNK,0.0,,5614218.0,,2018,Belgium,0.0,0.0,0.65706024491994,True
BE,F,TOTAL,153.0,,5784371.0,,2018,Belgium,26.450585551998653,22.425459095160026,30.989607012306543,True
BE,F,DRIV,86.0,,5784371.0,,2018,Belgium,14.867649395241074,11.892200421475385,18.361426053402727,True
BE,F,PAS,32.0,,5784371.0,,2018,Belgium,5.532148612182724,3.7839855554362893,7.80974319929003,True
BE,F,PED,34.0,,5784371.0,,2018,Belgium,5.8779079004441455,4.070622092630689,8.213787133502171,True
BE,F,UNK,1.0,,5784371.0,,2018,Belgium,0.17287964413071014,0.00437693363449369,0.9632237266487398,True
BE,UNK,TOTAL,9.0,,,,2018,Belgium,,,,False
BE,UNK,DRIV,4.0,,,,2018,Belgium,,,,False
BE,UNK,PAS,3.0,,,,2018,Belgium,,,,False
BE,UNK,PED,2.0,,,,2018,Belgium,,,,False
BE,UNK,UNK,0.0,,,,2018,Belgium,,,,False
BE,T,TOTAL,646.0,,11455519.0,,2019,Belgium,56.392032521616876,52.12669348249997,60.9133741289097,True
BE,T,DRIV,471.0,,11455519.0,,2019,Belgium,41.11555312334605,37.48575185741038,45.00192560433804,True
BE,T,PAS,79.0,,11455519.0,,2019,Belgium,6.896239271219401,5.459817574358252,8.5947717571483,True
BE,T,PED,92.0,,11455519.0,,2019,Belgium,8.031063455090948,6.474170639170727,9.849386396345386,True
BE,T,UNK,4.0,,11455519.0,,2019,Belgium,0.34917667196047597,0.09513889101195022,0.8940309623163903,True
BE,M,TOTAL,500.0,,5644826.0,,2019,Belgium,88.57668952063358,80.9818720540951,96.6919562383626,True
BE,M,DRIV,397.0,,5644826.0,,2019,Belgium,70.32989147938306,63.580985786968455,77.6001820147707,True
BE,M,PAS,47.0,,5644826.0,,2019,Belgium,8.326208814939557,6.117785059639704,11.072092627947606,True
BE,M,PED,54.0,,5644826.0,,2019,Belgium,9.566282468228428,7.186485814185371,12.481923516103189,True
BE,M,UNK,2.0,,5644826.0,,2019,Belgium,0.35430675808253437,0.042908192129210904,1.2798778328550713,True
BE,F,TOTAL,135.0,,5810693.0,,2019,Belgium,23.233029175693847,19.479380796311627,27.49910182565023,True
BE,F,DRIV,69.0,,5810693.0,,2019,Belgium,11.874659356465743,9.239193768599517,15.028141410163174,True
BE,F,PAS,31.0,,5810693.0,,2019,Belgium,5.334991884788957,3.6248681489698136,7.572595128197059,True
BE,F,PED,35.0,,5810693.0,,2019,Belgium,6.023377934439146,4.195503428338025,8.37706059657309,True
BE,F,UNK,0.0,,5810693.0,,2019,Belgium,0.0,0.0,0.6348432887633085,True
BE,UNK,TOTAL,11.0,,,,2019,Belgium,,,,False
BE,UNK,DRIV,5.0,,,,2019,Belgium,,,,False
BE,UNK,PAS,1.0,,,,2019,Belgium,,,,False
BE,UNK,PED,3.0,,,,2019,Belgium,,,,False
BE,UNK,UNK,2.0,,,,2019,Belgium,,,,False
BE,T,TOTAL,499.0,,11522440.0,,2020,Belgium,43.3067996014733,39.58991605779429,47.2786542075686,True
BE,T,DRIV,378.0,,11522440.0,,2020,Belgium,32.80555160191765,29.58138706711832,36.28524611995373,True
BE,T,PAS,55.0,,11522440.0,,2020,Belgium,4.773294545252568,3.595898696060772,6.213098959591837,True
BE,T,PED,65.0,,11522440.0,,2020,Belgium,5.641166280753035,4.353733039984089,7.190129505197821,True
BE,T,UNK,1.0,,11522440.0,,2020,Belgium,0.0867871735500467,0.002197260995439325,0.48354718192838475,True
BE,M,TOTAL,383.0,,5681225.0,,2020,Belgium,67.41503812998077,60.83168786575474,74.51658718557707,True
BE,M,DRIV,317.0,,5681225.0,,2020,Belgium,55.79782529296058,49.82383613779971,62.29087319400803,True
BE,M,PAS,29.0,,5681225.0,,2020,Belgium,5.104532913236142,3.418585804566434,7.330960741492653,True
BE,M,PED,37.0,,5681225.0,,2020,Belgium,6.512679923784043,4.585527692901801,8.97687138635256,True
BE,M,UNK,0.0,,5681225.0,,2020,Belgium,0.0,0.0,0.649310571947764,True
BE,F,TOTAL,109.0,,5841215.0,,2020,Belgium,18.660501282695467,15.322213263110468,22.510118456080658,True
BE,F,DRIV,59.0,,5841215.0,,2020,Belgium,10.10063830898195,7.689073870537799,13.029087503640213,True
BE,F,PAS,24.0,,5841215.0,,2020,Belgium,4.108734227382488,2.6325435469652225,6.113470843609285,True
BE,F,PED,26.0,,5841215.0,,2020,Belgium,4.451128746331029,2.9076250772478573,6.521934919896801,True
BE,F,UNK,0.0,,5841215.0,,2020,Belgium,0.0,0.0,0.6315260530752481,True
BE,UNK,TOTAL,7.0,,,,2020,Belgium,,,,False
BE,UNK,DRIV,2.0,,,,2020,Belgium,,,,False
BE,UNK,PAS,2.0,,,,2020,Belgium,,,,False
BE,UNK,PED,2.0,,,,2020,Belgium,,,,False
BE,UNK,UNK,1.0,,,,2020,Belgium,,,,False
BE,T,TOTAL,516.0,,11554767.0,,2021,Belgium,44.656893557438245,40.88639475062798,48.68158786100521,True
BE,T,DRIV,381.0,,11554767.0,,2021,Belgium,32.97340396392242,29.74519594581761,36.45641012323223,True
BE,T,PAS,53.0,,11554767.0,,2021,Belgium,4.586851470046951,3.4358665070751724,5.999714657093843,True
BE,T,PED,75.0,,11554767.0,,2021,Belgium,6.490827551953233,5.105447621873418,8.136308542511742,True
BE,T,UNK,7.0,,11554767.0,,2021,Belgium,0.6058105715156351,0.24356726981339105,1.2482013148081978,True
BE,M,TOTAL,379.0,,5700474.0,,2021,Belgium,66.48569925939492,59.95981647735701,73.5280765284765,True
BE,M,DRIV,308.0,,5700474.0,,2021,Belgium,54.03059464879587,48.16432726582181,60.41430569008266,True
BE,M,PAS,30.0,,5700474.0,,2021,Belgium,5.2627202579995975,3.550735258404988,7.512860403329207,True
BE,M,PED,34.0,,5700474.0,,2021,Belgium,5.9644162923995445,4.130531668870391,8.334673940307962,True
BE,M,UNK,7.0,,5700474.0,,2021,Belgium,1.2279680601999061,0.4937068481533057,2.5300835266860924,True
BE,F,TOTAL,126.0,,5854293.0,,2021,Belgium,21.52266721190757,17.928956564348383,25.625477332213993,True
BE,F,DRIV,66.0,,5854293.0,,2021,Belgium,11.273778063380155,8.719139137491288,14.343009897609635,True
BE,F,PAS,21.0,,5854293.0,,2021,Belgium,3.587111201984595,2.220478371013577,5.483280514819365,True
BE,F,PED,39.0,,5854293.0,,2021,Belgium,6.661777946542819,4.737175349685518,9.106869756234074,True
BE,F,UNK,0.0,,5854293.0,,2021,Belgium,0.0,0.0,0.6301152767915674,True
BE,UNK,TOTAL,11.0,,,,2021,Belgium,,,,False
BE,UNK,DRIV,7.0,,,,2021,Belgium,,,,False
BE,UNK,PAS,2.0,,,,2021,Belgium,,,,False
BE,UNK,PED,2.0,,,,2021,Belgium,,,,False
BE,UNK,UNK,0.0,,,,2021,Belgium,,,,False
BE,T,TOTAL,540.0,,11617623.0,,2022,Belgium,46.48110891530909,42.6428863143393,50.57206934098685,True
BE,T,DRIV,413.0,,11617623.0,,2022,Belgium,35.549440707449364,32.20316846238203,39.14896433026344,True
BE,T,PAS,43.0,,11617623.0,,2022,Belgium,3.701273487700539,2.678629975509378,4.9855910981431935,True
BE,T,PED,83.0,,11617623.0,,2022,Belgium,7.14431859253825,5.690409879697689,8.85645779668234,True
BE,T,UNK,1.0,,11617623.0,,2022,Belgium,0.08607612762094277,0.0021792588711382612,0.4795854875768389,True
BE,M,TOTAL,421.0,,5733645.0,,2022,Belgium,73.42624107352304,66.57898583922167,80.78656006903222,True
BE,M,DRIV,348.0,,5733645.0,,2022,Belgium,60.69437504414731,54.48427934293437,67.41835374995192,True
BE,M,PAS,24.0,,5733645.0,,2022,Belgium,4.185818968561883,2.681933195146623,6.228166828213678,True
BE,M,PED,48.0,,5733645.0,,2022,Belgium,8.371637937123767,6.172584947879271,11.099577351253394,True
BE,M,UNK,1.0,,5733645.0,,2022,Belgium,0.17440912369007847,0.004415656704293673,0.9717454413272705,True
BE,F,TOTAL,109.0,,5883978.0,,2022,Belgium,18.52488231601138,15.210855979692619,22.346521618101765,True
BE,F,DRIV,60.0,,5883978.0,,2022,Belgium,10.197182926244796,7.781524837449641,13.125795746796355,True
BE,F,PAS,18.0,,5883978.0,,2022,Belgium,3.0591548778734388,1.8130490597346771,4.83478358816569,True
BE,F,PED,31.0,,5883978.0,,2022,Belgium,5.268544511893144,3.579720382901135,7.478278386365271,True
BE,F,UNK,0.0,,5883978.0,,2022,Belgium,0.0,0.0,0.6269363097744307,True
BE,UNK,TOTAL,10.0,,,,2022,Belgium,,,,False
BE,UNK,DRIV,5.0,,,,2022,Belgium,,,,False
BE,UNK,PAS,1.0,,,,2022,Belgium,,,,False
BE,UNK,PED,4.0,,,,2022,Belgium,,,,False
BE,UNK,UNK,0.0,,,,2022,Belgium,,,,False
BE,T,TOTAL,501.0,,11742796.0,,2023,Belgium,42.66445572247019,39.009854660372405,46.56923589780997,True
BE,T,DRIV,372.0,,11742796.0,,2023,Belgium,31.678997063391037,28.54119788504343,35.067565090316904,True
BE,T,PAS,48.0,,11742796.0,,2023,Belgium,4.087612524308521,3.0138827944795468,5.419581178292399,True
BE,T,PED,77.0,,11742796.0,,2023,Belgium,6.557211757744919,5.1748489758696765,8.195389624423596,True
BE,T,UNK,4.0,,11742796.0,,2023,Belgium,0.34063437702571003,0.092811403146774,0.872159294549926,True
BE,M,TOTAL,385.0,,5796147.0,,2023,Belgium,66.42343612058148,59.95335607009513,73.40141835262511,True
BE,M,DRIV,312.0,,5796147.0,,2023,Belgium,53.8288625184972,48.02100380658137,60.14556292256001,True
BE,M,PAS,28.0,,5796147.0,,2023,Belgium,4.830795354224108,3.2100284302412505,6.981844308515329,True
BE,M,PED,43.0,,5796147.0,,2023,Belgium,7.418721436844166,5.368965488964857,9.992969089704527,True
BE,M,UNK,2.0,,5796147.0,,2023,Belgium,0.3450568110160077,0.04178798062643426,1.246463843605754,True
BE,F,TOTAL,100.0,,5946649.0,,2023,Belgium,16.816193456180113,13.682326172424698,20.452996938683683,True
BE,F,DRIV,52.0,,5946649.0,,2023,Belgium,8.744420597213658,6.530751554440363,11.467144225407097,True
BE,F,PAS,17.0,,5946649.0,,2023,Belgium,2.8587528875506187,1.665328905339342,4.577140304717264,True
BE,F,PED,30.0,,5946649.0,,2023,Belgium,5.044858036854033,3.403744532663844,7.20184853600871,True
BE,F,UNK,1.0,,5946649.0,,2023,Belgium,0.16816193456180112,0.004257491569502404,0.9369383313087586,True
BE,UNK,TOTAL,16.0,,,,2023,Belgium,,,,False
BE,UNK,DRIV,8.0,,,,2023,Belgium,,,,False
BE,UNK,PAS,3.0,,,,2023,Belgium,,,,False
BE,UNK,PED,4.0,,,,2023,Belgium,,,,False
BE,UNK,UNK,1.0,,,,2023,Belgium,,,,False
BE,T,TOTAL,470.0,,11817096.0,,2024,Belgium,39.772884979524584,36.25797149466274,43.536523174440866,True
BE,T,DRIV,351.0,,11817096.0,,2024,Belgium,29.70272899534708,26.67628482041994,32.97849004099553,True
BE,T,PAS,47.0,,11817096.0,,2024,Belgium,3.977288497952458,2.9223619886870473,5.288950545941827,True
BE,T,PED,70.0,,11817096.0,,2024,Belgium,5.923621167163235,4.61775330486826,7.484138982372569,True
BE,T,UNK,2.0,,11817096.0,,2024,Belgium,0.16924631906180673,0.020496514418090965,0.6113758970667549,True
BE,M,TOTAL,349.0,,5836003.0,,2024,Belgium,59.80120298087578,53.69102934625748,66.41623390052949,True
BE,M,DRIV,284.0,,5836003.0,,2024,Belgium,48.663443113377426,43.16776559825827,54.664936776519546,True
BE,M,PAS,25.0,,5836003.0,,2024,Belgium,4.283753795191675,2.7722195906735014,6.32366564882341,True
BE,M,PED,39.0,,5836003.0,,2024,Belgium,6.682655920499013,4.752021630118503,9.135410633927508,True
BE,M,UNK,1.0,,5836003.0,,2024,Belgium,0.171350151807667,0.004338210241545438,0.9547019408555646,True
BE,F,TOTAL,109.0,,5981093.0,,2024,Belgium,18.22409382365397,14.963877329056714,21.983681172895185,True
BE,F,DRIV,62.0,,5981093.0,,2024,Belgium,10.365998321711434,7.947551473647472,13.288742020186987,True
BE,F,PAS,21.0,,5981093.0,,2024,Belgium,3.511063947676453,2.173403922004922,5.367034208453774,True
BE,F,PED,26.0,,5981093.0,,2024,Belgium,4.347031554266085,2.839625335301816,6.369408414670194,True
BE,F,UNK,0.0,,5981093.0,,2024,Belgium,0.0,0.0,0.6167567456506587,True
BE,UNK,TOTAL,12.0,,,,2024,Belgium,,,,False
BE,UNK,DRIV,5.0,,,,2024,Belgium,,,,False
BE,UNK,PAS,1.0,,,,2024,Belgium,,,,False
BE,UNK,PED,5.0,,,,2024,Belgium,,,,False
BE,UNK,UNK,1.0,,,,2024,Belgium,,,,False
BG,T,TOTAL,776.0,,7421766.0,,2010,Bulgaria,104.55732503557779,97.32925530762714,112.18008550773389,True
BG,T,DRIV,361.0,,7421766.0,,2010,Bulgaria,48.64071435289121,43.751944483573084,53.92635520468505,True
BG,T,PAS,239.0,,7421766.0,,2010,Bulgaria,32.20257820039058,28.249027743323445,36.55456254527413,True
BG,T,PED,174.0,,7421766.0,,2010,Bulgaria,23.44455484045172,20.090377614577935,27.19860276263264,True
BG,T,UNK,2.0,,7421766.0,,2010,Bulgaria,0.26947764184427264,0.03263499260741515,0.9734458978798254,True
BG,M,TOTAL,,,3613958.0,,2010,Bulgaria,,,,False
BG,M,DRIV,,,3613958.0,,2010,Bulgaria,,,,False
BG,M,PAS,,,3613958.0,,2010,Bulgaria,,,,False
BG,M,PED,,,3613958.0,,2010,Bulgaria,,,,False
BG,M,UNK,,,3613958.0,,2010,Bulgaria,,,,False
BG,F,TOTAL,,,3807808.0,,2010,Bulgaria,,,,False
BG,F,DRIV,,,3807808.0,,2010,Bulgaria,,,,False
BG,F,PAS,,,3807808.0,,2010,Bulgaria,,,,False
BG,F,PED,,,3807808.0,,2010,Bulgaria,,,,False
BG,F,UNK,,,3807808.0,,2010,Bulgaria,,,,False
BG,UNK,TOTAL,776.0,,,,2010,Bulgaria,,,,False
BG,UNK,DRIV,361.0,,,,2010,Bulgaria,,,,False
BG,UNK,PAS,239.0,,,,2010,Bulgaria,,,,False
BG,UNK,PED,174.0,,,,2010,Bulgaria,,,,False
BG,UNK,UNK,2.0,,,,2010,Bulgaria,,,,False
BG,T,TOTAL,656.0,,7369431.0,,2011,Bulgaria,89.016370463337,82.33392638170194,96.09672188811766,True
BG,T,DRIV,308.0,,7369431.0,,2011,Bulgaria,41.79427149803017,37.25653925062984,46.73226180072359,True
BG,T,PAS,199.0,,7369431.0,,2011,Bulgaria,27.003441649701312,23.381763587009875,31.027190699394904,True
BG,T,PED,149.0,,7369431.0,,2011,Bulgaria,20.218657315605505,17.10258961468749,23.73822815017301,True
BG,T,UNK,0.0,,7369431.0,,2011,Bulgaria,0.0,0.0,0.5005650306128024,True
BG,M,TOTAL,,,3588926.0,,2011,Bulgaria,,,,False
BG,M,DRIV,,,3588926.0,,2011,Bulgaria,,,,False
BG,M,PAS,,,3588926.0,,2011,Bulgaria,,,,False
BG,M,PED,,,3588926.0,,2011,Bulgaria,,,,False
BG,M,UNK,0.0,,3588926.0,,2011,Bulgaria,0.0,0.0,1.0278505196579522,True
BG,F,TOTAL,,,3780505.0,,2011,Bulgaria,,,,False
BG,F,DRIV,,,3780505.0,,2011,Bulgaria,,,,False
BG,F,PAS,,,3780505.0,,2011,Bulgaria,,,,False
BG,F,PED,,,3780505.0,,2011,Bulgaria,,,,False
BG,F,UNK,0.0,,3780505.0,,2011,Bulgaria,0.0,0.0,0.9757636755179363,True
BG,UNK,TOTAL,656.0,,,,2011,Bulgaria,,,,False
BG,UNK,DRIV,308.0,,,,2011,Bulgaria,,,,False
BG,UNK,PAS,199.0,,,,2011,Bulgaria,,,,False
BG,UNK,PED,149.0,,,,2011,Bulgaria,,,,False
BG,UNK,UNK,0.0,,,,2011,Bulgaria,,,,False
BG,T,TOTAL,601.0,,7327224.0,,2012,Bulgaria,82.0228779685185,75.59547026113192,88.85071601902388,True
BG,T,DRIV,297.0,,7327224.0,,2012,Bulgaria,40.5337683138935,36.05451221226603,45.415725462369416,True
BG,T,PAS,168.0,,7327224.0,,2012,Bulgaria,22.92819217755592,19.592134931916235,26.669454736243694,True
BG,T,PED,135.0,,7327224.0,,2012,Bulgaria,18.424440142678865,15.447692282570097,21.807554741685664,True
BG,T,UNK,1.0,,7327224.0,,2012,Bulgaria,0.1364773343902138,0.0034553069462991575,0.7604030381681927,True
BG,M,TOTAL,,,3566767.0,,2012,Bulgaria,,,,False
BG,M,DRIV,,,3566767.0,,2012,Bulgaria,,,,False
BG,M,PAS,,,3566767.0,,2012,Bulgaria,,,,False
BG,M,PED,,,3566767.0,,2012,Bulgaria,,,,False
BG,M,UNK,,,3566767.0,,2012,Bulgaria,,,,False
BG,F,TOTAL,,,3760457.0,,2012,Bulgaria,,,,False
BG,F,DRIV,,,3760457.0,,2012,Bulgaria,,,,False
BG,F,PAS,,,3760457.0,,2012,Bulgaria,,,,False
BG,F,PED,,,3760457.0,,2012,Bulgaria,,,,False
BG,F,UNK,,,3760457.0,,2012,Bulgaria,,,,False
BG,UNK,TOTAL,601.0,,,,2012,Bulgaria,,,,False
BG,UNK,DRIV,297.0,,,,2012,Bulgaria,,,,False
BG,UNK,PAS,168.0,,,,2012,Bulgaria,,,,False
BG,UNK,PED,135.0,,,,2012,Bulgaria,,,,False
BG,UNK,UNK,1.0,,,,2012,Bulgaria,,,,False
BG,T,TOTAL,601.0,,7202556.0,,2013,Bulgaria,83.442600099187,76.903941321477,90.38862021090516,True
BG,T,DRIV,329.0,,7202556.0,,2013,Bulgaria,45.67822867326544,40.87519677223673,50.89054494388104,True
BG,T,PAS,163.0,,7202556.0,,2013,Bulgaria,22.630854935386825,19.289963408689605,26.384121283684784,True
BG,T,PED,108.0,,7202556.0,,2013,Bulgaria,14.994676889704156,12.300424086780264,18.10367184792438,True
BG,T,UNK,1.0,,7202556.0,,2013,Bulgaria,0.13883960083059402,0.0035151143544444358,0.7735647443683739,True
BG,M,TOTAL,,,3500611.0,,2013,Bulgaria,,,,False
BG,M,DRIV,,,3500611.0,,2013,Bulgaria,,,,False
BG,M,PAS,,,3500611.0,,2013,Bulgaria,,,,False
BG,M,PED,,,3500611.0,,2013,Bulgaria,,,,False
BG,M,UNK,,,3500611.0,,2013,Bulgaria,,,,False
BG,F,TOTAL,,,3701945.0,,2013,Bulgaria,,,,False
BG,F,DRIV,,,3701945.0,,2013,Bulgaria,,,,False
BG,F,PAS,,,3701945.0,,2013,Bulgaria,,,,False
BG,F,PED,,,3701945.0,,2013,Bulgaria,,,,False
BG,F,UNK,,,3701945.0,,2013,Bulgaria,,,,False
BG,UNK,TOTAL,601.0,,,,2013,Bulgaria,,,,False
BG,UNK,DRIV,329.0,,,,2013,Bulgaria,,,,False
BG,UNK,PAS,163.0,,,,2013,Bulgaria,,,,False
BG,UNK,PED,108.0,,,,2013,Bulgaria,,,,False
BG,UNK,UNK,1.0,,,,2013,Bulgaria,,,,False
BG,T,TOTAL,661.0,,7117453.0,,2014,Bulgaria,92.87030065389965,85.924447777732,100.2281277854566,True
BG,T,DRIV,326.0,,7117453.0,,2014,Bulgaria,45.802901684071536,40.96527099688318,51.054744792956576,True
BG,T,PAS,178.0,,7117453.0,,2014,Bulgaria,25.00894631829673,21.46982397726066,28.964921026903838,True
BG,T,PED,156.0,,7117453.0,,2014,Bulgaria,21.917952953113986,18.613473572962146,25.639971214015098,True
BG,T,UNK,1.0,,7117453.0,,2014,Bulgaria,0.14049969841739735,0.0035571443863823054,0.7828142161162002,True
BG,M,TOTAL,,,3454629.0,,2014,Bulgaria,,,,False
BG,M,DRIV,,,3454629.0,,2014,Bulgaria,,,,False
BG,M,PAS,,,3454629.0,,2014,Bulgaria,,,,False
BG,M,PED,,,3454629.0,,2014,Bulgaria,,,,False
BG,M,UNK,,,3454629.0,,2014,Bulgaria,,,,False
BG,F,TOTAL,,,3662824.0,,2014,Bulgaria,,,,False
BG,F,DRIV,,,3662824.0,,2014,Bulgaria,,,,False
BG,F,PAS,,,3662824.0,,2014,Bulgaria,,,,False
BG,F,PED,,,3662824.0,,2014,Bulgaria,,,,False
BG,F,UNK,,,3662824.0,,2014,Bulgaria,,,,False
BG,UNK,TOTAL,661.0,,,,2014,Bulgaria,,,,False
BG,UNK,DRIV,326.0,,,,2014,Bulgaria,,,,False
BG,UNK,PAS,178.0,,,,2014,Bulgaria,,,,False
BG,UNK,PED,156.0,,,,2014,Bulgaria,,,,False
BG,UNK,UNK,1.0,,,,2014,Bulgaria,,,,False
BG,T,TOTAL,708.0,,7029690.0,,2015,Bulgaria,100.71567878526649,93.43260768269255,108.41568649322933,True
BG,T,DRIV,346.0,,7029690.0,,2015,Bulgaria,49.21980912387317,44.169623090902455,54.68915615201785,True
BG,T,PAS,197.0,,7029690.0,,2015,Bulgaria,28.023995368216806,24.247106270615223,32.22243624650826,True
BG,T,PED,164.0,,7029690.0,,2015,Bulgaria,23.329620509581503,19.895665744324482,27.18605822257681,True
BG,T,UNK,1.0,,7029690.0,,2015,Bulgaria,0.14225378359500918,0.0036015539780971705,0.792587353203185,True
BG,M,TOTAL,,,3407807.0,,2015,Bulgaria,,,,False
BG,M,DRIV,,,3407807.0,,2015,Bulgaria,,,,False
BG,M,PAS,,,3407807.0,,2015,Bulgaria,,,,False
BG,M,PED,,,3407807.0,,2015,Bulgaria,,,,False
BG,M,UNK,,,3407807.0,,2015,Bulgaria,,,,False
BG,F,TOTAL,,,3621883.0,,2015,Bulgaria,,,,False
BG,F,DRIV,,,3621883.0,,2015,Bulgaria,,,,False
BG,F,PAS,,,3621883.0,,2015,Bulgaria,,,,False
BG,F,PED,,,3621883.0,,2015,Bulgaria,,,,False
BG,F,UNK,,,3621883.0,,2015,Bulgaria,,,,False
BG,UNK,TOTAL,708.0,,,,2015,Bulgaria,,,,False
BG,UNK,DRIV,346.0,,,,2015,Bulgaria,,,,False
BG,UNK,PAS,197.0,,,,2015,Bulgaria,,,,False
BG,UNK,PED,164.0,,,,2015,Bulgaria,,,,False
BG,UNK,UNK,1.0,,,,2015,Bulgaria,,,,False
BG,T,TOTAL,708.0,,6938759.0,,2016,Bulgaria,102.03553690220399,94.65702266081686,109.83645161686539,True
BG,T,DRIV,395.0,,6938759.0,,2016,Bulgaria,56.926606040071434,51.45042716846316,62.826960068634406,True
BG,T,PAS,190.0,,6938759.0,,2016,Bulgaria,27.38241809522423,23.627138076652827,31.56495379982635,True
BG,T,PED,118.0,,6938759.0,,2016,Bulgaria,17.005922817033998,14.076251811064045,20.36553290348643,True
BG,T,UNK,5.0,,6938759.0,,2016,Bulgaria,0.7205899498743219,0.23397359529541537,1.681616565631213,True
BG,M,TOTAL,542.0,,3359761.0,,2016,Bulgaria,161.3209987258022,148.0238321052699,175.4920774746337,True
BG,M,DRIV,372.0,,3359761.0,,2016,Bulgaria,110.72216148708196,99.75515054782065,122.56564174425293,True
BG,M,PAS,98.0,,3359761.0,,2016,Bulgaria,29.16874146702697,23.68059426677899,35.547353009078705,True
BG,M,PED,67.0,,3359761.0,,2016,Bulgaria,19.941894676436807,15.454694463445625,25.325501316253256,True
BG,M,UNK,5.0,,3359761.0,,2016,Bulgaria,1.4882010952564781,0.483214844781644,3.472964916052859,True
BG,F,TOTAL,161.0,,3578998.0,,2016,Bulgaria,44.98465771704818,38.304326969010084,52.495001849564865,True
BG,F,DRIV,23.0,,3578998.0,,2016,Bulgaria,6.426379673864026,4.073773451967473,9.642724833831434,True
BG,F,PAS,92.0,,3578998.0,,2016,Bulgaria,25.705518695456103,20.722276113667125,31.52553675684538,True
BG,F,PED,46.0,,3578998.0,,2016,Bulgaria,12.852759347728052,9.409835213367506,17.143779826249137,True
BG,F,UNK,0.0,,3578998.0,,2016,Bulgaria,0.0,0.0,1.0307017366631486,True
BG,UNK,TOTAL,5.0,,,,2016,Bulgaria,,,,False
BG,UNK,DRIV,0.0,,,,2016,Bulgaria,,,,False
BG,UNK,PAS,0.0,,,,2016,Bulgaria,,,,False
BG,UNK,PED,5.0,,,,2016,Bulgaria,,,,False
BG,UNK,UNK,0.0,,,,2016,Bulgaria,,,,False
BG,T,TOTAL,682.0,,6849518.0,,2017,Bulgaria,99.56904996818754,92.23552988227313,107.33057429305912,True
BG,T,DRIV,341.0,,6849518.0,,2017,Bulgaria,49.78452498409377,44.64010484542469,55.3591871318638,True
BG,T,PAS,183.0,,6849518.0,,2017,Bulgaria,26.717208422548858,22.98637314112704,30.881058162756272,True
BG,T,PED,157.0,,6849518.0,,2017,Bulgaria,22.921320887104756,19.476136328454523,26.80034172627618,True
BG,T,UNK,1.0,,6849518.0,,2017,Bulgaria,0.14599567444015768,0.003696290452012813,0.8134358346001715,True
BG,M,TOTAL,496.0,,3311969.0,,2017,Bulgaria,149.75985584406135,136.86851031400792,163.53829284758928,True
BG,M,DRIV,312.0,,3311969.0,,2017,Bulgaria,94.20378028900633,84.03967463176895,105.25838982699037,True
BG,M,PAS,92.0,,3311969.0,,2017,Bulgaria,27.77803777752751,22.39301900659771,34.067297429920416,True
BG,M,PED,91.0,,3311969.0,,2017,Bulgaria,27.476102584293514,22.122043864791934,33.73456542514368,True
BG,M,UNK,1.0,,3311969.0,,2017,Bulgaria,0.30193519323399465,0.007644337245997743,1.6822752238740453,True
BG,F,TOTAL,186.0,,3537549.0,,2017,Bulgaria,52.57877700068607,45.29379986354136,60.702008894269696,True
BG,F,DRIV,29.0,,3537549.0,,2017,Bulgaria,8.19776630655858,5.490172754511087,11.773359871082096,True
BG,F,PAS,91.0,,3537549.0,,2017,Bulgaria,25.72402530678727,20.711380534045205,31.58340277874531,True
BG,F,PED,66.0,,3537549.0,,2017,Bulgaria,18.656985387340217,14.429311146966807,23.736259891384346,True
BG,F,UNK,0.0,,3537549.0,,2017,Bulgaria,0.0,0.0,1.0427783344100494,True
BG,UNK,TOTAL,0.0,,,,2017,Bulgaria,,,,False
BG,UNK,DRIV,0.0,,,,2017,Bulgaria,,,,False
BG,UNK,PAS,0.0,,,,2017,Bulgaria,,,,False
BG,UNK,PED,0.0,,,,2017,Bulgaria,,,,False
BG,UNK,UNK,0.0,,,,2017,Bulgaria,,,,False
BG,T,TOTAL,610.0,,6757418.0,,2018,Bulgaria,90.27116570263968,83.24872931920066,97.72775465917796,True
BG,T,DRIV,315.0,,6757418.0,,2018,Bulgaria,46.61543802677295,41.60919294554967,52.05810142444805,True
BG,T,PAS,172.0,,6757418.0,,2018,Bulgaria,25.453509017793483,21.791631977236857,29.55463180621792,True
BG,T,PED,123.0,,6757418.0,,2018,Bulgaria,18.202218658073246,15.127823303328777,21.717824739144323,True
BG,T,UNK,0.0,,6757418.0,,2018,Bulgaria,0.0,0.0,0.5459007351793149,True
BG,M,TOTAL,451.0,,3263234.0,,2018,Bulgaria,138.20645408818368,125.74391223660962,151.56998340506826,True
BG,M,DRIV,291.0,,3263234.0,,2018,Bulgaria,89.17533955579036,79.22279288300773,100.03228156233122,True
BG,M,PAS,87.0,,3263234.0,,2018,Bulgaria,26.66066852698887,21.354102566907464,32.885836131433976,True
BG,M,PED,73.0,,3263234.0,,2018,Bulgaria,22.370446005404453,17.5348586471271,28.12747727652431,True
BG,M,UNK,0.0,,3263234.0,,2018,Bulgaria,0.0,0.0,1.130436693817831,True
BG,F,TOTAL,158.0,,3494184.0,,2018,Bulgaria,45.21799653366852,38.44217100318909,52.84418591530154,True
BG,F,DRIV,24.0,,3494184.0,,2018,Bulgaria,6.868556435493952,4.400813710636435,10.219867526653779,True
BG,F,PAS,85.0,,3494184.0,,2018,Bulgaria,24.32613737570775,19.43085452992587,30.079645582172823,True
BG,F,PED,49.0,,3494184.0,,2018,Bulgaria,14.02330272246682,10.374516553458301,18.539549890022474,True
BG,F,UNK,0.0,,3494184.0,,2018,Bulgaria,0.0,0.0,1.055719863096487,True
BG,UNK,TOTAL,1.0,,,,2018,Bulgaria,,,,False
BG,UNK,DRIV,0.0,,,,2018,Bulgaria,,,,False
BG,UNK,PAS,0.0,,,,2018,Bulgaria,,,,False
BG,UNK,PED,1.0,,,,2018,Bulgaria,,,,False
BG,UNK,UNK,0.0,,,,2018,Bulgaria,,,,False
BG,T,TOTAL,628.0,,6664177.0,,2019,Bulgaria,94.23519213250188,87.00809531349496,101.9024309956201,True
BG,T,DRIV,332.0,,6664177.0,,2019,Bulgaria,49.81860475794686,44.60327751417463,55.476245138462694,True
BG,T,PAS,142.0,,6664177.0,,2019,Bulgaria,21.30795745671221,17.94751490946414,25.114890545224657,True
BG,T,PED,154.0,,6664177.0,,2019,Bulgaria,23.10862991784282,19.603026046338158,27.060246596747707,True
BG,T,UNK,0.0,,6664177.0,,2019,Bulgaria,0.0,0.0,0.5535386371211232,True
BG,M,TOTAL,466.0,,3213926.0,,2019,Bulgaria,144.99400421789426,132.12661453522315,158.77597459707903,True
BG,M,DRIV,301.0,,3213926.0,,2019,Bulgaria,93.65492547121495,83.37240101374304,104.85542637899859,True
BG,M,PAS,69.0,,3213926.0,,2019,Bulgaria,21.469069294065886,16.704217382990407,27.170481241648154,True
BG,M,PED,96.0,,3213926.0,,2019,Bulgaria,29.87000945261341,24.194803556458503,36.476393980237404,True
BG,M,UNK,0.0,,3213926.0,,2019,Bulgaria,0.0,0.0,1.1477798350409858,True
BG,F,TOTAL,162.0,,3450251.0,,2019,Bulgaria,46.95310573056859,40.001135179780604,54.76599435124503,True
BG,F,DRIV,31.0,,3450251.0,,2019,Bulgaria,8.984853565726088,6.104772081550546,12.753282443291445,True
BG,F,PAS,73.0,,3450251.0,,2019,Bulgaria,21.15788097735498,16.58440122834517,26.602858801571692,True
BG,F,PED,58.0,,3450251.0,,2019,Bulgaria,16.81037118748752,12.764819626238717,21.73130295294301,True
BG,F,UNK,0.0,,3450251.0,,2019,Bulgaria,0.0,0.0,1.0691626360267517,True
BG,UNK,TOTAL,0.0,,,,2019,Bulgaria,,,,False
BG,UNK,DRIV,0.0,,,,2019,Bulgaria,,,,False
BG,UNK,PAS,0.0,,,,2019,Bulgaria,,,,False
BG,UNK,PED,0.0,,,,2019,Bulgaria,,,,False
BG,UNK,UNK,0.0,,,,2019,Bulgaria,,,,False
BG,T,TOTAL,463.0,,6569275.0,,2020,Bulgaria,70.47961913605383,64.20519719412333,77.20150894460532,True
BG,T,DRIV,250.0,,6569275.0,,2020,Bulgaria,38.05594985748047,33.48436404792573,43.077463653495414,True
BG,T,PAS,116.0,,6569275.0,,2020,Bulgaria,17.657960733870937,14.591114620930538,21.17904190010267,True
BG,T,PED,94.0,,6569275.0,,2020,Bulgaria,14.309037146412656,11.563158552365401,17.51063758616168,True
BG,T,UNK,3.0,,6569275.0,,2020,Bulgaria,0.4566713982897656,0.09417662114854401,1.3345876173158109,True
BG,M,TOTAL,358.0,,3163414.0,,2020,Bulgaria,113.16887388119291,101.74823371467438,125.52069022987813,True
BG,M,DRIV,227.0,,3163414.0,,2020,Bulgaria,71.75791723751618,62.72603615469192,81.72508641744957,True
BG,M,PAS,65.0,,3163414.0,,2020,Bulgaria,20.54742123541212,15.858065915253034,26.189375091553487,True
BG,M,PED,63.0,,3163414.0,,2020,Bulgaria,19.915192889707132,15.303381029320617,25.480182893194026,True
BG,M,UNK,3.0,,3163414.0,,2020,Bulgaria,0.9483425185574825,0.19557102639603968,2.7714592746135422,True
BG,F,TOTAL,105.0,,3405861.0,,2020,Bulgaria,30.829208825609737,25.215238472820282,37.3206369457931,True
BG,F,DRIV,23.0,,3405861.0,,2020,Bulgaria,6.753064790371656,4.280863792457967,10.132912909491326,True
BG,F,PAS,51.0,,3405861.0,,2020,Bulgaria,14.974187143867585,11.149265879697019,19.688290677923668,True
BG,F,PED,31.0,,3405861.0,,2020,Bulgaria,9.101956891370493,6.18433810984707,12.919501266566296,True
BG,F,UNK,0.0,,3405861.0,,2020,Bulgaria,0.0,0.0,1.0830974764131407,True
BG,UNK,TOTAL,0.0,,,,2020,Bulgaria,,,,False
BG,UNK,DRIV,0.0,,,,2020,Bulgaria,,,,False
BG,UNK,PAS,0.0,,,,2020,Bulgaria,,,,False
BG,UNK,PED,0.0,,,,2020,Bulgaria,,,,False
BG,UNK,UNK,0.0,,,,2020,Bulgaria,,,,False
BG,T,TOTAL,561.0,,6532117.0,,2021,Bulgaria,85.88333613742681,78.92260389239057,93.29345195418291,True
BG,T,DRIV,295.0,,6532117.0,,2021,Bulgaria,45.16146909187328,40.15443080483042,50.62025522538313,True
BG,T,PAS,170.0,,6532117.0,,2021,Bulgaria,26.025253374977822,22.260030088232483,30.244938031081325,True
BG,T,PED,94.0,,6532117.0,,2021,Bulgaria,14.390434219105384,11.628935672629595,17.610246988661142,True
BG,T,UNK,2.0,,6532117.0,,2021,Bulgaria,0.3061794514703273,0.03707975202280747,1.1060254535740803,True
BG,M,TOTAL,417.0,,3142310.0,,2021,Bulgaria,132.70492090213887,120.27196849092554,146.07411150349427,True
BG,M,DRIV,277.0,,3142310.0,,2021,Bulgaria,88.15171004770376,78.07534254141316,99.16772429853643,True
BG,M,PAS,84.0,,3142310.0,,2021,Bulgaria,26.73192651266107,21.322431504143765,33.09594399339585,True
BG,M,PED,54.0,,3142310.0,,2021,Bulgaria,17.184809900996402,12.909758099151501,22.42244921529407,True
BG,M,UNK,2.0,,3142310.0,,2021,Bulgaria,0.6364744407776445,0.07708000755621344,2.299164521553876,True
BG,F,TOTAL,144.0,,3389807.0,,2021,Bulgaria,42.48029460084306,35.82546770298883,50.01273315782907,True
BG,F,DRIV,18.0,,3389807.0,,2021,Bulgaria,5.310036825105382,3.147064355109163,8.392147478463517,True
BG,F,PAS,86.0,,3389807.0,,2021,Bulgaria,25.37017594217016,20.292866008055913,31.33196089982326,True
BG,F,PED,40.0,,3389807.0,,2021,Bulgaria,11.800081833567516,8.430151463428142,16.06836228846777,True
BG,F,UNK,0.0,,3389807.0,,2021,Bulgaria,0.0,0.0,1.0882269858177576,True
BG,UNK,TOTAL,0.0,,,,2021,Bulgaria,,,,False
BG,UNK,DRIV,0.0,,,,2021,Bulgaria,,,,False
BG,UNK,PAS,0.0,,,,2021,Bulgaria,,,,False
BG,UNK,PED,0.0,,,,2021,Bulgaria,,,,False
BG,UNK,UNK,0.0,,,,2021,Bulgaria,,,,False
BG,T,TOTAL,531.0,,6482484.0,,2022,Bulgaria,81.91304444407422,75.09315521958807,89.18593348388717,True
BG,T,DRIV,291.0,,6482484.0,,2022,Bulgaria,44.890199497599994,39.8801618809686,50.35550296642034,True
BG,T,PAS,146.0,,6482484.0,,2022,Bulgaria,22.52223067577182,19.01717960443345,26.486116305157985,True
BG,T,PED,94.0,,6482484.0,,2022,Bulgaria,14.500614270702403,11.717972369710472,17.74507946781392,True
BG,T,UNK,0.0,,6482484.0,,2022,Bulgaria,0.0,0.0,0.5690533835662279,True
BG,M,TOTAL,392.0,,3118181.0,,2022,Bulgaria,125.7143187005501,113.5759447316285,138.79665154739266,True
BG,M,DRIV,270.0,,3118181.0,,2022,Bulgaria,86.5889440029299,76.56767304008845,97.55737155198955,True
BG,M,PAS,68.0,,3118181.0,,2022,Bulgaria,21.8075858970342,16.934443751861252,27.646311473269048,True
BG,M,PED,54.0,,3118181.0,,2022,Bulgaria,17.317788800585983,13.009655941250605,22.595957833657092,True
BG,M,UNK,0.0,,3118181.0,,2022,Bulgaria,0.0,0.0,1.1830228758734453,True
BG,F,TOTAL,138.0,,3364303.0,,2022,Bulgaria,41.018897524985114,34.46090072091278,48.461667038823535,True
BG,F,DRIV,21.0,,3364303.0,,2022,Bulgaria,6.242006145106431,3.8639001849940944,9.541569452853505,True
BG,F,PAS,78.0,,3364303.0,,2022,Bulgaria,23.184594253252456,18.326459657474473,28.935422894688674,True
BG,F,PED,39.0,,3364303.0,,2022,Bulgaria,11.592297126626228,8.243256475245088,15.84705178630844,True
BG,F,UNK,0.0,,3364303.0,,2022,Bulgaria,0.0,0.0,1.096476581958859,True
BG,UNK,TOTAL,1.0,,,,2022,Bulgaria,,,,False
BG,UNK,DRIV,0.0,,,,2022,Bulgaria,,,,False
BG,UNK,PAS,0.0,,,,2022,Bulgaria,,,,False
BG,UNK,PED,1.0,,,,2022,Bulgaria,,,,False
BG,UNK,UNK,0.0,,,,2022,Bulgaria,,,,False
BG,T,TOTAL,525.0,,6447710.0,,2023,Bulgaria,81.42425760463793,74.60728052454134,88.69671472743325,True
BG,T,DRIV,282.0,,6447710.0,,2023,Bulgaria,43.73645837049123,38.78024163943494,49.15053481471365,True
BG,T,PAS,146.0,,6447710.0,,2023,Bulgaria,22.643698305289785,19.119743678122337,26.628962092018057,True
BG,T,PED,97.0,,6447710.0,,2023,Bulgaria,15.044100928856912,12.199752404222945,18.35252732092694,True
BG,T,UNK,0.0,,6447710.0,,2023,Bulgaria,0.0,0.0,0.572122420846151,True
BG,M,TOTAL,413.0,,3099503.0,,2023,Bulgaria,133.2471689816077,120.7046002541195,146.7389799040195,True
BG,M,DRIV,260.0,,3099503.0,,2023,Bulgaria,83.8844163080339,73.99704965896186,94.72500684543063,True
BG,M,PAS,89.0,,3099503.0,,2023,Bulgaria,28.714280966980834,23.059925459775567,35.33539357560113,True
BG,M,PED,64.0,,3099503.0,,2023,Bulgaria,20.64847170659296,15.901839277534318,26.367637395054945,True
BG,M,UNK,0.0,,3099503.0,,2023,Bulgaria,0.0,0.0,1.19015192245787,True
BG,F,TOTAL,112.0,,3348207.0,,2023,Bulgaria,33.45073945547572,27.54323538913765,40.24993176710263,True
BG,F,DRIV,22.0,,3348207.0,,2023,Bulgaria,6.570680964468445,4.117810778195497,9.948089943998456,True
BG,F,PAS,57.0,,3348207.0,,2023,Bulgaria,17.02403704430461,12.89383940805474,22.056614600878262,True
BG,F,PED,33.0,,3348207.0,,2023,Bulgaria,9.856021446702668,6.784431659311936,13.841518540869574,True
BG,F,UNK,0.0,,3348207.0,,2023,Bulgaria,0.0,0.0,1.1017477276984176,True
BG,UNK,TOTAL,0.0,,,,2023,Bulgaria,,,,False
BG,UNK,DRIV,0.0,,,,2023,Bulgaria,,,,False
BG,UNK,PAS,0.0,,,,2023,Bulgaria,,,,False
BG,UNK,PED,0.0,,,,2023,Bulgaria,,,,False
BG,UNK,UNK,0.0,,,,2023,Bulgaria,,,,False
BG,T,TOTAL,478.0,,6445481.0,,2024,Bulgaria,74.16048546260551,67.66039121972639,81.11653158058837,True
BG,T,DRIV,273.0,,6445481.0,,2024,Bulgaria,42.355256341613604,37.47949662350493,47.689179414993234,True
BG,T,PAS,94.0,,6445481.0,,2024,Bulgaria,14.583861157918237,11.785244328404694,17.846952574808963,True
BG,T,PED,111.0,,6445481.0,,2024,Bulgaria,17.221367963073664,14.167030803469975,20.738969270174824,True
BG,T,UNK,0.0,,6445481.0,,2024,Bulgaria,0.0,0.0,0.5723202743307964,True
BG,M,TOTAL,366.0,,3097698.0,,2024,Bulgaria,118.15225370581638,106.35627859627539,130.89897858739704,True
BG,M,DRIV,252.0,,3097698.0,,2024,Bulgaria,81.35073205974243,71.61583943419768,92.03970704891977,True
BG,M,PAS,41.0,,3097698.0,,2024,Bulgaria,13.235634977973966,9.498120174547447,17.955633365723486,True
BG,M,PED,73.0,,3097698.0,,2024,Bulgaria,23.56588666809999,18.471893297054507,29.630564433002036,True
BG,M,UNK,0.0,,3097698.0,,2024,Bulgaria,0.0,0.0,1.1908454129853638,True
BG,F,TOTAL,112.0,,3347783.0,,2024,Bulgaria,33.454976024431694,27.54672376691034,40.25502946043259,True
BG,F,DRIV,21.0,,3347783.0,,2024,Bulgaria,6.272808004580942,3.882967021481436,9.588653367002403,True
BG,F,PAS,53.0,,3347783.0,,2024,Bulgaria,15.831372582989996,11.8587844350597,20.707825127615575,True
BG,F,PED,38.0,,3347783.0,,2024,Bulgaria,11.350795436860752,8.03249841617457,15.579853568543603,True
BG,F,UNK,0.0,,3347783.0,,2024,Bulgaria,0.0,0.0,1.1018872651285747,True
BG,UNK,TOTAL,0.0,,,,2024,Bulgaria,,,,False
BG,UNK,DRIV,0.0,,,,2024,Bulgaria,,,,False
BG,UNK,PAS,0.0,,,,2024,Bulgaria,,,,False
BG,UNK,PED,0.0,,,,2024,Bulgaria,,,,False
BG,UNK,UNK,0.0,,,,2024,Bulgaria,,,,False
CY,T,TOTAL,60.0,,819140.0,,2010,Cyprus,73.24755231096027,55.89559898186789,94.28411920629357,True
CY,T,DRIV,38.0,,819140.0,,2010,Cyprus,46.39011646360817,32.82840740922938,63.674059280781805,True
CY,T,PAS,9.0,,819140.0,,2010,Cyprus,10.987132846644041,5.024016770488968,20.857000575505,True
CY,T,PED,13.0,,819140.0,,2010,Cyprus,15.87030300070806,8.450267952979711,27.138701465144997,True
CY,T,UNK,0.0,,819140.0,,2010,Cyprus,0.0,0.0,4.503356513067285,True
CY,M,TOTAL,50.0,,399605.0,,2010,Cyprus,125.12355951502109,92.86911759728198,164.9598144776387,True
CY,M,DRIV,38.0,,399605.0,,2010,Cyprus,95.09390523141602,67.29410704369603,130.52381456503198,True
CY,M,PAS,5.0,,399605.0,,2010,Cyprus,12.512355951502109,4.06272791911618,29.199664867363197,True
CY,M,PED,7.0,,399605.0,,2010,Cyprus,17.517298332102953,7.042862455474449,36.09232957971591,True
CY,M,UNK,0.0,,399605.0,,2010,Cyprus,0.0,0.0,9.23131455841127,True
CY,F,TOTAL,10.0,,419535.0,,2010,Cyprus,23.835913570977393,11.430247050025466,43.835093715703756,True
CY,F,DRIV,0.0,,419535.0,,2010,Cyprus,0.0,0.0,8.792781184201402,True
CY,F,PAS,4.0,,419535.0,,2010,Cyprus,9.534365428390956,2.5977936849758065,24.411762249642326,True
CY,F,PED,6.0,,419535.0,,2010,Cyprus,14.301548142586435,5.248416111863971,31.128449408317984,True
CY,F,UNK,0.0,,419535.0,,2010,Cyprus,0.0,0.0,8.792781184201402,True
CY,UNK,TOTAL,0.0,,,,2010,Cyprus,,,,False
CY,UNK,DRIV,0.0,,,,2010,Cyprus,,,,False
CY,UNK,PAS,0.0,,,,2010,Cyprus,,,,False
CY,UNK,PED,0.0,,,,2010,Cyprus,,,,False
CY,UNK,UNK,0.0,,,,2010,Cyprus,,,,False
CY,T,TOTAL,71.0,,839751.0,,2011,Cyprus,84.54887222521914,66.03337067118589,106.64689783888393,True
CY,T,DRIV,50.0,,839751.0,,2011,Cyprus,59.54145931353461,44.19281874920288,78.49799126685984,True
CY,T,PAS,8.0,,839751.0,,2011,Cyprus,9.526633490165537,4.112924160552952,18.77126579211375,True
CY,T,PED,13.0,,839751.0,,2011,Cyprus,15.480779421518998,8.242863052266447,26.472604281696448,True
CY,T,UNK,0.0,,839751.0,,2011,Cyprus,0.0,0.0,4.392825318593173,True
CY,M,TOTAL,58.0,,408758.0,,2011,Cyprus,141.89324734928735,107.74549166071309,183.42992612913895,True
CY,M,DRIV,45.0,,408758.0,,2011,Cyprus,110.08958846065399,80.30010125363776,147.3085309570915,True
CY,M,PAS,7.0,,408758.0,,2011,Cyprus,17.12504709387951,6.885157113793166,35.28414211269841,True
CY,M,PED,6.0,,408758.0,,2011,Cyprus,14.678611794753865,5.386791826681927,31.949158236704076,True
CY,M,UNK,0.0,,408758.0,,2011,Cyprus,0.0,0.0,9.024604910763669,True
CY,F,TOTAL,13.0,,430993.0,,2011,Cyprus,30.162902877772957,16.060475439285096,51.57948253952819,True
CY,F,DRIV,5.0,,430993.0,,2011,Cyprus,11.601116491451137,3.766850946809858,27.073135942631712,True
CY,F,PAS,1.0,,430993.0,,2011,Cyprus,2.3202232982902276,0.058742967946787766,12.927456805421196,True
CY,F,PED,7.0,,430993.0,,2011,Cyprus,16.241563088031594,6.5299507219835755,33.463827397898285,True
CY,F,UNK,0.0,,430993.0,,2011,Cyprus,0.0,0.0,8.55902405401929,True
CY,UNK,TOTAL,0.0,,,,2011,Cyprus,,,,False
CY,UNK,DRIV,0.0,,,,2011,Cyprus,,,,False
CY,UNK,PAS,0.0,,,,2011,Cyprus,,,,False
CY,UNK,PED,0.0,,,,2011,Cyprus,,,,False
CY,UNK,UNK,0.0,,,,2011,Cyprus,,,,False
CY,T,TOTAL,51.0,,862011.0,,2012,Cyprus,59.16397818589322,44.05146783311439,77.78970497662301,True
CY,T,DRIV,37.0,,862011.0,,2012,Cyprus,42.92288613486371,30.221673003135727,59.163544481370685,True
CY,T,PAS,4.0,,862011.0,,2012,Cyprus,4.640312014579861,1.2643288468782012,11.8810417447152,True
CY,T,PED,10.0,,862011.0,,2012,Cyprus,11.60078003644965,5.5630249453109455,21.334247523544104,True
CY,T,UNK,0.0,,862011.0,,2012,Cyprus,0.0,0.0,4.279387912815423,True
CY,M,TOTAL,37.0,,418993.0,,2012,Cyprus,88.30696455549376,62.17625250805152,121.71951832591672,True
CY,M,DRIV,31.0,,418993.0,,2012,Cyprus,73.98691624919748,50.27051998277263,105.01852179690054,True
CY,M,PAS,1.0,,418993.0,,2012,Cyprus,2.3866747177160477,0.06042537222409419,13.297700417283577,True
CY,M,PED,5.0,,418993.0,,2012,Cyprus,11.933373588580238,3.874733921851728,27.848513171634536,True
CY,M,UNK,0.0,,418993.0,,2012,Cyprus,0.0,0.0,8.804155329835906,True
CY,F,TOTAL,14.0,,443018.0,,2012,Cyprus,31.60142477280833,17.27679298877382,53.02182105881832,True
CY,F,DRIV,6.0,,443018.0,,2012,Cyprus,13.543467759774998,4.970213972097864,29.478427563933487,True
CY,F,PAS,3.0,,443018.0,,2012,Cyprus,6.771733879887499,1.3964943250513555,19.789880026866456,True
CY,F,PED,5.0,,443018.0,,2012,Cyprus,11.286223133145832,3.664605930500388,26.338279887775823,True
CY,F,UNK,0.0,,443018.0,,2012,Cyprus,0.0,0.0,8.326703326081413,True
CY,UNK,TOTAL,0.0,,,,2012,Cyprus,,,,False
CY,UNK,DRIV,0.0,,,,2012,Cyprus,,,,False
CY,UNK,PAS,0.0,,,,2012,Cyprus,,,,False
CY,UNK,PED,0.0,,,,2012,Cyprus,,,,False
CY,UNK,UNK,0.0,,,,2012,Cyprus,,,,False
CY,T,TOTAL,44.0,,862854.0,,2013,Cyprus,50.99356322158789,37.05200110116466,68.45647847759614,True
CY,T,DRIV,29.0,,862854.0,,2013,Cyprus,33.60939394150111,22.508738601835237,48.268696023413696,True
CY,T,PAS,7.0,,862854.0,,2013,Cyprus,8.112612330707165,3.261690913549531,16.715081997304733,True
CY,T,PED,8.0,,862854.0,,2013,Cyprus,9.271556949379617,4.002800215040438,18.268663319858646,True
CY,T,UNK,0.0,,862854.0,,2013,Cyprus,0.0,0.0,4.275206992276718,True
CY,M,TOTAL,35.0,,419796.0,,2013,Cyprus,83.37382919322718,58.07292685618673,115.9528136739823,True
CY,M,DRIV,26.0,,419796.0,,2013,Cyprus,61.934844543540194,40.457896729831496,90.74889728135808,True
CY,M,PAS,5.0,,419796.0,,2013,Cyprus,11.910547027603883,3.867322199636064,27.795243592894334,True
CY,M,PED,4.0,,419796.0,,2013,Cyprus,9.528437622083107,2.5961785572666845,24.396584711154212,True
CY,M,UNK,0.0,,419796.0,,2013,Cyprus,0.0,0.0,8.787314443477154,True
CY,F,TOTAL,9.0,,443058.0,,2013,Cyprus,20.31336755007245,9.288565148080687,38.56109911438043,True
CY,F,DRIV,3.0,,443058.0,,2013,Cyprus,6.771122516690817,1.3963682472624384,19.788093364169757,True
CY,F,PAS,2.0,,443058.0,,2013,Cyprus,4.514081677793878,0.5466762332334933,16.306415114328058,True
CY,F,PED,4.0,,443058.0,,2013,Cyprus,9.028163355587756,2.4598706571742865,23.115683895570545,True
CY,F,UNK,0.0,,443058.0,,2013,Cyprus,0.0,0.0,8.325951577703,True
CY,UNK,TOTAL,0.0,,,,2013,Cyprus,,,,False
CY,UNK,DRIV,0.0,,,,2013,Cyprus,,,,False
CY,UNK,PAS,0.0,,,,2013,Cyprus,,,,False
CY,UNK,PED,0.0,,,,2013,Cyprus,,,,False
CY,UNK,UNK,0.0,,,,2013,Cyprus,,,,False
CY,T,TOTAL,45.0,,860032.0,,2014,Cyprus,52.32363446941509,38.16521802471823,70.01313962382656,True
CY,T,DRIV,27.0,,860032.0,,2014,Cyprus,31.394180681649054,20.68896288947943,45.676884633551,True
CY,T,PAS,7.0,,860032.0,,2014,Cyprus,8.13923202857568,3.2723934127100702,16.76992874881676,True
CY,T,PED,10.0,,860032.0,,2014,Cyprus,11.627474326536687,5.575825895004411,21.383339273443053,True
CY,T,UNK,1.0,,860032.0,,2014,Cyprus,1.1627474326536686,0.029438216234151635,6.478414048475984,True
CY,M,TOTAL,32.0,,418495.0,,2014,Cyprus,76.46447388857692,52.30164353525028,107.94502223305051,True
CY,M,DRIV,24.0,,418495.0,,2014,Cyprus,57.348355416432696,36.74417341828806,85.32980703175238,True
CY,M,PAS,4.0,,418495.0,,2014,Cyprus,9.558059236072115,2.604249450116071,24.472427807748463,True
CY,M,PED,3.0,,418495.0,,2014,Cyprus,7.168544427054087,1.4783261995856616,20.949528834854238,True
CY,M,UNK,1.0,,418495.0,,2014,Cyprus,2.3895148090180287,0.060497277110335604,13.313524393215923,True
CY,F,TOTAL,13.0,,441537.0,,2014,Cyprus,29.44260616890544,15.676947777884529,50.34775323055344,True
CY,F,DRIV,3.0,,441537.0,,2014,Cyprus,6.794447577439716,1.4011784355458352,19.856259089821066,True
CY,F,PAS,3.0,,441537.0,,2014,Cyprus,6.794447577439716,1.4011784355458352,19.856259089821066,True
CY,F,PED,7.0,,441537.0,,2014,Cyprus,15.853711014026004,6.374014072478336,32.66470389050607,True
CY,F,UNK,0.0,,441537.0,,2014,Cyprus,0.0,0.0,8.35463269015719,True
CY,UNK,TOTAL,0.0,,,,2014,Cyprus,,,,False
CY,UNK,DRIV,0.0,,,,2014,Cyprus,,,,False
CY,UNK,PAS,0.0,,,,2014,Cyprus,,,,False
CY,UNK,PED,0.0,,,,2014,Cyprus,,,,False
CY,UNK,UNK,0.0,,,,2014,Cyprus,,,,False
CY,T,TOTAL,57.0,,860846.0,,2015,Cyprus,66.21393373495376,50.14978679453089,85.7878312763988,True
CY,T,DRIV,33.0,,860846.0,,2015,Cyprus,38.334382688657435,26.387625164930594,53.83572586637946,True
CY,T,PAS,8.0,,860846.0,,2015,Cyprus,9.293183682098773,4.0121371032083575,18.311276604866972,True
CY,T,PED,16.0,,860846.0,,2015,Cyprus,18.586367364197546,10.623714873091737,30.183096160708114,True
CY,T,UNK,0.0,,860846.0,,2015,Cyprus,0.0,0.0,4.285179293525132,True
CY,M,TOTAL,36.0,,419287.0,,2015,Cyprus,85.86004335932189,60.135318808632825,118.86649118440636,True
CY,M,DRIV,26.0,,419287.0,,2015,Cyprus,62.01003131506582,40.50701122523795,90.85906332208009,True
CY,M,PAS,3.0,,419287.0,,2015,Cyprus,7.155003613276825,1.4755337582505574,20.909956830863642,True
CY,M,PED,7.0,,419287.0,,2015,Cyprus,16.695008430979257,6.712259267565813,34.39809810869971,True
CY,M,UNK,0.0,,419287.0,,2015,Cyprus,0.0,0.0,8.797981941042616,True
CY,F,TOTAL,21.0,,441559.0,,2015,Cyprus,47.558763381563956,29.439624113824397,72.69862178087958,True
CY,F,DRIV,7.0,,441559.0,,2015,Cyprus,15.852921127187987,6.373696497002364,32.66307642172932,True
CY,F,PAS,5.0,,441559.0,,2015,Cyprus,11.323515090848561,3.676714527658639,26.425306877048524,True
CY,F,PED,9.0,,441559.0,,2015,Cyprus,20.38232716352741,9.32009787452715,38.69200594126531,True
CY,F,UNK,0.0,,441559.0,,2015,Cyprus,0.0,0.0,8.35421643339607,True
CY,UNK,TOTAL,0.0,,,,2015,Cyprus,,,,False
CY,UNK,DRIV,0.0,,,,2015,Cyprus,,,,False
CY,UNK,PAS,0.0,,,,2015,Cyprus,,,,False
CY,UNK,PED,0.0,,,,2015,Cyprus,,,,False
CY,UNK,UNK,0.0,,,,2015,Cyprus,,,,False
CY,T,TOTAL,46.0,,863764.0,,2016,Cyprus,53.25528732385235,38.98956359488457,71.03509026839045,True
CY,T,DRIV,26.0,,863764.0,,2016,Cyprus,30.10081457435133,19.662851445066412,44.10466757485262,True
CY,T,PAS,6.0,,863764.0,,2016,Cyprus,6.946341824850307,2.5491850244868406,15.11926176886127,True
CY,T,PED,14.0,,863764.0,,2016,Cyprus,16.208130924650714,8.861136000459153,27.19448960808227,True
CY,T,UNK,0.0,,863764.0,,2016,Cyprus,0.0,0.0,4.270702939823766,True
CY,M,TOTAL,36.0,,421141.0,,2016,Cyprus,85.48205945277235,59.870583527405856,118.34320213238841,True
CY,M,DRIV,24.0,,421141.0,,2016,Cyprus,56.988039635181565,36.513312298461706,84.79368571037541,True
CY,M,PAS,3.0,,421141.0,,2016,Cyprus,7.123504954397696,1.469037977531519,20.817904382955646,True
CY,M,PED,9.0,,421141.0,,2016,Cyprus,21.370514863193087,9.771960216123183,40.567894010365094,True
CY,M,UNK,0.0,,421141.0,,2016,Cyprus,0.0,0.0,8.759250355852162,True
CY,F,TOTAL,10.0,,442623.0,,2016,Cyprus,22.592590082304806,10.83402510970382,41.54857755249451,True
CY,F,DRIV,2.0,,442623.0,,2016,Cyprus,4.518518016460961,0.5472134944274587,16.322440694957017,True
CY,F,PAS,3.0,,442623.0,,2016,Cyprus,6.777777024691441,1.3977405667929625,19.807540660431844,True
CY,F,PED,5.0,,442623.0,,2016,Cyprus,11.296295041152403,3.667876251614627,26.361784361234434,True
CY,F,UNK,0.0,,442623.0,,2016,Cyprus,0.0,0.0,8.334134136983247,True
CY,UNK,TOTAL,0.0,,,,2016,Cyprus,,,,False
CY,UNK,DRIV,0.0,,,,2016,Cyprus,,,,False
CY,UNK,PAS,0.0,,,,2016,Cyprus,,,,False
CY,UNK,PED,0.0,,,,2016,Cyprus,,,,False
CY,UNK,UNK,0.0,,,,2016,Cyprus,,,,False
CY,T,TOTAL,53.0,,869878.0,,2017,Cyprus,60.92808416812473,45.639316010242204,79.69543422089563,True
CY,T,DRIV,32.0,,869878.0,,2017,Cyprus,36.786767799622474,25.162121942714453,51.93193997252542,True
CY,T,PAS,6.0,,869878.0,,2017,Cyprus,6.897518962429214,2.5312678944528444,15.012994951612393,True
CY,T,PED,15.0,,869878.0,,2017,Cyprus,17.243797406073035,9.651222507964695,28.441021466787117,True
CY,T,UNK,0.0,,869878.0,,2017,Cyprus,0.0,0.0,4.240685997477733,True
CY,M,TOTAL,45.0,,423998.0,,2017,Cyprus,106.13257609705707,77.41382928276659,142.01373708592683,True
CY,M,DRIV,28.0,,423998.0,,2017,Cyprus,66.03804734927995,43.88180287609266,95.44336516509087,True
CY,M,PAS,4.0,,423998.0,,2017,Cyprus,9.43400676418285,2.5704493267098547,24.15480420993423,True
CY,M,PED,13.0,,423998.0,,2017,Cyprus,30.66052198359426,16.325436655370545,52.430426365593405,True
CY,M,UNK,0.0,,423998.0,,2017,Cyprus,0.0,0.0,8.700228430591501,True
CY,F,TOTAL,8.0,,445880.0,,2017,Cyprus,17.9420471875841,7.7461024866522425,35.35298560194069,True
CY,F,DRIV,4.0,,445880.0,,2017,Cyprus,8.97102359379205,2.444301995214688,22.969383411240006,True
CY,F,PAS,2.0,,445880.0,,2017,Cyprus,4.485511796896025,0.5432162881133155,16.20321088123253,True
CY,F,PED,2.0,,445880.0,,2017,Cyprus,4.485511796896025,0.5432162881133155,16.20321088123253,True
CY,F,UNK,0.0,,445880.0,,2017,Cyprus,0.0,0.0,8.273256154377716,True
CY,UNK,TOTAL,0.0,,,,2017,Cyprus,,,,False
CY,UNK,DRIV,0.0,,,,2017,Cyprus,,,,False
CY,UNK,PAS,0.0,,,,2017,Cyprus,,,,False
CY,UNK,PED,0.0,,,,2017,Cyprus,,,,False
CY,UNK,UNK,0.0,,,,2017,Cyprus,,,,False
CY,T,TOTAL,49.0,,878601.0,,2018,Cyprus,55.77048057081656,41.25930854714386,73.73153296310645,True
CY,T,DRIV,33.0,,878601.0,,2018,Cyprus,37.55971140483564,25.854377098056844,52.747799364181574,True
CY,T,PAS,8.0,,878601.0,,2018,Cyprus,9.105384582990458,3.9310587818002736,17.941237513038697,True
CY,T,PED,8.0,,878601.0,,2018,Cyprus,9.105384582990458,3.9310587818002736,17.941237513038697,True
CY,T,UNK,0.0,,878601.0,,2018,Cyprus,0.0,0.0,4.198583263749911,True
CY,M,TOTAL,39.0,,428178.0,,2018,Cyprus,91.08361475834816,64.76935407572662,124.51429981417272,True
CY,M,DRIV,32.0,,428178.0,,2018,Cyprus,74.73527364787542,51.11887185068959,105.5039074390101,True
CY,M,PAS,3.0,,428178.0,,2018,Cyprus,7.00643190448832,1.444894700091087,20.47576725040129,True
CY,M,PED,4.0,,428178.0,,2018,Cyprus,9.341909205984427,2.545355841790856,23.918997882664904,True
CY,M,UNK,0.0,,428178.0,,2018,Cyprus,0.0,0.0,8.615294233038446,True
CY,F,TOTAL,10.0,,450423.0,,2018,Cyprus,22.2013529504488,10.646411697742863,40.82907853732553,True
CY,F,DRIV,1.0,,450423.0,,2018,Cyprus,2.22013529504488,0.05620895909909107,12.369802143626986,True
CY,F,PAS,5.0,,450423.0,,2018,Cyprus,11.1006764752244,3.604359435726908,25.905275883608674,True
CY,F,PED,4.0,,450423.0,,2018,Cyprus,8.88054118017952,2.4196485828350798,22.73771249559568,True
CY,F,UNK,0.0,,450423.0,,2018,Cyprus,0.0,0.0,8.18981147524424,True
CY,UNK,TOTAL,0.0,,,,2018,Cyprus,,,,False
CY,UNK,DRIV,0.0,,,,2018,Cyprus,,,,False
CY,UNK,PAS,0.0,,,,2018,Cyprus,,,,False
CY,UNK,PED,0.0,,,,2018,Cyprus,,,,False
CY,UNK,UNK,0.0,,,,2018,Cyprus,,,,False
CY,T,TOTAL,52.0,,890194.0,,2019,Cyprus,58.414233301954404,43.62654342813053,76.60249534469216,True
CY,T,DRIV,32.0,,890194.0,,2019,Cyprus,35.9472204935104,24.58787220682746,50.746749674138975,True
CY,T,PAS,6.0,,890194.0,,2019,Cyprus,6.740103842533201,2.47349931980091,14.67036850677345,True
CY,T,PED,13.0,,890194.0,,2019,Cyprus,14.603558325488601,7.775779763741164,24.972529491502833,True
CY,T,UNK,1.0,,890194.0,,2019,Cyprus,1.1233506404222,0.02844077581323835,6.258909171415329,True
CY,M,TOTAL,40.0,,434611.0,,2019,Cyprus,92.03632673816355,65.7521011704466,125.32735472407295,True
CY,M,DRIV,28.0,,434611.0,,2019,Cyprus,64.42542871671449,42.81022950605837,93.11268224519903,True
CY,M,PAS,3.0,,434611.0,,2019,Cyprus,6.902724505362267,1.4235077411653212,20.172690221237666,True
CY,M,PED,9.0,,434611.0,,2019,Cyprus,20.7081735160868,9.469095575994013,39.31056381780297,True
CY,M,UNK,0.0,,434611.0,,2019,Cyprus,0.0,0.0,8.487772868413215,True
CY,F,TOTAL,12.0,,455583.0,,2019,Cyprus,26.33987659767814,13.61019859986483,46.01046362172636,True
CY,F,DRIV,4.0,,455583.0,,2019,Cyprus,8.779958865892713,2.3922432874499817,22.48018182285927,True
CY,F,PAS,3.0,,455583.0,,2019,Cyprus,6.584969149419535,1.3579789476244755,19.244074229596634,True
CY,F,PED,4.0,,455583.0,,2019,Cyprus,8.779958865892713,2.3922432874499817,22.48018182285927,True
CY,F,UNK,1.0,,455583.0,,2019,Cyprus,2.194989716473178,0.05557232816915886,12.229699946966628,True
CY,UNK,TOTAL,0.0,,,,2019,Cyprus,,,,False
CY,UNK,DRIV,0.0,,,,2019,Cyprus,,,,False
CY,UNK,PAS,0.0,,,,2019,Cyprus,,,,False
CY,UNK,PED,0.0,,,,2019,Cyprus,,,,False
CY,UNK,UNK,0.0,,,,2019,Cyprus,,,,False
CY,T,TOTAL,48.0,,902429.0,,2020,Cyprus,53.18978002701598,39.21794492805888,70.52193156705654,True
CY,T,DRIV,30.0,,902429.0,,2020,Cyprus,33.24361251688499,22.429325765706682,47.45732394992588,True
CY,T,PAS,5.0,,902429.0,,2020,Cyprus,5.540602086147498,1.7990184159844387,12.92991701211139,True
CY,T,PED,13.0,,902429.0,,2020,Cyprus,14.405565423983493,7.6703568823739054,24.633955600007173,True
CY,T,UNK,0.0,,902429.0,,2020,Cyprus,0.0,0.0,4.087722639802062,True
CY,M,TOTAL,39.0,,443238.0,,2020,Cyprus,87.98884572171158,62.56867075800468,120.28364866241803,True
CY,M,DRIV,28.0,,443238.0,,2020,Cyprus,63.17147897969037,41.976989012353485,91.30037574230593,True
CY,M,PAS,1.0,,443238.0,,2020,Cyprus,2.2561242492746563,0.05712012053183594,12.57031976260812,True
CY,M,PED,10.0,,443238.0,,2020,Cyprus,22.561242492746562,10.818992722041958,41.49092821919099,True
CY,M,UNK,0.0,,443238.0,,2020,Cyprus,0.0,0.0,8.322570389077505,True
CY,F,TOTAL,9.0,,459191.0,,2020,Cyprus,19.599687276100795,8.962225081454848,37.20631164682924,True
CY,F,DRIV,2.0,,459191.0,,2020,Cyprus,4.355486061355732,0.527469568314634,15.73351321721018,True
CY,F,PAS,4.0,,459191.0,,2020,Cyprus,8.710972122711464,2.373446721791858,22.303548360929753,True
CY,F,PED,3.0,,459191.0,,2020,Cyprus,6.533229092033598,1.3473089039105763,19.092867825681086,True
CY,F,UNK,0.0,,459191.0,,2020,Cyprus,0.0,0.0,8.033431522207394,True
CY,UNK,TOTAL,0.0,,,,2020,Cyprus,,,,False
CY,UNK,DRIV,0.0,,,,2020,Cyprus,,,,False
CY,UNK,PAS,0.0,,,,2020,Cyprus,,,,False
CY,UNK,PED,0.0,,,,2020,Cyprus,,,,False
CY,UNK,UNK,0.0,,,,2020,Cyprus,,,,False
CY,T,TOTAL,45.0,,914476.0,,2021,Cyprus,49.20850847917277,35.89302375156315,65.84485595790245,True
CY,T,DRIV,35.0,,914476.0,,2021,Cyprus,38.273284372689936,26.658744901473376,53.22887355062689,True
CY,T,PAS,4.0,,914476.0,,2021,Cyprus,4.374089642593136,1.1917922106499514,11.199406737195611,True
CY,T,PED,6.0,,914476.0,,2021,Cyprus,6.561134463889703,2.407820712069919,14.280827514903272,True
CY,T,UNK,0.0,,914476.0,,2021,Cyprus,0.0,0.0,4.033872353253596,True
CY,M,TOTAL,37.0,,447552.0,,2021,Cyprus,82.67195767195767,58.20868763206517,113.9524036132803,True
CY,M,DRIV,31.0,,447552.0,,2021,Cyprus,69.26569426569426,47.06267870357378,98.31712405094548,True
CY,M,PAS,4.0,,447552.0,,2021,Cyprus,8.937508937508937,2.4351703793666992,22.88357258017771,True
CY,M,PED,2.0,,447552.0,,2021,Cyprus,4.468754468754469,0.5411868979335699,16.142677650248373,True
CY,M,UNK,0.0,,447552.0,,2021,Cyprus,0.0,0.0,8.242348272634098,True
CY,F,TOTAL,8.0,,466924.0,,2021,Cyprus,17.133409291447858,7.396990038525546,33.759646581013854,True
CY,F,DRIV,4.0,,466924.0,,2021,Cyprus,8.566704645723929,2.334138689864571,21.934166321293603,True
CY,F,PAS,0.0,,466924.0,,2021,Cyprus,0.0,0.0,7.900385189268351,True
CY,F,PED,4.0,,466924.0,,2021,Cyprus,8.566704645723929,2.334138689864571,21.934166321293603,True
CY,F,UNK,0.0,,466924.0,,2021,Cyprus,0.0,0.0,7.900385189268351,True
CY,UNK,TOTAL,0.0,,,,2021,Cyprus,,,,False
CY,UNK,DRIV,0.0,,,,2021,Cyprus,,,,False
CY,UNK,PAS,0.0,,,,2021,Cyprus,,,,False
CY,UNK,PED,0.0,,,,2021,Cyprus,,,,False
CY,UNK,UNK,0.0,,,,2021,Cyprus,,,,False
CY,T,TOTAL,37.0,,929764.0,,2022,Cyprus,39.79504476404765,28.019384023371554,54.85222716940086,True
CY,T,DRIV,25.0,,929764.0,,2022,Cyprus,26.888543759491657,17.400847793450087,39.692794835603834,True
CY,T,PAS,6.0,,929764.0,,2022,Cyprus,6.453250502277998,2.3682291995504787,14.046009549217528,True
CY,T,PED,6.0,,929764.0,,2022,Cyprus,6.453250502277998,2.3682291995504787,14.046009549217528,True
CY,T,UNK,0.0,,929764.0,,2022,Cyprus,0.0,0.0,3.96754386501729,True
CY,M,TOTAL,31.0,,453251.0,,2022,Cyprus,68.39477463921756,46.470931071617834,97.08092316012265,True
CY,M,DRIV,22.0,,453251.0,,2022,Cyprus,48.53822716331569,30.418648546235115,73.48745923809376,True
CY,M,PAS,4.0,,453251.0,,2022,Cyprus,8.825132211511944,2.4045515037502954,22.59584352909027,True
CY,M,PED,5.0,,453251.0,,2022,Cyprus,11.03141526438993,3.5818705090963308,25.743643321962157,True
CY,M,UNK,0.0,,453251.0,,2022,Cyprus,0.0,0.0,8.138712223721372,True
CY,F,TOTAL,6.0,,476513.0,,2022,Cyprus,12.591471796152465,4.6208482318233735,27.40633313785497,True
CY,F,DRIV,3.0,,476513.0,,2022,Cyprus,6.295735898076233,1.2983320977509563,18.39881193113792,True
CY,F,PAS,2.0,,476513.0,,2022,Cyprus,4.197157265384155,0.5082952165921288,15.161575167359464,True
CY,F,PED,1.0,,476513.0,,2022,Cyprus,2.0985786326920777,0.053131410862431665,11.692531769204402,True
CY,F,UNK,0.0,,476513.0,,2022,Cyprus,0.0,0.0,7.741403600980321,True
CY,UNK,TOTAL,0.0,,,,2022,Cyprus,,,,False
CY,UNK,DRIV,0.0,,,,2022,Cyprus,,,,False
CY,UNK,PAS,0.0,,,,2022,Cyprus,,,,False
CY,UNK,PED,0.0,,,,2022,Cyprus,,,,False
CY,UNK,UNK,0.0,,,,2022,Cyprus,,,,False
CY,T,TOTAL,34.0,,949084.0,,2023,Cyprus,35.82401557712489,24.809172196109376,50.06047103860468,True
CY,T,DRIV,22.0,,949084.0,,2023,Cyprus,23.180245373433753,14.526936364146495,35.095170066216724,True
CY,T,PAS,5.0,,949084.0,,2023,Cyprus,5.268237584871308,1.7105824037897817,12.294309122609453,True
CY,T,PED,7.0,,949084.0,,2023,Cyprus,7.375532618819831,2.9653466410980136,15.196416082983568,True
CY,T,UNK,0.0,,949084.0,,2023,Cyprus,0.0,0.0,3.8867786772445174,True
CY,M,TOTAL,26.0,,465129.0,,2023,Cyprus,55.89847117681332,36.51473723546875,81.90421169852878,True
CY,M,DRIV,18.0,,465129.0,,2023,Cyprus,38.69894158394768,22.935445393427468,61.16101182151184,True
CY,M,PAS,2.0,,465129.0,,2023,Cyprus,4.2998823982164085,0.5207357067479453,15.532653667528708,True
CY,M,PED,6.0,,465129.0,,2023,Cyprus,12.899647194649226,4.733943171659585,28.07710123969627,True
CY,M,UNK,0.0,,465129.0,,2023,Cyprus,0.0,0.0,7.930873916943333,True
CY,F,TOTAL,8.0,,483955.0,,2023,Cyprus,16.530462543005033,7.136680428445831,32.57160112033828,True
CY,F,DRIV,4.0,,483955.0,,2023,Cyprus,8.265231271502516,2.251997341956019,21.16227474745316,True
CY,F,PAS,3.0,,483955.0,,2023,Cyprus,6.198923453626887,1.2783670442408932,18.115884885459028,True
CY,F,PED,1.0,,483955.0,,2023,Cyprus,2.066307817875629,0.05231438456941224,11.512730297112123,True
CY,F,UNK,0.0,,483955.0,,2023,Cyprus,0.0,0.0,7.622360455236407,True
CY,UNK,TOTAL,0.0,,,,2023,Cyprus,,,,False
CY,UNK,DRIV,0.0,,,,2023,Cyprus,,,,False
CY,UNK,PAS,0.0,,,,2023,Cyprus,,,,False
CY,UNK,PED,0.0,,,,2023,Cyprus,,,,False
CY,UNK,UNK,0.0,,,,2023,Cyprus,,,,False
CY,T,TOTAL,41.0,,966365.0,,2024,Cyprus,42.42703326382888,30.44637157642845,57.55706132334564,True
CY,T,DRIV,22.0,,966365.0,,2024,Cyprus,22.76572516595696,14.267158757022049,34.46758149056023,True
CY,T,PAS,9.0,,966365.0,,2024,Cyprus,9.31325120425512,4.258611495013099,17.67945181315462,True
CY,T,PED,10.0,,966365.0,,2024,Cyprus,10.348056893616802,4.962295505458531,19.030445061666946,True
CY,T,UNK,0.0,,966365.0,,2024,Cyprus,0.0,0.0,3.8172734464865092,True
CY,M,TOTAL,30.0,,475594.0,,2024,Cyprus,63.07901277139745,42.55914503004856,90.04921297326639,True
CY,M,DRIV,17.0,,475594.0,,2024,Cyprus,35.74477390379189,20.822648035104088,57.230845670691,True
CY,M,PAS,5.0,,475594.0,,2024,Cyprus,10.51316879523291,3.413597291215661,24.534228941750044,True
CY,M,PED,8.0,,475594.0,,2024,Cyprus,16.821070072372653,7.2621441329127405,33.14421380461762,True
CY,M,UNK,0.0,,475594.0,,2024,Cyprus,0.0,0.0,7.7563624732732865,True
CY,F,TOTAL,11.0,,490771.0,,2024,Cyprus,22.413712301664116,11.188844424867888,40.10432261340208,True
CY,F,DRIV,5.0,,490771.0,,2024,Cyprus,10.188051046210962,3.3080324430710477,23.77551256965605,True
CY,F,PAS,4.0,,490771.0,,2024,Cyprus,8.15044083696877,2.220720812000556,20.86836564386179,True
CY,F,PED,2.0,,490771.0,,2024,Cyprus,4.075220418484385,0.49352809873436915,14.721097350340505,True
CY,F,UNK,0.0,,490771.0,,2024,Cyprus,0.0,0.0,7.51649843636632,True
CY,UNK,TOTAL,0.0,,,,2024,Cyprus,,,,False
CY,UNK,DRIV,0.0,,,,2024,Cyprus,,,,False
CY,UNK,PAS,0.0,,,,2024,Cyprus,,,,False
CY,UNK,PED,0.0,,,,2024,Cyprus,,,,False
CY,UNK,UNK,0.0,,,,2024,Cyprus,,,,False
CZ,T,TOTAL,802.0,,10462088.0,,2010,Czechia,76.6577379200022,71.44345696074228,82.15195663665757,True
CZ,T,DRIV,495.0,,10462088.0,,2010,Czechia,47.3136911102258,43.236904089871665,51.671307663536254,True
CZ,T,PAS,139.0,,10462088.0,,2010,Czechia,13.28606679660886,11.169241904634125,15.687380884672129,True
CZ,T,PED,168.0,,10462088.0,,2010,Czechia,16.057980013167544,13.721540220687784,18.67820924564183,True
CZ,T,UNK,0.0,,10462088.0,,2010,Czechia,0.0,0.0,0.3525949556258689,True
CZ,M,TOTAL,607.0,,5136166.0,,2010,Czechia,118.18153852503988,108.96564874311247,127.96864176888819,True
CZ,M,DRIV,440.0,,5136166.0,,2010,Czechia,85.6670130988757,77.84846535051831,94.05810815539468,True
CZ,M,PAS,70.0,,5136166.0,,2010,Czechia,13.628842993002952,10.624351726160231,17.219223216702684,True
CZ,M,PED,97.0,,5136166.0,,2010,Czechia,18.885682433161232,15.31501621525323,23.038930971548396,True
CZ,M,UNK,0.0,,5136166.0,,2010,Czechia,0.0,0.0,0.7182165557176181,True
CZ,F,TOTAL,177.0,,5325922.0,,2010,Czechia,33.23368235584374,28.517889175202534,38.50658648391877,True
CZ,F,DRIV,54.0,,5325922.0,,2010,Czechia,10.13908953229131,7.616796110146703,13.229312482178804,True
CZ,F,PAS,58.0,,5325922.0,,2010,Czechia,10.890133201349926,8.269334714299188,14.078022499145607,True
CZ,F,PED,65.0,,5325922.0,,2010,Czechia,12.204459622202503,9.419144277598182,15.555585646179495,True
CZ,F,UNK,0.0,,5325922.0,,2010,Czechia,0.0,0.0,0.6926273899831683,True
CZ,UNK,TOTAL,18.0,,,,2010,Czechia,,,,False
CZ,UNK,DRIV,1.0,,,,2010,Czechia,,,,False
CZ,UNK,PAS,11.0,,,,2010,Czechia,,,,False
CZ,UNK,PED,6.0,,,,2010,Czechia,,,,False
CZ,UNK,UNK,0.0,,,,2010,Czechia,,,,False
CZ,T,TOTAL,773.0,,10486731.0,,2011,Czechia,73.71219877767437,68.60675739407796,79.09698076999959,True
CZ,T,DRIV,453.0,,10486731.0,,2011,Czechia,43.19744637294501,39.310591975022355,47.364658147577266,True
CZ,T,PAS,144.0,,10486731.0,,2011,Czechia,13.731638582128214,11.580484061035365,16.166478662181866,True
CZ,T,PED,176.0,,10486731.0,,2011,Czechia,16.783113822601152,14.395129615810129,19.45405879905116,True
CZ,T,UNK,0.0,,10486731.0,,2011,Czechia,0.0,0.0,0.3517663849786874,True
CZ,M,TOTAL,574.0,,5147231.0,,2011,Czechia,111.5162696214722,102.57880592868909,121.02393518671892,True
CZ,M,DRIV,388.0,,5147231.0,,2011,Czechia,75.38033556294637,68.06550738296026,83.26706059848878,True
CZ,M,PAS,81.0,,5147231.0,,2011,Czechia,15.736616444841896,12.497144968653117,19.55917738685694,True
CZ,M,PED,105.0,,5147231.0,,2011,Czechia,20.39931761368394,16.684620783539373,24.694617721418727,True
CZ,M,UNK,0.0,,5147231.0,,2011,Czechia,0.0,0.0,0.7166726059339352,True
CZ,F,TOTAL,187.0,,5339500.0,,2011,Czechia,35.02200580578706,30.182085454626755,40.41725517689304,True
CZ,F,DRIV,64.0,,5339500.0,,2011,Czechia,11.98614102444049,9.230789127490485,15.306034499276146,True
CZ,F,PAS,56.0,,5339500.0,,2011,Czechia,10.48787339638543,7.922426853194159,13.61937597295345,True
CZ,F,PED,67.0,,5339500.0,,2011,Czechia,12.547991384961138,9.724520971102264,15.935505501975157,True
CZ,F,UNK,0.0,,5339500.0,,2011,Czechia,0.0,0.0,0.690866083737042,True
CZ,UNK,TOTAL,12.0,,,,2011,Czechia,,,,False
CZ,UNK,DRIV,1.0,,,,2011,Czechia,,,,False
CZ,UNK,PAS,7.0,,,,2011,Czechia,,,,False
CZ,UNK,PED,4.0,,,,2011,Czechia,,,,False
CZ,UNK,UNK,0.0,,,,2011,Czechia,,,,False
CZ,T,TOTAL,742.0,,10505445.0,,2012,Czechia,70.63003994595184,65.63877937305203,75.90021214634683,True
CZ,T,DRIV,453.0,,10505445.0,,2012,Czechia,43.120496085601324,39.240565582211715,47.28028454773702,True
CZ,T,PAS,126.0,,10505445.0,,2012,Czechia,11.9937803681805,9.991139348401594,14.28012355189514,True
CZ,T,PED,163.0,,10505445.0,,2012,Czechia,15.515763492170013,13.225240976373469,18.089011084873754,True
CZ,T,UNK,0.0,,10505445.0,,2012,Czechia,0.0,0.0,0.35113976172488987,True
CZ,M,TOTAL,560.0,,5158210.0,,2012,Czechia,108.56479282541812,99.75807153097836,117.94059962206579,True
CZ,M,DRIV,402.0,,5158210.0,,2012,Czechia,77.93401199253229,70.50089083036265,85.93764589623107,True
CZ,M,PAS,62.0,,5158210.0,,2012,Czechia,12.019673491385577,9.215414743907786,15.408678955635047,True
CZ,M,PED,96.0,,5158210.0,,2012,Czechia,18.61110734150025,15.075056698931304,22.727347471182537,True
CZ,M,UNK,0.0,,5158210.0,,2012,Czechia,0.0,0.0,0.7151472030246802,True
CZ,F,TOTAL,167.0,,5347235.0,,2012,Czechia,31.231094201021648,26.673919972765102,36.343555530516284,True
CZ,F,DRIV,51.0,,5347235.0,,2012,Czechia,9.537639546419785,7.101399104077297,12.540234602856202,True
CZ,F,PAS,56.0,,5347235.0,,2012,Czechia,10.472702247049176,7.910966730025931,13.59967497362374,True
CZ,F,PED,60.0,,5347235.0,,2012,Czechia,11.220752407552688,8.56261618387957,14.443332564707427,True
CZ,F,UNK,0.0,,5347235.0,,2012,Czechia,0.0,0.0,0.6898667169320098,True
CZ,UNK,TOTAL,15.0,,,,2012,Czechia,,,,False
CZ,UNK,DRIV,0.0,,,,2012,Czechia,,,,False
CZ,UNK,PAS,8.0,,,,2012,Czechia,,,,False
CZ,UNK,PED,7.0,,,,2012,Czechia,,,,False
CZ,UNK,UNK,0.0,,,,2012,Czechia,,,,False
CZ,T,TOTAL,654.0,,10516125.0,,2013,Czechia,62.19020789501837,57.514605571182514,67.144658985994,True
CZ,T,DRIV,389.0,,10516125.0,,2013,Czechia,36.990811729605724,33.40576113733248,40.85577742531344,True
CZ,T,PAS,103.0,,10516125.0,,2013,Czechia,9.794482283160384,7.99457388960462,11.87865829352838,True
CZ,T,PED,162.0,,10516125.0,,2013,Czechia,15.404913882252256,13.124031585319994,17.968256061655552,True
CZ,T,UNK,0.0,,10516125.0,,2013,Czechia,0.0,0.0,0.35078315007799316,True
CZ,M,TOTAL,492.0,,5164349.0,,2013,Czechia,95.26854207568078,87.03529905951632,104.07072331872507,True
CZ,M,DRIV,345.0,,5164349.0,,2013,Czechia,66.80416060184933,59.940080118390554,74.23881579031686,True
CZ,M,PAS,52.0,,5164349.0,,2013,Czechia,10.069032902307725,7.520035381121847,13.204197032553937,True
CZ,M,PED,95.0,,5164349.0,,2013,Czechia,18.39534857152373,14.882935499388237,22.487359708562593,True
CZ,M,UNK,0.0,,5164349.0,,2013,Czechia,0.0,0.0,0.7142970883869265,True
CZ,F,TOTAL,150.0,,5351776.0,,2013,Czechia,28.0280789031529,23.722248707951316,32.88948679785449,True
CZ,F,DRIV,41.0,,5351776.0,,2013,Czechia,7.661008233528459,5.4976717763328065,10.393022721006057,True
CZ,F,PAS,47.0,,5351776.0,,2013,Czechia,8.782131389654575,6.452779818711724,11.67837300003718,True
CZ,F,PED,62.0,,5351776.0,,2013,Czechia,11.584939279969865,8.882106516822187,14.8513693166056,True
CZ,F,UNK,0.0,,5351776.0,,2013,Czechia,0.0,0.0,0.6892813626941665,True
CZ,UNK,TOTAL,12.0,,,,2013,Czechia,,,,False
CZ,UNK,DRIV,3.0,,,,2013,Czechia,,,,False
CZ,UNK,PAS,4.0,,,,2013,Czechia,,,,False
CZ,UNK,PED,5.0,,,,2013,Czechia,,,,False
CZ,UNK,UNK,0.0,,,,2013,Czechia,,,,False
CZ,T,TOTAL,688.0,,10512419.0,,2014,Czechia,65.44640201270516,60.64676784930408,70.52489307949926,True
CZ,T,DRIV,451.0,,10512419.0,,2014,Czechia,42.90163852867737,39.03305316345558,47.049905756881884,True
CZ,T,PAS,107.0,,10512419.0,,2014,Czechia,10.178437522324785,8.341475182547022,12.299599861925628,True
CZ,T,PED,130.0,,10512419.0,,2014,Czechia,12.36632596170301,10.332032874510048,14.68400788498603,True
CZ,T,UNK,0.0,,10512419.0,,2014,Czechia,0.0,0.0,0.3509068135615538,True
CZ,M,TOTAL,508.0,,5162380.0,,2014,Czechia,98.40422440812183,90.03198149633596,107.34548851356242,True
CZ,M,DRIV,392.0,,5162380.0,,2014,Czechia,75.9339684409129,68.60214724975962,83.83595971600316,True
CZ,M,PAS,47.0,,5162380.0,,2014,Czechia,9.104327848782926,6.689517657953455,12.10682598736377,True
CZ,M,PED,69.0,,5162380.0,,2014,Czechia,13.365928118425998,10.399489878088174,16.915437471678814,True
CZ,M,UNK,0.0,,5162380.0,,2014,Czechia,0.0,0.0,0.714569530742397,True
CZ,F,TOTAL,164.0,,5350039.0,,2014,Czechia,30.653982148541346,26.141933269312688,35.72115299097184,True
CZ,F,DRIV,56.0,,5350039.0,,2014,Czechia,10.467213416575094,7.9068205264728375,13.592547270699324,True
CZ,F,PAS,56.0,,5350039.0,,2014,Czechia,10.467213416575094,7.9068205264728375,13.592547270699324,True
CZ,F,PED,52.0,,5350039.0,,2014,Czechia,9.719555315391158,7.259028803427644,12.745903673014887,True
CZ,F,UNK,0.0,,5350039.0,,2014,Czechia,0.0,0.0,0.6895051520398142,True
CZ,UNK,TOTAL,16.0,,,,2014,Czechia,,,,False
CZ,UNK,DRIV,3.0,,,,2014,Czechia,,,,False
CZ,UNK,PAS,4.0,,,,2014,Czechia,,,,False
CZ,UNK,PED,9.0,,,,2014,Czechia,,,,False
CZ,UNK,UNK,0.0,,,,2014,Czechia,,,,False
CZ,T,TOTAL,734.0,,10538275.0,,2015,Czechia,69.65086790769837,64.70254477094052,74.87725212735162,True
CZ,T,DRIV,458.0,,10538275.0,,2015,Czechia,43.46062329935402,39.570990024130204,47.629219111022664,True
CZ,T,PAS,126.0,,10538275.0,,2015,Czechia,11.956416016852852,9.960013845906355,14.235636531371506,True
CZ,T,PED,150.0,,10538275.0,,2015,Czechia,14.233828591491491,12.047148257304432,16.70265447590564,True
CZ,T,UNK,0.0,,10538275.0,,2015,Czechia,0.0,0.0,0.35004585229688306,True
CZ,M,TOTAL,561.0,,5176927.0,,2015,Czechia,108.36544536942476,99.58256752891253,117.71534416046458,True
CZ,M,DRIV,385.0,,5176927.0,,2015,Czechia,74.36844290058562,67.12446687496534,82.18107204917376,True
CZ,M,PAS,74.0,,5176927.0,,2015,Czechia,14.29419421985282,11.22401692033536,17.945051862214136,True
CZ,M,PED,102.0,,5176927.0,,2015,Czechia,19.70280824898632,16.065285485730723,23.917864905093065,True
CZ,M,UNK,0.0,,5176927.0,,2015,Czechia,0.0,0.0,0.7125616131179627,True
CZ,F,TOTAL,154.0,,5361348.0,,2015,Czechia,28.724119381916637,24.36663975336197,33.63599471333969,True
CZ,F,DRIV,73.0,,5361348.0,,2015,Czechia,13.615978668051394,10.67275374075683,17.120048947201624,True
CZ,F,PAS,38.0,,5361348.0,,2015,Czechia,7.087769717615793,5.0157276948252845,9.728517701007211,True
CZ,F,PED,43.0,,5361348.0,,2015,Czechia,8.02037099624945,5.804382258336371,10.803387097868601,True
CZ,F,UNK,0.0,,5361348.0,,2015,Czechia,0.0,0.0,0.6880507391264167,True
CZ,UNK,TOTAL,19.0,,,,2015,Czechia,,,,False
CZ,UNK,DRIV,0.0,,,,2015,Czechia,,,,False
CZ,UNK,PAS,14.0,,,,2015,Czechia,,,,False
CZ,UNK,PED,5.0,,,,2015,Czechia,,,,False
CZ,UNK,UNK,0.0,,,,2015,Czechia,,,,False
CZ,T,TOTAL,611.0,,10553843.0,,2016,Czechia,57.89360330639749,53.393516883326186,62.67166603820226,True
CZ,T,DRIV,370.0,,10553843.0,,2016,Czechia,35.05831951451239,31.57667247332451,38.8189987919182,True
CZ,T,PAS,111.0,,10553843.0,,2016,Czechia,10.517495854353717,8.652140065962746,12.665777991059342,True
CZ,T,PED,130.0,,10553843.0,,2016,Czechia,12.317787937531381,10.291479482746148,14.626372922761592,True
CZ,T,UNK,0.0,,10553843.0,,2016,Czechia,0.0,0.0,0.34952949879147677,True
CZ,M,TOTAL,451.0,,5186330.0,,2016,Czechia,86.95937204150141,79.11795232920399,95.36769222684528,True
CZ,M,DRIV,317.0,,5186330.0,,2016,Czechia,61.122219372851326,54.57817444357979,68.23485317394541,True
CZ,M,PAS,53.0,,5186330.0,,2016,Czechia,10.219172324167571,7.654861324357969,13.366929009377394,True
CZ,M,PED,81.0,,5186330.0,,2016,Czechia,15.617980344482515,12.402930780367882,19.411723546347616,True
CZ,M,UNK,0.0,,5186330.0,,2016,Czechia,0.0,0.0,0.7112697136730474,True
CZ,F,TOTAL,146.0,,5367513.0,,2016,Czechia,27.200679346281973,22.96753869266198,31.987966339406306,True
CZ,F,DRIV,52.0,,5367513.0,,2016,Czechia,9.687913191826457,7.235396952082134,12.704409237736899,True
CZ,F,PAS,48.0,,5367513.0,,2016,Czechia,8.942689100147499,6.593632996041787,11.856708345583376,True
CZ,F,PED,46.0,,5367513.0,,2016,Czechia,8.570077054308019,6.274373515065893,11.431281807903586,True
CZ,F,UNK,0.0,,5367513.0,,2016,Czechia,0.0,0.0,0.6872604601263073,True
CZ,UNK,TOTAL,14.0,,,,2016,Czechia,,,,False
CZ,UNK,DRIV,1.0,,,,2016,Czechia,,,,False
CZ,UNK,PAS,10.0,,,,2016,Czechia,,,,False
CZ,UNK,PED,3.0,,,,2016,Czechia,,,,False
CZ,UNK,UNK,0.0,,,,2016,Czechia,,,,False
CZ,T,TOTAL,577.0,,10578820.0,,2017,Czechia,54.54294524342034,50.18274634766965,59.180571640861416,True
CZ,T,DRIV,345.0,,10578820.0,,2017,Czechia,32.6123329445061,29.26143868780546,36.24176931717404,True
CZ,T,PAS,103.0,,10578820.0,,2017,Czechia,9.736435632707618,7.947194332148423,11.808259848171264,True
CZ,T,PED,129.0,,10578820.0,,2017,Czechia,12.194176666206628,10.180797926591673,14.489196016817623,True
CZ,T,UNK,0.0,,10578820.0,,2017,Czechia,0.0,0.0,0.348704246231048,True
CZ,M,TOTAL,422.0,,5200687.0,,2017,Czechia,81.14312589855918,73.58499495408171,89.26688782173593,True
CZ,M,DRIV,299.0,,5200687.0,,2017,Czechia,57.492404368884344,51.15976361237896,64.3923727977103,True
CZ,M,PAS,57.0,,5200687.0,,2017,Czechia,10.960090464971262,8.30106548671834,14.200068453064528,True
CZ,M,PED,66.0,,5200687.0,,2017,Czechia,12.690631064703567,9.81493314607114,16.145594311387477,True
CZ,M,UNK,0.0,,5200687.0,,2017,Czechia,0.0,0.0,0.7093061847625007,True
CZ,F,TOTAL,143.0,,5378133.0,,2017,Czechia,26.58915277848279,22.409872556546055,31.321638289818573,True
CZ,F,DRIV,46.0,,5378133.0,,2017,Czechia,8.553154040630828,6.261983742122383,11.408708879193952,True
CZ,F,PAS,41.0,,5378133.0,,2017,Czechia,7.623463384040521,5.4707289441252716,10.342088893252532,True
CZ,F,PED,56.0,,5378133.0,,2017,Czechia,10.412535353811444,7.865517305472031,13.521543258150169,True
CZ,F,UNK,0.0,,5378133.0,,2017,Czechia,0.0,0.0,0.6859033523555359,True
CZ,UNK,TOTAL,12.0,,,,2017,Czechia,,,,False
CZ,UNK,DRIV,0.0,,,,2017,Czechia,,,,False
CZ,UNK,PAS,5.0,,,,2017,Czechia,,,,False
CZ,UNK,PED,7.0,,,,2017,Czechia,,,,False
CZ,UNK,UNK,0.0,,,,2017,Czechia,,,,False
CZ,T,TOTAL,656.0,,10610055.0,,2018,Czechia,61.82814320943671,57.18671481241446,66.74594630100152,True
CZ,T,DRIV,401.0,,10610055.0,,2018,Czechia,37.79433754113433,34.18524388720738,41.68079870318113,True
CZ,T,PAS,113.0,,10610055.0,,2018,Czechia,10.650274668698701,8.777333714217288,12.80456748160687,True
CZ,T,PED,142.0,,10610055.0,,2018,Czechia,13.383530999603678,11.272836575004371,15.774666194379165,True
CZ,T,UNK,0.0,,10610055.0,,2018,Czechia,0.0,0.0,0.34767769385869685,True
CZ,M,TOTAL,482.0,,5219791.0,,2018,Czechia,92.34086192339885,84.28015887559872,100.96454638629574,True
CZ,M,DRIV,349.0,,5219791.0,,2018,Czechia,66.86091454619543,60.02941656818189,74.25686972757947,True
CZ,M,PAS,46.0,,5219791.0,,2018,Czechia,8.812613378581633,6.45194058707942,11.754791276238072,True
CZ,M,PED,87.0,,5219791.0,,2018,Czechia,16.667333998621785,13.34985127485367,20.559094910605392,True
CZ,M,UNK,0.0,,5219791.0,,2018,Czechia,0.0,0.0,0.7067101832456387,True
CZ,F,TOTAL,151.0,,5390264.0,,2018,Czechia,28.013470212219662,23.723557076424626,32.854946103990535,True
CZ,F,DRIV,51.0,,5390264.0,,2018,Czechia,9.461503184259621,7.044710581576481,12.440129347394446,True
CZ,F,PAS,55.0,,5390264.0,,2018,Czechia,10.203581865378021,7.686734262262197,13.281364322036799,True
CZ,F,PED,45.0,,5390264.0,,2018,Czechia,8.348385162582018,6.089369423878768,11.170796179363164,True
CZ,F,UNK,0.0,,5390264.0,,2018,Czechia,0.0,0.0,0.6843597000284096,True
CZ,UNK,TOTAL,23.0,,,,2018,Czechia,,,,False
CZ,UNK,DRIV,1.0,,,,2018,Czechia,,,,False
CZ,UNK,PAS,12.0,,,,2018,Czechia,,,,False
CZ,UNK,PED,10.0,,,,2018,Czechia,,,,False
CZ,UNK,UNK,0.0,,,,2018,Czechia,,,,False
CZ,T,TOTAL,618.0,,10649800.0,,2019,Czechia,58.029258765422824,53.543730937956624,62.79023738551969,True
CZ,T,DRIV,400.0,,10649800.0,,2019,Czechia,37.55939078668144,33.96836528677942,41.42675431432289,True
CZ,T,PAS,107.0,,10649800.0,,2019,Czechia,10.047137035437284,8.233871264909745,12.140936663684235,True
CZ,T,PED,111.0,,10649800.0,,2019,Czechia,10.4227309433041,8.574182413771194,12.551656593597597,True
CZ,T,UNK,0.0,,10649800.0,,2019,Czechia,0.0,0.0,0.34638016245506353,True
CZ,M,TOTAL,467.0,,5244194.0,,2019,Czechia,89.05086272552083,81.15637618992247,97.50584468235796,True
CZ,M,DRIV,346.0,,5244194.0,,2019,Czechia,65.97772698721673,59.20809904169946,73.30922809306414,True
CZ,M,PAS,52.0,,5244194.0,,2019,Czechia,9.915727755304246,7.405539764635182,13.00315772850373,True
CZ,M,PED,69.0,,5244194.0,,2019,Czechia,13.157407982999866,10.237248766320397,16.65154189472115,True
CZ,M,UNK,0.0,,5244194.0,,2019,Czechia,0.0,0.0,0.7034216228678679,True
CZ,F,TOTAL,131.0,,5405606.0,,2019,Czechia,24.234100672524043,20.262079748422433,28.757175948074384,True
CZ,F,DRIV,53.0,,5405606.0,,2019,Czechia,9.804636149952476,7.344345283832649,12.824705487082161,True
CZ,F,PAS,40.0,,5405606.0,,2019,Czechia,7.399725396190547,5.286472310743506,10.07632575588825,True
CZ,F,PED,38.0,,5405606.0,,2019,Czechia,7.02973912638102,4.974661794662088,9.648866180639065,True
CZ,F,UNK,0.0,,5405606.0,,2019,Czechia,0.0,0.0,0.6824173745023103,True
CZ,UNK,TOTAL,20.0,,,,2019,Czechia,,,,False
CZ,UNK,DRIV,1.0,,,,2019,Czechia,,,,False
CZ,UNK,PAS,15.0,,,,2019,Czechia,,,,False
CZ,UNK,PED,4.0,,,,2019,Czechia,,,,False
CZ,UNK,UNK,0.0,,,,2019,Czechia,,,,False
CZ,T,TOTAL,518.0,,10693939.0,,2020,Czechia,48.43865296033576,44.356579138389634,52.795376513274945,True
CZ,T,DRIV,336.0,,10693939.0,,2020,Czechia,31.419666785082654,28.14955204643356,34.96538972402818,True
CZ,T,PAS,87.0,,10693939.0,,2020,Czechia,8.135449435423187,6.516161494452111,10.035046822552832,True
CZ,T,PED,95.0,,10693939.0,,2020,Czechia,8.883536739829916,7.187311715854199,10.859662994482717,True
CZ,T,UNK,0.0,,10693939.0,,2020,Czechia,0.0,0.0,0.3449504858886829,True
CZ,M,TOTAL,389.0,,5271996.0,,2020,Czechia,73.78609543709821,66.63494430578676,81.49559718497024,True
CZ,M,DRIV,290.0,,5271996.0,,2020,Czechia,55.00762898909635,48.858160141154066,61.71691442011079,True
CZ,M,PAS,47.0,,5271996.0,,2020,Czechia,8.915029525819063,6.550428370405773,11.855099347694303,True
CZ,M,PED,52.0,,5271996.0,,2020,Czechia,9.863436922182794,7.366486469348844,12.934585257817512,True
CZ,M,UNK,0.0,,5271996.0,,2020,Czechia,0.0,0.0,0.6997121117151712,True
CZ,F,TOTAL,118.0,,5421943.0,,2020,Czechia,21.763415808687032,18.01415450887015,26.06289382309305,True
CZ,F,DRIV,45.0,,5421943.0,,2020,Czechia,8.299607723651835,6.05379082521422,11.105528128377374,True
CZ,F,PAS,33.0,,5421943.0,,2020,Czechia,6.086378997344679,4.189583249534317,8.547539003853286,True
CZ,F,PED,40.0,,5421943.0,,2020,Czechia,7.37742908769052,5.270543501063911,10.04596451198105,True
CZ,F,UNK,0.0,,5421943.0,,2020,Czechia,0.0,0.0,0.6803611646441019,True
CZ,UNK,TOTAL,11.0,,,,2020,Czechia,,,,False
CZ,UNK,DRIV,1.0,,,,2020,Czechia,,,,False
CZ,UNK,PAS,7.0,,,,2020,Czechia,,,,False
CZ,UNK,PED,3.0,,,,2020,Czechia,,,,False
CZ,UNK,UNK,0.0,,,,2020,Czechia,,,,False
CZ,T,TOTAL,532.0,,10494836.0,b,2021,Czechia,50.6915972769846,46.47501522275868,55.187985950867215,True
CZ,T,DRIV,355.0,,10494836.0,b,2021,Czechia,33.82615983708559,30.398524714145555,37.534495930154,True
CZ,T,PAS,73.0,,10494836.0,b,2021,Czechia,6.955801881992248,5.452238312489985,8.74587656090877,True
CZ,T,PED,104.0,,10494836.0,b,2021,Czechia,9.909635557906764,8.096890347798714,12.007182103179636,True
CZ,T,UNK,0.0,,10494836.0,b,2021,Czechia,0.0,0.0,0.3514947212242226,True
CZ,M,TOTAL,409.0,,5170902.0,b,2021,Czechia,79.09645164421991,71.61568069983365,87.14625498543167,True
CZ,M,DRIV,310.0,,5170902.0,b,2021,Czechia,59.95085576945763,53.46223280529465,67.00988150586112,True
CZ,M,PAS,30.0,,5170902.0,b,2021,Czechia,5.801695719624932,3.914379739051507,8.28228138820029,True
CZ,M,PED,69.0,,5170902.0,b,2021,Czechia,13.343900155137344,10.382350807817442,16.887559674317032,True
CZ,M,UNK,0.0,,5170902.0,b,2021,Czechia,0.0,0.0,0.7133918713048392,True
CZ,F,TOTAL,110.0,,5323934.0,b,2021,Czechia,20.661413158014355,16.98116882974051,24.90259027005676,True
CZ,F,DRIV,45.0,,5323934.0,b,2021,Czechia,8.452396291914964,6.165235855334507,11.309971253768136,True
CZ,F,PAS,33.0,,5323934.0,b,2021,Czechia,6.198423947404307,4.2667098376369506,8.704891771605226,True
CZ,F,PED,32.0,,5323934.0,b,2021,Czechia,6.010592918695085,4.111241106911649,8.485163805452974,True
CZ,F,UNK,0.0,,5323934.0,b,2021,Czechia,0.0,0.0,0.6928860226505317,True
CZ,UNK,TOTAL,13.0,,,,2021,Czechia,,,,False
CZ,UNK,DRIV,0.0,,,,2021,Czechia,,,,False
CZ,UNK,PAS,10.0,,,,2021,Czechia,,,,False
CZ,UNK,PED,3.0,,,,2021,Czechia,,,,False
CZ,UNK,UNK,0.0,,,,2021,Czechia,,,,False
CZ,T,TOTAL,527.0,,10516707.0,,2022,Czechia,50.11074283994029,45.92318074813116,54.577548524900905,True
CZ,T,DRIV,350.0,,10516707.0,,2022,Czechia,33.280379495216515,29.884694519834007,36.95621631433448,True
CZ,T,PAS,91.0,,10516707.0,,2022,Czechia,8.652898668756293,6.966774247569232,10.623842132004599,True
CZ,T,PED,86.0,,10516707.0,,2022,Czechia,8.177464675967487,6.540916205440543,10.099102350378992,True
CZ,T,UNK,0.0,,10516707.0,,2022,Czechia,0.0,0.0,0.3507637375571969,True
CZ,M,TOTAL,397.0,,5183775.0,,2022,Czechia,76.58511413014647,69.23595288682668,84.50203279303403,True
CZ,M,DRIV,307.0,,5183775.0,,2022,Czechia,59.22324946588152,52.78303852946743,66.23249810317886,True
CZ,M,PAS,37.0,,5183775.0,,2022,Czechia,7.137655473086698,5.025568155852835,9.83831785560346,True
CZ,M,PED,53.0,,5183775.0,,2022,Czechia,10.224209191178243,7.658634283385654,13.373517355441596,True
CZ,M,UNK,0.0,,5183775.0,,2022,Czechia,0.0,0.0,0.7116202871679299,True
CZ,F,TOTAL,117.0,,5332932.0,,2022,Czechia,21.939150921106812,18.144275557831918,26.29349656111432,True
CZ,F,DRIV,41.0,,5332932.0,,2022,Czechia,7.688078527909225,5.517097886951358,10.429746632009355,True
CZ,F,PAS,46.0,,5332932.0,,2022,Czechia,8.625649080093277,6.315059222388712,11.505407102619348,True
CZ,F,PED,30.0,,5332932.0,,2022,Czechia,5.625423313104311,3.7954494865902872,8.030641567304375,True
CZ,F,UNK,0.0,,5332932.0,,2022,Czechia,0.0,0.0,0.6917169493468013,True
CZ,UNK,TOTAL,13.0,,,,2022,Czechia,,,,False
CZ,UNK,DRIV,2.0,,,,2022,Czechia,,,,False
CZ,UNK,PAS,8.0,,,,2022,Czechia,,,,False
CZ,UNK,PED,3.0,,,,2022,Czechia,,,,False
CZ,UNK,UNK,0.0,,,,2022,Czechia,,,,False
CZ,T,TOTAL,502.0,,10827529.0,,2023,Czechia,46.36330228254295,42.39573011995915,50.60219759227973,True
CZ,T,DRIV,356.0,,10827529.0,,2023,Czechia,32.879154606743604,29.552037568684504,36.47834098966097,True
CZ,T,PAS,64.0,,10827529.0,,2023,Czechia,5.910859255144918,4.552081878167719,7.548035309707782,True
CZ,T,PED,82.0,,10827529.0,,2023,Czechia,7.573288420654427,6.023261029169662,9.400447797098316,True
CZ,T,UNK,0.0,,10827529.0,,2023,Czechia,0.0,0.0,0.3406944884759889,True
CZ,M,TOTAL,386.0,,5308523.0,,2023,Czechia,72.7132575294484,65.63945224033422,80.3416072684147,True
CZ,M,DRIV,309.0,,5308523.0,,2023,Czechia,58.208281286527345,51.898369053153814,65.07382552233533,True
CZ,M,PAS,27.0,,5308523.0,,2023,Czechia,5.086160500764525,3.351811818798708,7.400096494855939,True
CZ,M,PED,50.0,,5308523.0,,2023,Czechia,9.418815742156529,6.990826589140117,12.41753434323197,True
CZ,M,UNK,0.0,,5308523.0,,2023,Czechia,0.0,0.0,0.6948975174665224,True
CZ,F,TOTAL,106.0,,5519006.0,,2023,Czechia,19.206357086765262,15.724591487457257,23.229535631587872,True
CZ,F,DRIV,46.0,,5519006.0,,2023,Czechia,8.334834207464171,6.102146185195645,11.117500816376355,True
CZ,F,PAS,28.0,,5519006.0,,2023,Czechia,5.073377343673843,3.3712224005296485,7.332442824535468,True
CZ,F,PED,32.0,,5519006.0,,2023,Czechia,5.798145535627249,3.965927254162174,8.18525148902184,True
CZ,F,UNK,0.0,,5519006.0,,2023,Czechia,0.0,0.0,0.6683956230730562,True
CZ,UNK,TOTAL,10.0,,,,2023,Czechia,,,,False
CZ,UNK,DRIV,1.0,,,,2023,Czechia,,,,False
CZ,UNK,PAS,9.0,,,,2023,Czechia,,,,False
CZ,UNK,PED,0.0,,,,2023,Czechia,,,,False
CZ,UNK,UNK,0.0,,,,2023,Czechia,,,,False
CZ,T,TOTAL,494.0,,10900555.0,,2024,Czechia,45.31879340088647,41.4100357412806,49.49708845979202,True
CZ,T,DRIV,339.0,,10900555.0,,2024,Czechia,31.09933393299699,27.876518392577434,34.592512232284335,True
CZ,T,PAS,68.0,,10900555.0,,2024,Czechia,6.238214476235385,4.8442176341133525,7.908423301018118,True
CZ,T,PED,86.0,,10900555.0,,2024,Czechia,7.8895065434741625,6.310586868665861,9.743476399316107,True
CZ,T,UNK,1.0,,10900555.0,,2024,Czechia,0.09173844817993212,0.0023226164157962507,0.5111339184967093,True
CZ,M,TOTAL,369.0,,5342610.0,,2024,Czechia,69.06736595035011,62.19923158153407,76.48671598196904,True
CZ,M,DRIV,288.0,,5342610.0,,2024,Czechia,53.90623683929765,47.85963233271482,60.505295420032716,True
CZ,M,PAS,28.0,,5342610.0,,2024,Czechia,5.240884137153938,3.4825294483141263,7.5745367794520275,True
CZ,M,PED,53.0,,5342610.0,,2024,Czechia,9.920244973898525,7.4309442262035725,12.975924675243796,True
CZ,M,UNK,0.0,,5342610.0,,2024,Czechia,0.0,0.0,0.6904639219621,True
CZ,F,TOTAL,111.0,,5557945.0,,2024,Czechia,19.971410296431504,16.429332760612144,24.050729611483323,True
CZ,F,DRIV,49.0,,5557945.0,,2024,Czechia,8.81620814887517,6.5222793224526585,11.655494718446889,True
CZ,F,PAS,32.0,,5557945.0,,2024,Czechia,5.757523689061335,3.938141941182319,8.127905562113419,True
CZ,F,PED,30.0,,5557945.0,,2024,Czechia,5.397678458495001,3.6417909895511587,7.705521626213944,True
CZ,F,UNK,0.0,,5557945.0,,2024,Czechia,0.0,0.0,0.6637128388485196,True
CZ,UNK,TOTAL,14.0,,,,2024,Czechia,,,,False
CZ,UNK,DRIV,2.0,,,,2024,Czechia,,,,False
CZ,UNK,PAS,8.0,,,,2024,Czechia,,,,False
CZ,UNK,PED,3.0,,,,2024,Czechia,,,,False
CZ,UNK,UNK,1.0,,,,2024,Czechia,,,,False
DE,T,TOTAL,3648.0,,81802257.0,,2010,Germany,44.59534655626922,43.15982079282425,46.06645193762346,True
DE,T,DRIV,2584.0,,81802257.0,,2010,Germany,31.588370477357365,30.38204119670839,32.83031650635657,True
DE,T,PAS,588.0,,81802257.0,,2010,Germany,7.18806572781971,6.618735781252724,7.793268485690682,True
DE,T,PED,476.0,,81802257.0,,2010,Germany,5.818910351092146,5.307842821267084,6.365905030499042,True
DE,T,UNK,0.0,,81802257.0,,2010,Germany,0.0,0.0,0.04509508159553514,True
DE,M,TOTAL,2651.0,,40103606.0,,2010,Germany,66.1037812908894,63.611140365248204,68.66906622275759,True
DE,M,DRIV,2085.0,,40103606.0,,2010,Germany,51.99033722802882,49.78244105993371,54.27093759729075,True
DE,M,PAS,280.0,,40103606.0,,2010,Germany,6.981915790814422,6.187989886852564,7.849459785173635,True
DE,M,PED,286.0,,40103606.0,,2010,Germany,7.131528272046159,6.3288841687919195,8.007775346883042,True
DE,M,UNK,0.0,,40103606.0,,2010,Germany,0.0,0.0,0.09198373468246061,True
DE,F,TOTAL,997.0,,41698651.0,,2010,Germany,23.909646381605967,22.448353675987057,25.441090051606302,True
DE,F,DRIV,499.0,,41698651.0,,2010,Germany,11.966813986380519,10.939740769574806,13.064342450489749,True
DE,F,PAS,308.0,,41698651.0,,2010,Germany,7.386330075761923,6.584373564178571,8.259024466148036,True
DE,F,PED,190.0,,41698651.0,,2010,Germany,4.556502319463524,3.9316144057901896,5.252486639510934,True
DE,F,UNK,0.0,,41698651.0,,2010,Germany,0.0,0.0,0.08846519888890256,True
DE,UNK,TOTAL,0.0,,,,2010,Germany,,,,False
DE,UNK,DRIV,0.0,,,,2010,Germany,,,,False
DE,UNK,PAS,0.0,,,,2010,Germany,,,,False
DE,UNK,PED,0.0,,,,2010,Germany,,,,False
DE,UNK,UNK,0.0,,,,2010,Germany,,,,False
DE,T,TOTAL,4009.0,,80222065.0,b,2011,Germany,49.973782150833436,48.43868665971037,51.545148819410336,True
DE,T,DRIV,2826.0,,80222065.0,b,2011,Germany,35.22721585389257,33.940268335456295,36.550471227993924,True
DE,T,PAS,569.0,,80222065.0,b,2011,Germany,7.092811684665559,6.521918948723956,7.700292083136877,True
DE,T,PED,614.0,,80222065.0,b,2011,Germany,7.653754612275313,7.060251890856183,8.283826107043419,True
DE,T,UNK,0.0,,80222065.0,b,2011,Germany,0.0,0.0,0.04598335201311429,True
DE,M,TOTAL,2971.0,,39124600.0,b,2011,Germany,75.9368785878961,73.2306212043469,78.7175709333132,True
DE,M,DRIV,2344.0,,39124600.0,b,2011,Germany,59.911155641207834,57.51008998322241,62.3867137596623,True
DE,M,PAS,290.0,,39124600.0,b,2011,Germany,7.41221635492759,6.583582319858189,8.316285047135725,True
DE,M,PED,337.0,,39124600.0,b,2011,Germany,8.613506591760682,7.718319330526678,9.584023932241614,True
DE,M,UNK,0.0,,39124600.0,b,2011,Germany,0.0,0.0,0.09428542283151611,True
DE,F,TOTAL,1038.0,,41097465.0,b,2011,Germany,25.257032276808314,23.7437099732017,26.841516807662607,True
DE,F,DRIV,482.0,,41097465.0,b,2011,Germany,11.728217300020816,10.704427019462642,12.823511877101641,True
DE,F,PAS,279.0,,41097465.0,b,2011,Germany,6.788739889431136,6.015440206610967,7.633879862863408,True
DE,F,PED,277.0,,41097465.0,b,2011,Germany,6.740075087356361,5.9696365608269994,7.582358954269662,True
DE,F,UNK,0.0,,41097465.0,b,2011,Germany,0.0,0.0,0.08975929425607967,True
DE,UNK,TOTAL,0.0,,,,2011,Germany,,,,False
DE,UNK,DRIV,0.0,,,,2011,Germany,,,,False
DE,UNK,PAS,0.0,,,,2011,Germany,,,,False
DE,UNK,PED,0.0,,,,2011,Germany,,,,False
DE,UNK,UNK,0.0,,,,2011,Germany,,,,False
DE,T,TOTAL,3600.0,,80327900.0,,2012,Germany,44.816309152859716,43.364163146564664,46.30468914941104,True
DE,T,DRIV,2597.0,,80327900.0,,2012,Germany,32.32998746388241,31.09840078659368,33.597844009581,True
DE,T,PAS,476.0,,80327900.0,,2012,Germany,5.925711987989229,5.405264205598491,6.482746335239381,True
DE,T,PED,527.0,,80327900.0,,2012,Germany,6.560609700988075,6.012364775328823,7.145413817797615,True
DE,T,UNK,0.0,,80327900.0,,2012,Germany,0.0,0.0,0.04592276723422292,True
DE,M,TOTAL,2650.0,,39229947.0,,2012,Germany,67.55043538549772,65.00276806635428,70.17236459887178,True
DE,M,DRIV,2108.0,,39229947.0,,2012,Germany,53.73445954438837,51.4648443297004,56.07839512393249,True
DE,M,PAS,243.0,,39229947.0,,2012,Germany,6.19424747119847,5.439851338866333,7.024008722379768,True
DE,M,PED,299.0,,39229947.0,,2012,Germany,7.621728369910874,6.782214555170627,8.536452422640426,True
DE,M,UNK,0.0,,39229947.0,,2012,Germany,0.0,0.0,0.09403223140000509,True
DE,F,TOTAL,950.0,,41097953.0,,2012,Germany,23.115506507100243,21.668780244944763,24.633427359367015,True
DE,F,DRIV,489.0,,41097953.0,,2012,Germany,11.89840282312844,10.867048005876931,13.001253392217974,True
DE,F,PAS,233.0,,41097953.0,,2012,Germany,5.669382122267744,4.96473788657996,6.4459977707765015,True
DE,F,PED,228.0,,41097953.0,,2012,Germany,5.5477215617040585,4.850933209563809,6.31649801499813,True
DE,F,UNK,0.0,,41097953.0,,2012,Germany,0.0,0.0,0.0897582284478727,True
DE,UNK,TOTAL,0.0,,,,2012,Germany,,,,False
DE,UNK,DRIV,0.0,,,,2012,Germany,,,,False
DE,UNK,PAS,0.0,,,,2012,Germany,,,,False
DE,UNK,PED,0.0,,,,2012,Germany,,,,False
DE,UNK,UNK,0.0,,,,2012,Germany,,,,False
DE,T,TOTAL,3339.0,,80523746.0,,2013,Germany,41.46602916362088,40.071352256158576,42.89685967531718,True
DE,T,DRIV,2309.0,,80523746.0,,2013,Germany,28.674771290446422,27.51698119455495,29.8687574127765,True
DE,T,PAS,469.0,,80523746.0,,2013,Germany,5.824368876231864,5.3091067735183595,6.3761326498217885,True
DE,T,PED,561.0,,80523746.0,,2013,Germany,6.966888996942592,6.402231741302132,7.568000419386865,True
DE,T,UNK,0.0,,80523746.0,,2013,Germany,0.0,0.0,0.04581107607827802,True
DE,M,TOTAL,2433.0,,39380976.0,,2013,Germany,61.781099584733504,59.35034484061743,64.28585239973391,True
DE,M,DRIV,1906.0,,39380976.0,,2013,Germany,48.3990036204283,46.250337182870275,50.62173321556305,True
DE,M,PAS,227.0,,39380976.0,,2013,Germany,5.764204523524252,5.038687231526679,6.5648520880785135,True
DE,M,PED,300.0,,39380976.0,,2013,Germany,7.61789144078095,6.78015890802113,8.53054341651082,True
DE,M,UNK,0.0,,39380976.0,,2013,Germany,0.0,0.0,0.09367161073189084,True
DE,F,TOTAL,905.0,,41142770.0,,2013,Germany,21.99657436774432,20.586624793463805,23.47765977636516,True
DE,F,DRIV,403.0,,41142770.0,,2013,Germany,9.795159635581173,8.862056278139962,10.79978867694676,True
DE,F,PAS,242.0,,41142770.0,,2013,Germany,5.88195690275594,5.164164492242231,6.671613623781122,True
DE,F,PED,260.0,,41142770.0,,2013,Germany,6.319457829407208,5.5745900776515835,7.136136990592338,True
DE,F,UNK,0.0,,41142770.0,,2013,Germany,0.0,0.0,0.0896604544155373,True
DE,UNK,TOTAL,1.0,,,,2013,Germany,,,,False
DE,UNK,DRIV,0.0,,,,2013,Germany,,,,False
DE,UNK,PAS,0.0,,,,2013,Germany,,,,False
DE,UNK,PED,1.0,,,,2013,Germany,,,,False
DE,UNK,UNK,0.0,,,,2013,Germany,,,,False
DE,T,TOTAL,3377.0,,80767463.0,,2014,Germany,41.8113913024605,40.41296606411033,43.245859872130126,True
DE,T,DRIV,2421.0,,80767463.0,,2014,Germany,29.974941765844495,28.79269862723502,31.193265834019975,True
DE,T,PAS,429.0,,80767463.0,,2014,Germany,5.311544823439607,4.820751901052458,5.838754447277316,True
DE,T,PED,527.0,,80767463.0,,2014,Germany,6.524904713176394,5.979643516054679,7.1065261343502275,True
DE,T,UNK,0.0,,80767463.0,,2014,Germany,0.0,0.0,0.045672840486693705,True
DE,M,TOTAL,2509.0,,39556923.0,,2014,Germany,63.42758257511586,60.969760490969826,65.95906596981237,True
DE,M,DRIV,1983.0,,39556923.0,,2014,Germany,50.130289456538364,47.94791654667119,52.386385041783676,True
DE,M,PAS,202.0,,39556923.0,,2014,Germany,5.106565037932804,4.426597596385617,5.861425261554347,True
DE,M,PED,324.0,,39556923.0,,2014,Germany,8.190728080644694,7.323045281487869,9.13294402479918,True
DE,M,UNK,0.0,,39556923.0,,2014,Germany,0.0,0.0,0.09325496460161817,True
DE,F,TOTAL,867.0,,41210540.0,,2014,Germany,21.038307190344995,19.66103915903148,22.486611042070713,True
DE,F,DRIV,438.0,,41210540.0,,2014,Germany,10.62834896121235,9.656175407684094,11.671882973239276,True
DE,F,PAS,226.0,,41210540.0,,2014,Germany,5.4840339388903905,4.7923070224831115,6.247559095339391,True
DE,F,PED,203.0,,41210540.0,,2014,Germany,4.9259242902422535,4.271569506799044,5.652162667028278,True
DE,F,UNK,0.0,,41210540.0,,2014,Germany,0.0,0.0,0.08951300939308089,True
DE,UNK,TOTAL,1.0,,,,2014,Germany,,,,False
DE,UNK,DRIV,0.0,,,,2014,Germany,,,,False
DE,UNK,PAS,1.0,,,,2014,Germany,,,,False
DE,UNK,PED,0.0,,,,2014,Germany,,,,False
DE,UNK,UNK,0.0,,,,2014,Germany,,,,False
DE,T,TOTAL,3459.0,,81197537.0,,2015,Germany,42.599814326880384,41.19186740925404,44.04361120294705,True
DE,T,DRIV,2484.0,,81197537.0,,2015,Germany,30.59206093899129,29.400725220421123,31.81928336715454,True
DE,T,PAS,430.0,,81197537.0,,2015,Germany,5.2957271351716,4.806951288287245,5.820726129304097,True
DE,T,PED,545.0,,81197537.0,,2015,Germany,6.712026252717493,6.1602677837930395,7.299943716933359,True
DE,T,UNK,0.0,,81197537.0,,2015,Germany,0.0,0.0,0.045430927961693415,True
DE,M,TOTAL,2549.0,,39835457.0,,2015,Germany,63.98822034349951,61.528015373505994,66.52156772923183,True
DE,M,DRIV,2011.0,,39835457.0,,2015,Germany,50.482664225491376,48.30013588427938,52.73839593035472,True
DE,M,PAS,207.0,,39835457.0,,2015,Germany,5.196375681092349,4.512557563704632,5.954542347720461,True
DE,M,PED,331.0,,39835457.0,,2015,Germany,8.309180436915787,7.438046306158427,9.254312284276374,True
DE,M,UNK,0.0,,39835457.0,,2015,Germany,0.0,0.0,0.09260291539052597,True
DE,F,TOTAL,910.0,,41362080.0,,2015,Germany,22.00082781136732,20.59442125456748,23.477990880624308,True
DE,F,DRIV,473.0,,41362080.0,,2015,Germany,11.435595115139277,10.428114635206372,12.514132519260066,True
DE,F,PAS,223.0,,41362080.0,,2015,Germany,5.3914116504779255,4.706964646982853,6.147404190710475,True
DE,F,PED,214.0,,41362080.0,,2015,Germany,5.173821045750117,4.503805828169637,5.915414125471221,True
DE,F,UNK,0.0,,41362080.0,,2015,Germany,0.0,0.0,0.08918505679873777,True
DE,UNK,TOTAL,0.0,,,,2015,Germany,,,,False
DE,UNK,DRIV,0.0,,,,2015,Germany,,,,False
DE,UNK,PAS,0.0,,,,2015,Germany,,,,False
DE,UNK,PED,0.0,,,,2015,Germany,,,,False
DE,UNK,UNK,0.0,,,,2015,Germany,,,,False
DE,T,TOTAL,3206.0,,82175684.0,,2016,Germany,39.01397401206907,37.675061743186916,40.38831732285609,True
DE,T,DRIV,2290.0,,82175684.0,,2016,Germany,27.86712429433505,26.73733398683371,29.032384018334604,True
DE,T,PAS,416.0,,82175684.0,,2016,Germany,5.06232476263903,4.587486460670121,5.572964499748709,True
DE,T,PED,500.0,,82175684.0,,2016,Germany,6.084524955094989,5.562820467665708,6.641980230613856,True
DE,T,UNK,0.0,,82175684.0,,2016,Germany,0.0,0.0,0.044890158189786845,True
DE,M,TOTAL,2342.0,,40514123.0,,2016,Germany,57.80700226437087,55.489286029236496,60.1966562854564,True
DE,M,DRIV,1853.0,,40514123.0,,2016,Germany,45.737137145977464,43.67814027082555,47.86813350777771,True
DE,M,PAS,203.0,,40514123.0,,2016,Germany,5.0105984029322315,4.3449955962942175,5.749320445022974,True
DE,M,PED,286.0,,40514123.0,,2016,Germany,7.059266715461174,6.264755555115154,7.926635051384695,True
DE,M,UNK,0.0,,40514123.0,,2016,Germany,0.0,0.0,0.09105169212508772,True
DE,F,TOTAL,864.0,,41661561.0,,2016,Germany,20.738541217886674,19.37858216298688,22.168768443291285,True
DE,F,DRIV,437.0,,41661561.0,,2016,Germany,10.489285315065366,9.528761152759587,11.520398666383963,True
DE,F,PAS,213.0,,41661561.0,,2016,Germany,5.112626480798451,4.449038085417323,5.847281896155927,True
DE,F,PED,214.0,,41661561.0,,2016,Germany,5.136629422022857,4.471430558476164,5.87289161562791,True
DE,F,UNK,0.0,,41661561.0,,2016,Germany,0.0,0.0,0.08854395672101523,True
DE,UNK,TOTAL,0.0,,,,2016,Germany,,,,False
DE,UNK,DRIV,0.0,,,,2016,Germany,,,,False
DE,UNK,PAS,0.0,,,,2016,Germany,,,,False
DE,UNK,PED,0.0,,,,2016,Germany,,,,False
DE,UNK,UNK,0.0,,,,2016,Germany,,,,False
DE,T,TOTAL,3180.0,,82521653.0,,2017,Germany,38.53534053662255,37.20750593587021,39.89845848725532,True
DE,T,DRIV,2290.0,,82521653.0,,2017,Germany,27.750292399014352,26.625238695891216,28.91066681440948,True
DE,T,PAS,401.0,,82521653.0,,2017,Germany,4.859330677731334,4.395298744581426,5.359024578490696,True
DE,T,PED,489.0,,82521653.0,,2017,Germany,5.925717459876864,5.41207564267131,6.474966041391159,True
DE,T,UNK,0.0,,82521653.0,,2017,Germany,0.0,0.0,0.044701957849946794,True
DE,M,TOTAL,2350.0,,40697118.0,,2017,Germany,57.74364661399365,55.4323746380776,60.12653206426043,True
DE,M,DRIV,1880.0,,40697118.0,,2017,Germany,46.19491729119492,44.13012904259257,48.331377275574184,True
DE,M,PAS,180.0,,40697118.0,,2017,Germany,4.422917612986748,3.8003649453152,5.118363096418451,True
DE,M,PED,290.0,,40697118.0,,2017,Germany,7.125811709811982,6.329195714338389,7.994947601821987,True
DE,M,UNK,0.0,,40697118.0,,2017,Germany,0.0,0.0,0.09064227727658591,True
DE,F,TOTAL,830.0,,41824535.0,,2017,Germany,19.8448111855876,18.517528612198973,21.242104120957492,True
DE,F,DRIV,410.0,,41824535.0,,2017,Germany,9.802858537458935,8.876828617474482,10.799238373127285,True
DE,F,PAS,221.0,,41824535.0,,2017,Germany,5.283979845801035,4.610247116048848,6.028473967613941,True
DE,F,PED,199.0,,41824535.0,,2017,Germany,4.757972802327629,4.119837636276931,5.46695237575343,True
DE,F,UNK,0.0,,41824535.0,,2017,Germany,0.0,0.0,0.08819893524492109,True
DE,UNK,TOTAL,0.0,,,,2017,Germany,,,,False
DE,UNK,DRIV,0.0,,,,2017,Germany,,,,False
DE,UNK,PAS,0.0,,,,2017,Germany,,,,False
DE,UNK,PED,0.0,,,,2017,Germany,,,,False
DE,UNK,UNK,0.0,,,,2017,Germany,,,,False
DE,T,TOTAL,3275.0,,82792351.0,,2018,Germany,39.556794322702586,38.213506838580535,40.93524674290878,True
DE,T,DRIV,2433.0,,82792351.0,,2018,Germany,29.386772698361955,28.230560885510776,30.578182403510482,True
DE,T,PAS,378.0,,82792351.0,,2018,Germany,4.5656391615210925,4.116923284346,5.049917851739706,True
DE,T,PED,464.0,,82792351.0,,2018,Germany,5.604382462819542,5.105979771599947,6.13828953355603,True
DE,T,UNK,0.0,,82792351.0,,2018,Germany,0.0,0.0,0.044555800258817814,True
DE,M,TOTAL,2480.0,,40843565.0,,2018,Germany,60.71947931087798,58.35301494818831,63.15728730356309,True
DE,M,DRIV,2035.0,,40843565.0,,2018,Germany,49.82425016033738,47.68278788061855,52.03710584142386,True
DE,M,PAS,182.0,,40843565.0,,2018,Germany,4.456026304266046,3.832137348471197,5.1525370907353185,True
DE,M,PED,263.0,,40843565.0,,2018,Germany,6.43920284627456,5.684425802926481,7.266309013994232,True
DE,M,UNK,0.0,,40843565.0,,2018,Germany,0.0,0.0,0.09031727407032016,True
DE,F,TOTAL,795.0,,41948786.0,,2018,Germany,18.951680747090034,17.65701923056244,20.316162731779347,True
DE,F,DRIV,398.0,,41948786.0,,2018,Germany,9.48775966961237,8.578423183018721,10.4672547020823,True
DE,F,PAS,196.0,,41948786.0,,2018,Germany,4.672364058402072,4.041108114189993,5.3742669162595,True
DE,F,PED,201.0,,41948786.0,,2018,Germany,4.791557019075594,4.152006816101796,5.501733713077313,True
DE,F,UNK,0.0,,41948786.0,,2018,Germany,0.0,0.0,0.0879376927407133,True
DE,UNK,TOTAL,0.0,,,,2018,Germany,,,,False
DE,UNK,DRIV,0.0,,,,2018,Germany,,,,False
DE,UNK,PAS,0.0,,,,2018,Germany,,,,False
DE,UNK,PED,0.0,,,,2018,Germany,,,,False
DE,UNK,UNK,0.0,,,,2018,Germany,,,,False
DE,T,TOTAL,3046.0,,83019213.0,,2019,Germany,36.69030203887864,35.39877810232286,38.01690239262537,True
DE,T,DRIV,2282.0,,83019213.0,,2019,Germany,27.48761301796489,26.37127729768554,28.639058191885898,True
DE,T,PAS,343.0,,83019213.0,,2019,Germany,4.131573735829079,3.705855328436947,4.592787516887125,True
DE,T,PED,421.0,,83019213.0,,2019,Germany,5.07111528508467,4.598215948663885,5.579448894643295,True
DE,T,UNK,0.0,,83019213.0,,2019,Germany,0.0,0.0,0.044434045094042696,True
DE,M,TOTAL,2290.0,,40966691.0,,2019,Germany,55.89907176051881,53.63280887647253,58.23648326532681,True
DE,M,DRIV,1889.0,,40966691.0,,2019,Germany,46.11063168367687,44.05447069649131,48.23799147823283,True
DE,M,PAS,162.0,,40966691.0,,2019,Germany,3.9544321507441254,3.368931033633476,4.612440550211329,True
DE,M,PED,239.0,,40966691.0,,2019,Germany,5.834007926097814,5.117759538803236,6.622438933215011,True
DE,M,UNK,0.0,,40966691.0,,2019,Germany,0.0,0.0,0.0900458241578246,True
DE,F,TOTAL,755.0,,42052522.0,,2019,Germany,17.953738898228266,16.695761382737114,19.281386029487997,True
DE,F,DRIV,392.0,,42052522.0,,2019,Germany,9.321676355106597,8.421619823876771,10.291727133956446,True
DE,F,PAS,181.0,,42052522.0,,2019,Germany,4.30414137825075,3.6999189967058412,4.978902458659122,True
DE,F,PED,182.0,,42052522.0,,2019,Germany,4.32792116487092,3.7219682301387533,5.004408144185952,True
DE,F,UNK,0.0,,42052522.0,,2019,Germany,0.0,0.0,0.08772076628635818,True
DE,UNK,TOTAL,1.0,,,,2019,Germany,,,,False
DE,UNK,DRIV,1.0,,,,2019,Germany,,,,False
DE,UNK,PAS,0.0,,,,2019,Germany,,,,False
DE,UNK,PED,0.0,,,,2019,Germany,,,,False
DE,UNK,UNK,0.0,,,,2019,Germany,,,,False
DE,T,TOTAL,2719.0,,83166711.0,,2020,Germany,32.69336934581914,31.475935150542433,33.94583015675601,True
DE,T,DRIV,2036.0,,83166711.0,,2020,Germany,24.480948873882966,23.429005436167756,25.567953884826633,True
DE,T,PAS,304.0,,83166711.0,,2020,Germany,3.6553086727212287,3.255913836486478,4.090174839435303,True
DE,T,PED,379.0,,83166711.0,,2020,Germany,4.557111799214953,4.109809931932324,5.039815612289761,True
DE,T,UNK,0.0,,83166711.0,,2020,Germany,0.0,0.0,0.04435524033304546,True
DE,M,TOTAL,2063.0,,41037613.0,,2020,Germany,50.27095508698325,48.1248466426046,52.488115764499106,True
DE,M,DRIV,1702.0,,41037613.0,,2020,Germany,41.47414714398715,39.52696696134746,43.492432283077385,True
DE,M,PAS,156.0,,41037613.0,,2020,Germany,3.801390690048176,3.228270692116039,4.446927506166244,True
DE,M,PED,205.0,,41037613.0,,2020,Germany,4.995417252947924,4.33495986044513,5.728053129543845,True
DE,M,UNK,0.0,,41037613.0,,2020,Germany,0.0,0.0,0.08989020521524815,True
DE,F,TOTAL,655.0,,42129098.0,,2020,Germany,15.547448938973249,14.379431310162389,16.785071180908695,True
DE,F,DRIV,333.0,,42129098.0,,2020,Germany,7.904275567447468,7.078014809050521,8.800501592253813,True
DE,F,PAS,148.0,,42129098.0,,2020,Germany,3.5130113633099858,2.9698432355277125,4.12676852246597,True
DE,F,PED,174.0,,42129098.0,,2020,Germany,4.130162008215795,3.539265936978656,4.791502187661672,True
DE,F,UNK,0.0,,42129098.0,,2020,Germany,0.0,0.0,0.08756132054177698,True
DE,UNK,TOTAL,1.0,,,,2020,Germany,,,,False
DE,UNK,DRIV,1.0,,,,2020,Germany,,,,False
DE,UNK,PAS,0.0,,,,2020,Germany,,,,False
DE,UNK,PED,0.0,,,,2020,Germany,,,,False
DE,UNK,UNK,0.0,,,,2020,Germany,,,,False
DE,T,TOTAL,2562.0,,83155031.0,,2021,Germany,30.80992177129968,29.62832866555903,32.02655319636102,True
DE,T,DRIV,1946.0,,83155031.0,,2021,Germany,23.40207172792708,22.37375347830154,24.4654624082562,True
DE,T,PAS,272.0,,83155031.0,,2021,Germany,3.2709987204502395,2.8937848288577963,3.6837268805948553,True
DE,T,PED,344.0,,83155031.0,,2021,Germany,4.136851322922362,3.711192223742251,4.597946910405375,True
DE,T,UNK,0.0,,83155031.0,,2021,Germany,0.0,0.0,0.04436147049375684,True
DE,M,TOTAL,1984.0,,41026519.0,,2021,Germany,48.35896508792276,46.254229803731256,50.53478212005628,True
DE,M,DRIV,1638.0,,41026519.0,,2021,Germany,39.9253955715814,38.01510141470305,41.906825035816595,True
DE,M,PAS,141.0,,41026519.0,,2021,Germany,3.4368014503009627,2.8929543613563924,4.0531815103116005,True
DE,M,PED,205.0,,41026519.0,,2021,Germany,4.996768066040406,4.336132078948284,5.729602055042963,True
DE,M,UNK,0.0,,41026519.0,,2021,Germany,0.0,0.0,0.08991451246726381,True
DE,F,TOTAL,575.0,,42128512.0,,2021,Germany,13.648713726228925,12.555770256728259,14.811323212249071,True
DE,F,DRIV,306.0,,42128512.0,,2021,Germany,7.2634893916974805,6.472371655693823,8.12462747709341,True
DE,F,PAS,130.0,,42128512.0,,2021,Germany,3.0857961467995834,2.5781745792166606,3.6641323454831958,True
DE,F,PED,139.0,,42128512.0,,2021,Germany,3.299428187731862,2.773741253894033,3.895764448195029,True
DE,F,UNK,0.0,,42128512.0,,2021,Germany,0.0,0.0,0.08756253850394563,True
DE,UNK,TOTAL,3.0,,,,2021,Germany,,,,False
DE,UNK,DRIV,2.0,,,,2021,Germany,,,,False
DE,UNK,PAS,1.0,,,,2021,Germany,,,,False
DE,UNK,PED,0.0,,,,2021,Germany,,,,False
DE,UNK,UNK,0.0,,,,2021,Germany,,,,False
DE,T,TOTAL,2788.0,,83237124.0,,2022,Germany,33.49466999844925,32.26278357543431,34.76155061087543,True
DE,T,DRIV,2113.0,,83237124.0,,2022,Germany,25.385307642296723,24.314348637931868,26.49129379229513,True
DE,T,PAS,300.0,,83237124.0,,2022,Germany,3.6041610471789007,3.2078147634337575,4.0359530628733715,True
DE,T,PED,375.0,,83237124.0,,2022,Germany,4.505201308973626,4.06070381690962,4.9850739658171515,True
DE,T,UNK,0.0,,83237124.0,,2022,Germany,0.0,0.0,0.04431771878752004,True
DE,M,TOTAL,2101.0,,41066785.0,,2022,Germany,51.16056686687307,48.99610856281738,53.396022189036664,True
DE,M,DRIV,1756.0,,41066785.0,,2022,Germany,42.7596170481814,40.78282741959239,44.807452222653176,True
DE,M,PAS,149.0,,41066785.0,,2022,Germany,3.628236298507419,3.069058220329544,4.259822978958729,True
DE,M,PED,196.0,,41066785.0,,2022,Germany,4.772713520184256,4.12789994359236,5.48969131080141,True
DE,M,UNK,0.0,,41066785.0,,2022,Germany,0.0,0.0,0.0898263512498954,True
DE,F,TOTAL,683.0,,42170339.0,,2022,Germany,16.19621791515596,15.004181156622938,17.457772624910003,True
DE,F,DRIV,355.0,,42170339.0,,2022,Germany,8.418239179912687,7.565211451511084,9.341124317962768,True
DE,F,PAS,151.0,,42170339.0,,2022,Germany,3.5807158201882134,3.0323739076652174,4.199559154748091,True
DE,F,PED,177.0,,42170339.0,,2022,Germany,4.197262915055058,3.6016796865629424,4.8632067221372255,True
DE,F,UNK,0.0,,42170339.0,,2022,Germany,0.0,0.0,0.08747568887492073,True
DE,UNK,TOTAL,4.0,,,,2022,Germany,,,,False
DE,UNK,DRIV,2.0,,,,2022,Germany,,,,False
DE,UNK,PAS,0.0,,,,2022,Germany,,,,False
DE,UNK,PED,2.0,,,,2022,Germany,,,,False
DE,UNK,UNK,0.0,,,,2022,Germany,,,,False
DE,T,TOTAL,2839.0,,83118501.0,b,2023,Germany,34.15605389707401,32.91107272655747,35.43607719533673,True
DE,T,DRIV,2073.0,,83118501.0,b,2023,Germany,24.94029578324566,23.878117403387318,26.037553745131437,True
DE,T,PAS,324.0,,83118501.0,b,2023,Germany,3.898049123864734,3.4851102322613943,4.3464590819833395,True
DE,T,PED,442.0,,83118501.0,b,2023,Germany,5.317708989963618,4.8334520778420345,5.837344231581427,True
DE,T,UNK,0.0,,83118501.0,b,2023,Germany,0.0,0.0,0.04438096704985014,True
DE,M,TOTAL,2118.0,,40919705.0,b,2023,Germany,51.75990393870141,49.578801113698546,54.01225688252549,True
DE,M,DRIV,1704.0,,40919705.0,b,2023,Germany,41.64252894785043,39.68857733949168,43.66779005951105,True
DE,M,PAS,159.0,,40919705.0,b,2023,Germany,3.8856585109790016,3.305159175332741,4.538765612852083,True
DE,M,PED,255.0,,40919705.0,b,2023,Germany,6.2317164798719835,5.490252941876709,7.045397104238785,True
DE,M,UNK,0.0,,40919705.0,b,2023,Germany,0.0,0.0,0.09014921916259992,True
DE,F,TOTAL,720.0,,42198796.0,b,2023,Germany,17.062098169815084,15.838416639474662,18.355227897078077,True
DE,F,DRIV,369.0,,42198796.0,b,2023,Germany,8.74432531203023,7.87478004443112,9.683657649199935,True
DE,F,PAS,165.0,,42198796.0,b,2023,Germany,3.910064163915956,3.336206962190576,4.554295355031683,True
DE,F,PED,186.0,,42198796.0,b,2023,Germany,4.407708693868896,3.797004929085438,5.088683830266505,True
DE,F,UNK,0.0,,42198796.0,b,2023,Germany,0.0,0.0,0.08741669914264699,True
DE,UNK,TOTAL,1.0,,,,2023,Germany,,,,False
DE,UNK,DRIV,0.0,,,,2023,Germany,,,,False
DE,UNK,PAS,0.0,,,,2023,Germany,,,,False
DE,UNK,PED,1.0,,,,2023,Germany,,,,False
DE,UNK,UNK,0.0,,,,2023,Germany,,,,False
DE,T,TOTAL,2770.0,,83456045.0,,2024,Germany,33.19112474117363,31.966479403687504,34.450673189154315,True
DE,T,DRIV,2044.0,,83456045.0,,2024,Germany,24.49193464655556,23.44155824043227,25.5772505643256,True
DE,T,PAS,315.0,,83456045.0,,2024,Germany,3.7744419832020557,3.3690873965538435,4.215133266995709,True
DE,T,PED,411.0,,83456045.0,,2024,Germany,4.924748111416015,4.460082560786376,5.424669280428786,True
DE,T,UNK,0.0,,83456045.0,,2024,Germany,0.0,0.0,0.0442014650240607,True
DE,M,TOTAL,2047.0,,41161931.0,,2024,Germany,49.730417166288916,47.59919384519635,51.93248015882912,True
DE,M,DRIV,1687.0,,41161931.0,,2024,Germany,40.98447179263772,39.05184844634963,42.98798788481804,True
DE,M,PAS,133.0,,41161931.0,,2024,Germany,3.2311409297100275,2.7053667782049526,3.829267237948545,True
DE,M,PED,227.0,,41161931.0,,2024,Germany,5.514804443941174,4.8206781391344,6.280810356641671,True
DE,M,UNK,0.0,,41161931.0,,2024,Germany,0.0,0.0,0.08961871721017985,True
DE,F,TOTAL,722.0,,42294114.0,,2024,Germany,17.070933321832914,15.84828355143668,18.362873590505654,True
DE,F,DRIV,356.0,,42294114.0,,2024,Germany,8.41724690106997,7.565486388579294,9.338658682800233,True
DE,F,PAS,182.0,,42294114.0,,2024,Germany,4.303199258412175,3.7007076417586378,4.975822015809549,True
DE,F,PED,184.0,,42294114.0,,2024,Germany,4.35048716235077,3.7445683453982666,5.026527977100172,True
DE,F,UNK,0.0,,42294114.0,,2024,Germany,0.0,0.0,0.08721968863359889,True
DE,UNK,TOTAL,1.0,,,,2024,Germany,,,,False
DE,UNK,DRIV,1.0,,,,2024,Germany,,,,False
DE,UNK,PAS,0.0,,,,2024,Germany,,,,False
DE,UNK,PED,0.0,,,,2024,Germany,,,,False
DE,UNK,UNK,0.0,,,,2024,Germany,,,,False
DK,T,TOTAL,255.0,,5534738.0,,2010,Denmark,46.07264155954627,40.59081581765516,52.08838631807058,True
DK,T,DRIV,159.0,,5534738.0,,2010,Denmark,28.727647090070025,24.435870032630095,33.55623155821494,True
DK,T,PAS,52.0,,5534738.0,,2010,Denmark,9.395205337632964,7.016788726126012,12.320561829823362,True
DK,T,PED,44.0,,5534738.0,,2010,Denmark,7.949789131843278,5.7763289532665025,10.67222084953393,True
DK,T,UNK,0.0,,5534738.0,,2010,Denmark,0.0,0.0,0.666495768022612,True
DK,M,TOTAL,170.0,,2743286.0,,2010,Denmark,61.96947748065641,53.00399628761088,72.01708967886427,True
DK,M,DRIV,116.0,,2743286.0,,2010,Denmark,42.28505522209496,34.940959309898226,50.71689589721851,True
DK,M,PAS,28.0,,2743286.0,,2010,Denmark,10.206737467402233,6.782302922793152,14.751577467047984,True
DK,M,PED,26.0,,2743286.0,,2010,Denmark,9.477684791159216,6.191138370405544,13.887004156010345,True
DK,M,UNK,0.0,,2743286.0,,2010,Denmark,0.0,0.0,1.3446937191798214,True
DK,F,TOTAL,85.0,,2791452.0,,2010,Denmark,30.450102670581476,24.322460498978486,37.65202350565188,True
DK,F,DRIV,43.0,,2791452.0,,2010,Denmark,15.404169586294158,11.148073909910394,20.749315342117157,True
DK,F,PAS,24.0,,2791452.0,,2010,Denmark,8.597676048164182,5.508693273137586,12.792660448309055,True
DK,F,PED,18.0,,2791452.0,,2010,Denmark,6.4482570361231355,3.8216457887864546,10.191026128168417,True
DK,F,UNK,0.0,,2791452.0,,2010,Denmark,0.0,0.0,1.321491271966681,True
DK,UNK,TOTAL,0.0,,,,2010,Denmark,,,,False
DK,UNK,DRIV,0.0,,,,2010,Denmark,,,,False
DK,UNK,PAS,0.0,,,,2010,Denmark,,,,False
DK,UNK,PED,0.0,,,,2010,Denmark,,,,False
DK,UNK,UNK,0.0,,,,2010,Denmark,,,,False
DK,T,TOTAL,220.0,,5560628.0,,2011,Denmark,39.56387659811086,34.50823578006206,45.15177903136702,True
DK,T,DRIV,151.0,,5560628.0,,2011,Denmark,27.155206210521545,22.996725488739205,31.848351158588642,True
DK,T,PAS,36.0,,5560628.0,,2011,Denmark,6.4740888978726865,4.534372271857644,8.962867951108434,True
DK,T,PED,33.0,,5560628.0,,2011,Denmark,5.934581489716629,4.085092829933928,8.334358865431978,True
DK,T,UNK,0.0,,5560628.0,,2011,Denmark,0.0,0.0,0.6633925977630468,True
DK,M,TOTAL,161.0,,2756582.0,,2011,Denmark,58.40566324527984,49.73228063356474,68.15669065153475,True
DK,M,DRIV,119.0,,2756582.0,,2011,Denmark,43.16940326825032,35.762271239249294,51.658627194905684,True
DK,M,PAS,24.0,,2756582.0,,2011,Denmark,8.7064342725883,5.578376719679103,12.954484065321914,True
DK,M,PED,18.0,,2756582.0,,2011,Denmark,6.529825704441224,3.8699885511838668,10.319939790482556,True
DK,M,UNK,0.0,,2756582.0,,2011,Denmark,0.0,0.0,1.3382077711143494,True
DK,F,TOTAL,59.0,,2804046.0,,2011,Denmark,21.041024291327602,16.01740257780844,27.141388323364087,True
DK,F,DRIV,32.0,,2804046.0,,2011,Denmark,11.412080971567514,7.805854936504096,16.110453280516964,True
DK,F,PAS,12.0,,2804046.0,,2011,Denmark,4.279530364337818,2.2112957878445,7.4754783081935745,True
DK,F,PED,15.0,,2804046.0,,2011,Denmark,5.349412955422272,2.994025822965569,8.823043156740598,True
DK,F,UNK,0.0,,2804046.0,,2011,Denmark,0.0,0.0,1.315555969521875,True
DK,UNK,TOTAL,0.0,,,,2011,Denmark,,,,False
DK,UNK,DRIV,0.0,,,,2011,Denmark,,,,False
DK,UNK,PAS,0.0,,,,2011,Denmark,,,,False
DK,UNK,PED,0.0,,,,2011,Denmark,,,,False
DK,UNK,UNK,0.0,,,,2011,Denmark,,,,False
DK,T,TOTAL,167.0,,5580516.0,,2012,Denmark,29.92554810343703,25.558876359384797,34.824294412419974,True
DK,T,DRIV,114.0,,5580516.0,,2012,Denmark,20.42821846581929,16.85076114143484,24.540530586425234,True
DK,T,PAS,22.0,,5580516.0,,2012,Denmark,3.942287774105477,2.4706107593329385,5.968671066819849,True
DK,T,PED,31.0,,5580516.0,,2012,Denmark,5.555041863512263,3.7743814333910795,7.88493850806068,True
DK,T,UNK,0.0,,5580516.0,,2012,Denmark,0.0,0.0,0.6610283805501025,True
DK,M,TOTAL,122.0,,2766776.0,,2012,Denmark,44.09464300687876,36.61793595198379,52.64906513995605,True
DK,M,DRIV,91.0,,2766776.0,,2012,Denmark,32.89026650513088,26.481190922875967,40.38195897193979,True
DK,M,PAS,15.0,,2766776.0,,2012,Denmark,5.421472500845749,3.0343570035244314,8.941894418444372,True
DK,M,PED,16.0,,2766776.0,,2012,Denmark,5.782904000902133,3.3054292988089857,9.391073797647854,True
DK,M,UNK,0.0,,2766776.0,,2012,Denmark,0.0,0.0,1.333277234627572,True
DK,F,TOTAL,45.0,,2813740.0,,2012,Denmark,15.992948886535359,11.665366660826681,21.399823898781978,True
DK,F,DRIV,23.0,,2813740.0,,2012,Denmark,8.174173875340294,5.181725048172426,12.265274295007014,True
DK,F,PAS,7.0,,2813740.0,,2012,Denmark,2.4877920490166114,1.0002214318024647,5.125802441484422,True
DK,F,PED,15.0,,2813740.0,,2012,Denmark,5.330982962178453,2.983710695651806,8.792645685630458,True
DK,F,UNK,0.0,,2813740.0,,2012,Denmark,0.0,0.0,1.3110235679607696,True
DK,UNK,TOTAL,0.0,,,,2012,Denmark,,,,False
DK,UNK,DRIV,0.0,,,,2012,Denmark,,,,False
DK,UNK,PAS,0.0,,,,2012,Denmark,,,,False
DK,UNK,PED,0.0,,,,2012,Denmark,,,,False
DK,UNK,UNK,0.0,,,,2012,Denmark,,,,False
DK,T,TOTAL,191.0,,5602628.0,,2013,Denmark,34.09114437010631,29.42761578937456,39.283789305264136,True
DK,T,DRIV,121.0,,5602628.0,,2013,Denmark,21.597007689962638,17.920624314650443,25.80566831341188,True
DK,T,PAS,37.0,,5602628.0,,2013,Denmark,6.604043673790229,4.6498562044644105,9.10280428076446,True
DK,T,PED,33.0,,5602628.0,,2013,Denmark,5.890093006353447,4.054469005032967,8.271880494148334,True
DK,T,UNK,0.0,,5602628.0,,2013,Denmark,0.0,0.0,0.6584194870896186,True
DK,M,TOTAL,126.0,,2778852.0,,2013,Denmark,45.3424651618726,37.77148437986938,53.98598146559768,True
DK,M,DRIV,94.0,,2778852.0,,2013,Denmark,33.826918454095434,27.335593402991673,41.39558124320124,True
DK,M,PAS,14.0,,2778852.0,,2013,Denmark,5.038051684652511,2.7543497373377925,8.452994661765208,True
DK,M,PED,18.0,,2778852.0,,2013,Denmark,6.477495023124657,3.838974072890361,10.237234752886437,True
DK,M,UNK,0.0,,2778852.0,,2013,Denmark,0.0,0.0,1.3274832391627678,True
DK,F,TOTAL,65.0,,2823776.0,,2013,Denmark,23.01882302278934,17.76544163886734,29.339379545640867,True
DK,F,DRIV,27.0,,2823776.0,,2013,Denmark,9.56166494792788,6.301197450422687,13.911720492405252,True
DK,F,PAS,23.0,,2823776.0,,2013,Denmark,8.145121992679305,5.16330864666485,12.221682206673984,True
DK,F,PED,15.0,,2823776.0,,2013,Denmark,5.312036082182156,2.9731062707464444,8.76139568842778,True
DK,F,UNK,0.0,,2823776.0,,2013,Denmark,0.0,0.0,1.3063640508715761,True
DK,UNK,TOTAL,0.0,,,,2013,Denmark,,,,False
DK,UNK,DRIV,0.0,,,,2013,Denmark,,,,False
DK,UNK,PAS,0.0,,,,2013,Denmark,,,,False
DK,UNK,PED,0.0,,,,2013,Denmark,,,,False
DK,UNK,UNK,0.0,,,,2013,Denmark,,,,False
DK,T,TOTAL,182.0,,5627235.0,,2014,Denmark,32.342704720879794,27.814397458291857,37.39811534090168,True
DK,T,DRIV,129.0,,5627235.0,,2014,Denmark,22.924224774689524,19.139209349136213,27.23870543999506,True
DK,T,PAS,31.0,,5627235.0,,2014,Denmark,5.508922232677327,3.7430453818157328,7.819475373473606,True
DK,T,PED,22.0,,5627235.0,,2014,Denmark,3.909557713512942,2.450099004614098,5.9191173617460855,True
DK,T,UNK,0.0,,5627235.0,,2014,Denmark,0.0,0.0,0.6555403238204794,True
DK,M,TOTAL,139.0,,2792279.0,,2014,Denmark,49.78012583986056,41.84882373844799,58.77734972220099,True
DK,M,DRIV,111.0,,2792279.0,,2014,Denmark,39.752474591543326,32.702078793050575,47.87223353772875,True
DK,M,PAS,18.0,,2792279.0,,2014,Denmark,6.44634723106108,3.8205139172695586,10.1880078128038,True
DK,M,PED,10.0,,2792279.0,,2014,Denmark,3.5813040172561554,1.7173744801763842,6.586145597204927,True
DK,M,UNK,0.0,,2792279.0,,2014,Denmark,0.0,0.0,1.3210998808191932,True
DK,F,TOTAL,43.0,,2834956.0,,2014,Denmark,15.167783909168255,10.977000423275419,20.430905386321207,True
DK,F,DRIV,18.0,,2834956.0,,2014,Denmark,6.349304892209967,3.7630004770442738,10.034639079946208,True
DK,F,PAS,13.0,,2834956.0,,2014,Denmark,4.58560908881831,2.4416437119319667,7.841531197718368,True
DK,F,PED,12.0,,2834956.0,,2014,Denmark,4.232869928139978,2.18718565957363,7.393971916381404,True
DK,F,UNK,0.0,,2834956.0,,2014,Denmark,0.0,0.0,1.3012122424876913,True
DK,UNK,TOTAL,0.0,,,,2014,Denmark,,,,False
DK,UNK,DRIV,0.0,,,,2014,Denmark,,,,False
DK,UNK,PAS,0.0,,,,2014,Denmark,,,,False
DK,UNK,PED,0.0,,,,2014,Denmark,,,,False
DK,UNK,UNK,0.0,,,,2014,Denmark,,,,False
DK,T,TOTAL,178.0,,5659715.0,,2015,Denmark,31.45034688142424,26.999674555419453,36.42523767675577,True
DK,T,DRIV,127.0,,5659715.0,,2015,Denmark,22.439292437870105,18.706627074141412,26.698500728588474,True
DK,T,PAS,24.0,,5659715.0,,2015,Denmark,4.240496208731359,2.7169659346250583,6.309522227489054,True
DK,T,PED,27.0,,5659715.0,,2015,Denmark,4.770558234822778,3.1438279368775235,6.940911767670657,True
DK,T,UNK,0.0,,5659715.0,,2015,Denmark,0.0,0.0,0.6517783058182145,True
DK,M,TOTAL,133.0,,2811014.0,,2015,Denmark,47.31388744417495,39.61492922275185,56.07230480851344,True
DK,M,DRIV,108.0,,2811014.0,,2015,Denmark,38.42029957872853,31.516916425454912,46.38636103921889,True
DK,M,PAS,12.0,,2811014.0,,2015,Denmark,4.268922175414281,2.2058143818288416,7.456947936999588,True
DK,M,PED,13.0,,2811014.0,,2015,Denmark,4.6246656900321375,2.462439707167521,7.908319175272295,True
DK,M,UNK,0.0,,2811014.0,,2015,Denmark,0.0,0.0,1.3122949420080923,True
DK,F,TOTAL,45.0,,2848701.0,,2015,Denmark,15.796673641775673,11.522202150465937,21.137192178806693,True
DK,F,DRIV,19.0,,2848701.0,,2015,Denmark,6.669706648749728,4.015599097401495,10.41557312318337,True
DK,F,PAS,12.0,,2848701.0,,2015,Denmark,4.212446304473513,2.1766324751956136,7.358295956008356,True
DK,F,PED,14.0,,2848701.0,,2015,Denmark,4.9145206885524315,2.686814192258366,8.245730640679936,True
DK,F,UNK,0.0,,2848701.0,,2015,Denmark,0.0,0.0,1.2949338853442098,True
DK,UNK,TOTAL,0.0,,,,2015,Denmark,,,,False
DK,UNK,DRIV,0.0,,,,2015,Denmark,,,,False
DK,UNK,PAS,0.0,,,,2015,Denmark,,,,False
DK,UNK,PED,0.0,,,,2015,Denmark,,,,False
DK,UNK,UNK,0.0,,,,2015,Denmark,,,,False
DK,T,TOTAL,211.0,,5707251.0,,2016,Denmark,36.970513474876086,32.150072837417504,42.30978072238175,True
DK,T,DRIV,149.0,,5707251.0,,2016,Denmark,26.107139847187376,22.083548469614534,30.65175062652013,True
DK,T,PAS,26.0,,5707251.0,,2016,Denmark,4.555608295482361,2.975874587537213,6.675021666845386,True
DK,T,PED,36.0,,5707251.0,,2016,Denmark,6.307765332206346,4.417881291240779,8.732606028582971,True
DK,T,UNK,0.0,,5707251.0,,2016,Denmark,0.0,0.0,0.6463496093152264,True
DK,M,TOTAL,153.0,,2837887.0,,2016,Denmark,53.91335172964956,45.70906990015102,63.165088709798034,True
DK,M,DRIV,119.0,,2837887.0,,2016,Denmark,41.93260690083854,34.73768799717265,50.17861594566221,True
DK,M,PAS,11.0,,2837887.0,,2016,Denmark,3.876123326968269,1.9349467992336689,6.93545532760887,True
DK,M,PED,23.0,,2837887.0,,2016,Denmark,8.104621501842745,5.137634809646996,12.160911584863328,True
DK,M,UNK,0.0,,2837887.0,,2016,Denmark,0.0,0.0,1.2998683365877273,True
DK,F,TOTAL,58.0,,2869364.0,,2016,Denmark,20.2135386099498,15.348987329683428,26.130686014285597,True
DK,F,DRIV,30.0,,2869364.0,,2016,Denmark,10.455278591353345,7.054132560881406,14.925560296570131,True
DK,F,PAS,15.0,,2869364.0,,2016,Denmark,5.227639295676672,2.925870030007804,8.622196023748065,True
DK,F,PED,13.0,,2869364.0,,2016,Denmark,4.530620722919783,2.412364722985233,7.747499417347842,True
DK,F,UNK,0.0,,2869364.0,,2016,Denmark,0.0,0.0,1.2856087460893548,True
DK,UNK,TOTAL,0.0,,,,2016,Denmark,,,,False
DK,UNK,DRIV,0.0,,,,2016,Denmark,,,,False
DK,UNK,PAS,0.0,,,,2016,Denmark,,,,False
DK,UNK,PED,0.0,,,,2016,Denmark,,,,False
DK,UNK,UNK,0.0,,,,2016,Denmark,,,,False
DK,T,TOTAL,175.0,,5748769.0,,2017,Denmark,30.441299693899687,26.09808478552925,35.30071889384012,True
DK,T,DRIV,133.0,,5748769.0,,2017,Denmark,23.13538776736376,19.370776709616365,27.418049643149445,True
DK,T,PAS,22.0,,5748769.0,,2017,Denmark,3.8269062472331035,2.3983017707320666,5.79398204852643,True
DK,T,PED,20.0,,5748769.0,,2017,Denmark,3.479005679302821,2.1250670509467238,5.373042107392834,True
DK,T,UNK,0.0,,5748769.0,,2017,Denmark,0.0,0.0,0.6416816285562936,True
DK,M,TOTAL,132.0,,2860178.0,,2017,Denmark,46.15097382051047,38.614138147437835,54.729166650487144,True
DK,M,DRIV,105.0,,2860178.0,,2017,Denmark,36.71100190267878,30.02596248215256,44.44090607956422,True
DK,M,PAS,15.0,,2860178.0,,2017,Denmark,5.2444288432398265,2.9352670123269644,8.649887829179109,True
DK,M,PED,12.0,,2860178.0,,2017,Denmark,4.195543074591861,2.167898329657182,7.328769415112262,True
DK,M,UNK,0.0,,2860178.0,,2017,Denmark,0.0,0.0,1.2897377205593272,True
DK,F,TOTAL,43.0,,2888591.0,,2017,Denmark,14.886150375736822,10.773180838674353,20.051546865022992,True
DK,F,DRIV,28.0,,2888591.0,,2017,Denmark,9.693307221410024,6.441132253011082,14.009527808979602,True
DK,F,PAS,7.0,,2888591.0,,2017,Denmark,2.423326805352506,0.9743030603916812,4.992979401272931,True
DK,F,PED,8.0,,2888591.0,,2017,Denmark,2.7695163489742924,1.1956805850148056,5.457051282162588,True
DK,F,UNK,0.0,,2888591.0,,2017,Denmark,0.0,0.0,1.2770514946954885,True
DK,UNK,TOTAL,0.0,,,,2017,Denmark,,,,False
DK,UNK,DRIV,0.0,,,,2017,Denmark,,,,False
DK,UNK,PAS,0.0,,,,2017,Denmark,,,,False
DK,UNK,PED,0.0,,,,2017,Denmark,,,,False
DK,UNK,UNK,0.0,,,,2017,Denmark,,,,False
DK,T,TOTAL,171.0,,5781190.0,,2018,Denmark,29.57868535716695,25.311403681245327,34.35942188416146,True
DK,T,DRIV,122.0,,5781190.0,,2018,Denmark,21.10292171680917,17.524701032397466,25.196917909922877,True
DK,T,PAS,19.0,,5781190.0,,2018,Denmark,3.286520595240772,1.9787000884535424,5.132309017967856,True
DK,T,PED,30.0,,5781190.0,,2018,Denmark,5.189243045117009,3.501160491424934,7.407967113138931,True
DK,T,UNK,0.0,,5781190.0,,2018,Denmark,0.0,0.0,0.6380830683845256,True
DK,M,TOTAL,122.0,,2876473.0,,2018,Denmark,42.41305237351437,35.221476565740716,50.641243582563455,True
DK,M,DRIV,91.0,,2876473.0,,2018,Denmark,31.635965294998424,25.471305830727797,38.841955031925444,True
DK,M,PAS,10.0,,2876473.0,,2018,Denmark,3.4764797027470795,1.6671071468887189,6.393369950636692,True
DK,M,PED,21.0,,2876473.0,,2018,Denmark,7.300607375768867,4.519191031543208,11.15975388433801,True
DK,M,UNK,0.0,,2876473.0,,2018,Denmark,0.0,0.0,1.2824314548107825,True
DK,F,TOTAL,49.0,,2904717.0,,2018,Denmark,16.869113238914498,12.479862839935574,22.30186231323681,True
DK,F,DRIV,31.0,,2904717.0,,2018,Denmark,10.672296130741824,7.251307435162136,15.148472468487894,True
DK,F,PAS,9.0,,2904717.0,,2018,Denmark,3.098408554086336,1.41678968979709,5.881744573195657,True
DK,F,PED,9.0,,2904717.0,,2018,Denmark,3.098408554086336,1.41678968979709,5.881744573195657,True
DK,F,UNK,0.0,,2904717.0,,2018,Denmark,0.0,0.0,1.269961739513328,True
DK,UNK,TOTAL,0.0,,,,2018,Denmark,,,,False
DK,UNK,DRIV,0.0,,,,2018,Denmark,,,,False
DK,UNK,PAS,0.0,,,,2018,Denmark,,,,False
DK,UNK,PED,0.0,,,,2018,Denmark,,,,False
DK,UNK,UNK,0.0,,,,2018,Denmark,,,,False
DK,T,TOTAL,199.0,,5806081.0,,2019,Denmark,34.27440988163961,29.67755589575512,39.38159680910971,True
DK,T,DRIV,146.0,,5806081.0,,2019,Denmark,25.146049460901423,21.232663221692253,29.571724054543118,True
DK,T,PAS,23.0,,5806081.0,,2019,Denmark,3.9613639561694023,2.511164938457573,5.943990945843338,True
DK,T,PED,30.0,,5806081.0,,2019,Denmark,5.166996464568785,3.4861508169488014,7.376208736117815,True
DK,T,UNK,0.0,,5806081.0,,2019,Denmark,0.0,0.0,0.6353475699209046,True
DK,M,TOTAL,156.0,,2889073.0,,2019,Denmark,53.99655875777455,45.855720268162194,63.16603631583744,True
DK,M,DRIV,123.0,,2889073.0,,2019,Denmark,42.57420978978378,35.383330739906306,50.79706183026152,True
DK,M,PAS,13.0,,2889073.0,,2019,Denmark,4.499713229814546,2.395907784609043,7.694646662842675,True
DK,M,PED,20.0,,2889073.0,,2019,Denmark,6.922635738176225,4.228525753902358,10.691449438167398,True
DK,M,UNK,0.0,,2889073.0,,2019,Denmark,0.0,0.0,1.2768384371436567,True
DK,F,TOTAL,43.0,,2917008.0,,2019,Denmark,14.741132009236862,10.668230327776676,19.856208077037714,True
DK,F,DRIV,23.0,,2917008.0,,2019,Denmark,7.884791539824368,4.99828147096089,11.83105870632958,True
DK,F,PAS,10.0,,2917008.0,,2019,Denmark,3.428170234706247,1.6439408791928007,6.304527118889553,True
DK,F,PED,10.0,,2917008.0,,2019,Denmark,3.428170234706247,1.6439408791928007,6.304527118889553,True
DK,F,UNK,0.0,,2917008.0,,2019,Denmark,0.0,0.0,1.2646106744012822,True
DK,UNK,TOTAL,0.0,,,,2019,Denmark,,,,False
DK,UNK,DRIV,0.0,,,,2019,Denmark,,,,False
DK,UNK,PAS,0.0,,,,2019,Denmark,,,,False
DK,UNK,PED,0.0,,,,2019,Denmark,,,,False
DK,UNK,UNK,0.0,,,,2019,Denmark,,,,False
DK,T,TOTAL,163.0,,5822763.0,,2020,Denmark,27.993583115095017,23.86101609992331,32.63624349068158,True
DK,T,DRIV,121.0,,5822763.0,,2020,Denmark,20.780512619180964,17.243118355107597,24.830060892300473,True
DK,T,PAS,19.0,,5822763.0,,2020,Denmark,3.263055700532548,1.9645726890080766,5.095665678233098,True
DK,T,PED,23.0,,5822763.0,,2020,Denmark,3.9500147953815055,2.503970544060386,5.9269616322754395,True
DK,T,UNK,0.0,,5822763.0,,2020,Denmark,0.0,0.0,0.6335273227012563,True
DK,M,TOTAL,121.0,,2896918.0,,2020,Denmark,41.7685277940211,34.65841682876125,49.908060860346815,True
DK,M,DRIV,95.0,,2896918.0,,2020,Denmark,32.79347223497524,26.531877348040275,40.08831924947669,True
DK,M,PAS,14.0,,2896918.0,,2020,Denmark,4.832722224101614,2.64209421057158,8.10848671651582,True
DK,M,PED,12.0,,2896918.0,,2020,Denmark,4.142333334944241,2.1404040807237967,7.23582270819435,True
DK,M,UNK,0.0,,2896918.0,,2020,Denmark,0.0,0.0,1.2733806942805892,True
DK,F,TOTAL,42.0,,2925845.0,,2020,Denmark,14.35482740883403,10.345696963604599,19.40355650367352,True
DK,F,DRIV,26.0,,2925845.0,,2020,Denmark,8.886321729278208,5.804840384776481,13.020520254191522,True
DK,F,PAS,5.0,,2925845.0,,2020,Denmark,1.7089080248611939,0.5548777840652601,3.9880212654199623,True
DK,F,PED,11.0,,2925845.0,,2020,Denmark,3.759597654694627,1.8767776034741548,6.726958712201759,True
DK,F,UNK,0.0,,2925845.0,,2020,Denmark,0.0,0.0,1.260791140376177,True
DK,UNK,TOTAL,0.0,,,,2020,Denmark,,,,False
DK,UNK,DRIV,0.0,,,,2020,Denmark,,,,False
DK,UNK,PAS,0.0,,,,2020,Denmark,,,,False
DK,UNK,PED,0.0,,,,2020,Denmark,,,,False
DK,UNK,UNK,0.0,,,,2020,Denmark,,,,False
DK,T,TOTAL,130.0,,5840045.0,,2021,Denmark,22.260102447840726,18.598257153604816,26.432064048526502,True
DK,T,DRIV,103.0,,5840045.0,,2021,Denmark,17.636850400981498,14.395768927263125,21.38981042903456,True
DK,T,PAS,8.0,,5840045.0,,2021,Denmark,1.3698524583286602,0.5914050622466954,2.699155438047706,True
DK,T,PED,19.0,,5840045.0,,2021,Denmark,3.2533995885305678,1.958759078802772,5.080586463218278,True
DK,T,UNK,0.0,,5840045.0,,2021,Denmark,0.0,0.0,0.6316525735870075,True
DK,M,TOTAL,93.0,,2904857.0,,2021,Denmark,32.01534533369457,25.840515634074016,39.22096097168729,True
DK,M,DRIV,75.0,,2904857.0,,2021,Denmark,25.81882688201175,20.308145186303992,32.36412307002815,True
DK,M,PAS,5.0,,2904857.0,,2021,Denmark,1.72125512546745,0.5588868540235961,4.016835279438082,True
DK,M,PED,13.0,,2904857.0,,2021,Denmark,4.475263326215369,2.3828892406764948,7.652836583060328,True
DK,M,UNK,0.0,,2904857.0,,2021,Denmark,0.0,0.0,1.269900533525036,True
DK,F,TOTAL,37.0,,2935188.0,,2021,Denmark,12.60566614472395,8.87555228731721,17.375250287862592,True
DK,F,DRIV,28.0,,2935188.0,,2021,Denmark,9.539423028439746,6.338877324334091,13.787122304693327,True
DK,F,PAS,3.0,,2935188.0,,2021,Denmark,1.0220810387614012,0.2107776820072859,2.986954522075698,True
DK,F,PED,6.0,,2935188.0,,2021,Denmark,2.0441620775228024,0.7501714552835632,4.449280258204478,True
DK,F,UNK,0.0,,2935188.0,,2021,Denmark,0.0,0.0,1.256777914775454,True
DK,UNK,TOTAL,0.0,,,,2021,Denmark,,,,False
DK,UNK,DRIV,0.0,,,,2021,Denmark,,,,False
DK,UNK,PAS,0.0,,,,2021,Denmark,,,,False
DK,UNK,PED,0.0,,,,2021,Denmark,,,,False
DK,UNK,UNK,0.0,,,,2021,Denmark,,,,False
DK,T,TOTAL,154.0,,5873420.0,,2022,Denmark,26.219817414726002,22.2422430727596,30.703452670569163,True
DK,T,DRIV,112.0,,5873420.0,,2022,Denmark,19.06895811980073,15.701321126798083,22.944911702574547,True
DK,T,PAS,14.0,,5873420.0,,2022,Denmark,2.383619764975091,1.3031471061665265,3.9993089412702605,True
DK,T,PED,28.0,,5873420.0,,2022,Denmark,4.767239529950182,3.167796046572105,6.8899884468109205,True
DK,T,UNK,0.0,,5873420.0,,2022,Denmark,0.0,0.0,0.6280632841026073,True
DK,M,TOTAL,118.0,,2922915.0,,2022,Denmark,40.370657374572986,33.415860173931485,48.346094472080985,True
DK,M,DRIV,96.0,,2922915.0,,2022,Denmark,32.8439246437204,26.60368440922656,40.10805343273016,True
DK,M,PAS,6.0,,2922915.0,,2022,Denmark,2.052745290232525,0.753321343073901,4.467962298773206,True
DK,M,PED,16.0,,2922915.0,,2022,Denmark,5.473987440620066,3.1288567931813036,8.88941265741937,True
DK,M,UNK,0.0,,2922915.0,,2022,Denmark,0.0,0.0,1.262054987611318,True
DK,F,TOTAL,36.0,,2950505.0,,2022,Denmark,12.201301133195843,8.54564131134,16.89174378258508,True
DK,F,DRIV,16.0,,2950505.0,,2022,Denmark,5.422800503642597,3.099599035975716,8.806288278637364,True
DK,F,PAS,8.0,,2950505.0,,2022,Denmark,2.7114002518212983,1.1705901792230489,5.342539402642366,True
DK,F,PED,12.0,,2950505.0,,2022,Denmark,4.067100377731948,2.1015301139032876,7.104405872275072,True
DK,F,UNK,0.0,,2950505.0,,2022,Denmark,0.0,0.0,1.2502535851028673,True
DK,UNK,TOTAL,0.0,,,,2022,Denmark,,,,False
DK,UNK,DRIV,0.0,,,,2022,Denmark,,,,False
DK,UNK,PAS,0.0,,,,2022,Denmark,,,,False
DK,UNK,PED,0.0,,,,2022,Denmark,,,,False
DK,UNK,UNK,0.0,,,,2022,Denmark,,,,False
DK,T,TOTAL,162.0,,5932654.0,,2023,Denmark,27.306497227042062,23.263442745046856,31.85023545556129,True
DK,T,DRIV,110.0,,5932654.0,,2023,Denmark,18.541448734411276,15.238815897976812,22.347459842900726,True
DK,T,PAS,20.0,,5932654.0,,2023,Denmark,3.371172497165687,2.0591997418699868,5.2065025033778465,True
DK,T,PED,32.0,,5932654.0,,2023,Denmark,5.393875995465098,3.6894071879608292,7.6145435212335775,True
DK,T,UNK,0.0,,5932654.0,,2023,Denmark,0.0,0.0,0.6217924480534236,True
DK,M,TOTAL,122.0,,2948999.0,,2023,Denmark,41.36996994573413,34.35525965301646,49.39580171158656,True
DK,M,DRIV,92.0,,2948999.0,,2023,Denmark,31.197026516455246,25.14920648201726,38.260383608701154,True
DK,M,PAS,11.0,,2948999.0,,2023,Denmark,3.7300792574022577,1.862042125899954,6.674142145623635,True
DK,M,PED,19.0,,2948999.0,,2023,Denmark,6.442864171876627,3.879025107966037,10.061330496071918,True
DK,M,UNK,0.0,,2948999.0,,2023,Denmark,0.0,0.0,1.2508920668043413,True
DK,F,TOTAL,40.0,,2983655.0,,2023,Denmark,13.406375737141191,9.577711378087937,18.25567867732163,True
DK,F,DRIV,18.0,,2983655.0,,2023,Denmark,6.032869081713536,3.5754605610901815,9.534534075664908,True
DK,F,PAS,9.0,,2983655.0,,2023,Denmark,3.016434540856768,1.3793059510494121,5.7261323616233,True
DK,F,PED,13.0,,2983655.0,,2023,Denmark,4.357072114570887,2.3199573982259345,7.450726011606192,True
DK,F,UNK,0.0,,2983655.0,,2023,Denmark,0.0,0.0,1.2363626002717927,True
DK,UNK,TOTAL,0.0,,,,2023,Denmark,,,,False
DK,UNK,DRIV,0.0,,,,2023,Denmark,,,,False
DK,UNK,PAS,0.0,,,,2023,Denmark,,,,False
DK,UNK,PED,0.0,,,,2023,Denmark,,,,False
DK,UNK,UNK,0.0,,,,2023,Denmark,,,,False
DK,T,TOTAL,145.0,,5961249.0,,2024,Denmark,24.32376168148655,20.525874914165303,28.62064782198844,True
DK,T,DRIV,93.0,,5961249.0,,2024,Denmark,15.600757492263785,12.591824754048917,19.11198190602886,True
DK,T,PAS,23.0,,5961249.0,,2024,Denmark,3.8582518529254526,2.4458007100600367,5.789272163406198,True
DK,T,PED,29.0,,5961249.0,,2024,Denmark,4.864752336297309,3.258000988978642,6.986595835635552,True
DK,T,UNK,0.0,,5961249.0,,2024,Denmark,0.0,0.0,0.6188098256110315,True
DK,M,TOTAL,106.0,,2963691.0,,2024,Denmark,35.7662117946844,29.282443671363016,43.258202872009015,True
DK,M,DRIV,75.0,,2963691.0,,2024,Denmark,25.306281930201227,19.904996067893535,31.721643534644052,True
DK,M,PAS,13.0,,2963691.0,,2024,Denmark,4.386422201234879,2.3355850832640113,7.50091555366564,True
DK,M,PED,18.0,,2963691.0,,2024,Denmark,6.073507663248294,3.599545560046417,9.598760554837863,True
DK,M,UNK,0.0,,2963691.0,,2024,Denmark,0.0,0.0,1.2446909796311207,True
DK,F,TOTAL,39.0,,2997558.0,,2024,Denmark,13.010590620765303,9.251801796474489,17.785905682503174,True
DK,F,DRIV,18.0,,2997558.0,,2024,Denmark,6.0048879788147556,3.5588771861627118,9.4903118697046,True
DK,F,PAS,10.0,,2997558.0,,2024,Denmark,3.3360488771193086,1.599765107508323,6.135112662379769,True
DK,F,PED,11.0,,2997558.0,,2024,Denmark,3.6696537648312395,1.8318779377202505,6.566024248171996,True
DK,F,UNK,0.0,,2997558.0,,2024,Denmark,0.0,0.0,1.2306282160725281,True
DK,UNK,TOTAL,0.0,,,,2024,Denmark,,,,False
DK,UNK,DRIV,0.0,,,,2024,Denmark,,,,False
DK,UNK,PAS,0.0,,,,2024,Denmark,,,,False
DK,UNK,PED,0.0,,,,2024,Denmark,,,,False
DK,UNK,UNK,0.0,,,,2024,Denmark,,,,False
EE,T,TOTAL,79.0,,1333290.0,,2010,Estonia,59.251925687584844,46.91030755469168,73.84557835480332,True
EE,T,DRIV,49.0,,1333290.0,,2010,Estonia,36.751194413818446,27.188735945540085,48.58702802309947,True
EE,T,PAS,16.0,,1333290.0,,2010,Estonia,12.000390012675412,6.859259766173548,19.48788155432122,True
EE,T,PED,14.0,,1333290.0,,2010,Estonia,10.500341261090986,5.740634277839479,17.617788419500314,True
EE,T,UNK,0.0,,1333290.0,,2010,Estonia,0.0,0.0,2.7667495099445247,True
EE,M,TOTAL,55.0,,620800.0,,2010,Estonia,88.59536082474227,66.74215040502332,115.31903990972835,True
EE,M,DRIV,40.0,,620800.0,,2010,Estonia,64.43298969072166,46.03187248999511,87.73944420744856,True
EE,M,PAS,6.0,,620800.0,,2010,Estonia,9.664948453608247,3.5468657433808817,21.03652387647984,True
EE,M,PED,9.0,,620800.0,,2010,Estonia,14.49742268041237,6.629144808921285,27.52062411633242,True
EE,M,UNK,0.0,,620800.0,,2010,Estonia,0.0,0.0,5.9421382959309526,True
EE,F,TOTAL,24.0,,712490.0,,2010,Estonia,33.68468329380062,21.582412180783535,50.120138659845345,True
EE,F,DRIV,9.0,,712490.0,,2010,Estonia,12.63175623517523,5.776043309209019,23.979008058245263,True
EE,F,PAS,10.0,,712490.0,,2010,Estonia,14.035284705750255,6.730464562495521,25.81138828898339,True
EE,F,PED,5.0,,712490.0,,2010,Estonia,7.017642352875128,2.2786093701222767,16.376836277453254,True
EE,F,UNK,0.0,,712490.0,,2010,Estonia,0.0,0.0,5.177447338368167,True
EE,UNK,TOTAL,0.0,,,,2010,Estonia,,,,False
EE,UNK,DRIV,0.0,,,,2010,Estonia,,,,False
EE,UNK,PAS,0.0,,,,2010,Estonia,,,,False
EE,UNK,PED,0.0,,,,2010,Estonia,,,,False
EE,UNK,UNK,0.0,,,,2010,Estonia,,,,False
EE,T,TOTAL,101.0,,1329660.0,,2011,Estonia,75.95926778274145,61.870071140772026,92.29739610564394,True
EE,T,DRIV,52.0,,1329660.0,,2011,Estonia,39.10774182873817,29.207532151423095,51.28460037970074,True
EE,T,PAS,23.0,,1329660.0,,2011,Estonia,17.297655039634193,10.965229485014728,25.954975628982623,True
EE,T,PED,26.0,,1329660.0,,2011,Estonia,19.553870914369085,12.773237681509817,28.650951433543156,True
EE,T,UNK,0.0,,1329660.0,,2011,Estonia,0.0,0.0,2.7743027947850845,True
EE,M,TOTAL,74.0,,619700.0,,2011,Estonia,119.412619009198,93.7645897100871,149.9116080392071,True
EE,M,DRIV,50.0,,619700.0,,2011,Estonia,80.68420203324189,59.88536991683373,106.37206174654965,True
EE,M,PAS,9.0,,619700.0,,2011,Estonia,14.52315636598354,6.640911888620838,27.56947466745065,True
EE,M,PED,15.0,,619700.0,,2011,Estonia,24.205260609972566,13.547500617691322,39.92289635547175,True
EE,M,UNK,0.0,,619700.0,,2011,Estonia,0.0,0.0,5.952685903040077,True
EE,F,TOTAL,27.0,,709960.0,,2011,Estonia,38.03031156684884,25.062214958257893,55.33210666116701,True
EE,F,DRIV,2.0,,709960.0,,2011,Estonia,2.8170601160628768,0.34115904916328393,10.176189739878247,True
EE,F,PAS,14.0,,709960.0,,2011,Estonia,19.719420812440138,10.780790856246266,33.085837401875565,True
EE,F,PED,11.0,,709960.0,,2011,Estonia,15.493830638345822,7.734464430724039,27.722742849318205,True
EE,F,UNK,0.0,,709960.0,,2011,Estonia,0.0,0.0,5.195897591574083,True
EE,UNK,TOTAL,0.0,,,,2011,Estonia,,,,False
EE,UNK,DRIV,0.0,,,,2011,Estonia,,,,False
EE,UNK,PAS,0.0,,,,2011,Estonia,,,,False
EE,UNK,PED,0.0,,,,2011,Estonia,,,,False
EE,UNK,UNK,0.0,,,,2011,Estonia,,,,False
EE,T,TOTAL,87.0,,1325217.0,,2012,Estonia,65.64962568394459,52.582658942512595,80.97857074163991,True
EE,T,DRIV,39.0,,1325217.0,,2012,Estonia,29.42914254797516,20.92699723097159,40.230606659764284,True
EE,T,PAS,17.0,,1325217.0,,2012,Estonia,12.828087777322507,7.472833860120488,20.539011207905283,True
EE,T,PED,29.0,,1325217.0,,2012,Estonia,21.883208561314863,14.655528217301725,31.427937793272044,True
EE,T,UNK,2.0,,1325217.0,,2012,Estonia,1.5091867973320596,0.1827695226849377,5.451701621488375,True
EE,M,TOTAL,64.0,,618138.0,,2012,Estonia,103.5367506932109,79.73591422341848,132.21411919164487,True
EE,M,DRIV,33.0,,618138.0,,2012,Estonia,53.38613707618687,36.748560309720226,74.97398520907838,True
EE,M,PAS,11.0,,618138.0,,2012,Estonia,17.795379025395622,8.883389093110015,31.840848666967496,True
EE,M,PED,18.0,,618138.0,,2012,Estonia,29.119711132465564,17.258186327971302,46.02169785311368,True
EE,M,UNK,2.0,,618138.0,,2012,Estonia,3.235523459162841,0.39183690137795296,11.687823217022672,True
EE,F,TOTAL,23.0,,707079.0,,2012,Estonia,32.528189919372515,20.620082108285896,48.808256071574796,True
EE,F,DRIV,6.0,,707079.0,,2012,Estonia,8.48561476157544,3.1140710634750164,18.46961092398259,True
EE,F,PAS,6.0,,707079.0,,2012,Estonia,8.48561476157544,3.1140710634750164,18.46961092398259,True
EE,F,PED,11.0,,707079.0,,2012,Estonia,15.556960396221639,7.765978578400488,27.83569942439523,True
EE,F,UNK,0.0,,707079.0,,2012,Estonia,0.0,0.0,5.2170683249169265,True
EE,UNK,TOTAL,0.0,,,,2012,Estonia,,,,False
EE,UNK,DRIV,0.0,,,,2012,Estonia,,,,False
EE,UNK,PAS,0.0,,,,2012,Estonia,,,,False
EE,UNK,PED,0.0,,,,2012,Estonia,,,,False
EE,UNK,UNK,0.0,,,,2012,Estonia,,,,False
EE,T,TOTAL,81.0,,1320169.0,,2013,Estonia,61.35578096440683,48.725346523168895,76.25963356216441,True
EE,T,DRIV,45.0,,1320169.0,,2013,Estonia,34.086544980226016,24.862959809111157,45.61047903484994,True
EE,T,PAS,12.0,,1320169.0,,2013,Estonia,9.089745328060271,4.69680405214955,15.877955813367045,True
EE,T,PED,23.0,,1320169.0,,2013,Estonia,17.422011878782186,11.044061053580778,26.14157194634402,True
EE,T,UNK,1.0,,1320169.0,,2013,Estonia,0.7574787773383559,0.019177702236827177,4.220401623533728,True
EE,M,TOTAL,54.0,,616165.0,,2013,Estonia,87.6388629669001,65.83701114562618,114.34970566927804,True
EE,M,DRIV,38.0,,616165.0,,2013,Estonia,61.67179245818896,43.64263086218164,84.64935353234866,True
EE,M,PAS,4.0,,616165.0,,2013,Estonia,6.4917676271777855,1.7687881876223497,16.62150345346408,True
EE,M,PED,11.0,,616165.0,,2013,Estonia,17.85236097473891,8.911834276917446,31.94280511438,True
EE,M,UNK,1.0,,616165.0,,2013,Estonia,1.6229419067944464,0.04108933156587911,9.04245354886905,True
EE,F,TOTAL,27.0,,704004.0,,2013,Estonia,38.35205481787035,25.274245788042077,55.80022619922917,True
EE,F,DRIV,7.0,,704004.0,,2013,Estonia,9.943125323151573,3.997652075158475,20.486638373791024,True
EE,F,PAS,8.0,,704004.0,,2013,Estonia,11.363571797887513,4.905983739791965,22.39076655841915,True
EE,F,PED,12.0,,704004.0,,2013,Estonia,17.045357696831267,8.807585054519889,29.77480958656053,True
EE,F,UNK,0.0,,704004.0,,2013,Estonia,0.0,0.0,5.239855816321975,True
EE,UNK,TOTAL,0.0,,,,2013,Estonia,,,,False
EE,UNK,DRIV,0.0,,,,2013,Estonia,,,,False
EE,UNK,PAS,0.0,,,,2013,Estonia,,,,False
EE,UNK,PED,0.0,,,,2013,Estonia,,,,False
EE,UNK,UNK,0.0,,,,2013,Estonia,,,,False
EE,T,TOTAL,78.0,,1315819.0,,2014,Estonia,59.278669786649985,46.85732855736263,73.98246267219868,True
EE,T,DRIV,41.0,,1315819.0,,2014,Estonia,31.159300785290377,22.360452211478385,42.27110990625224,True
EE,T,PAS,8.0,,1315819.0,,2014,Estonia,6.079863567861537,2.624853552615141,11.97975498164513,True
EE,T,PED,26.0,,1315819.0,,2014,Estonia,19.759556595549995,12.907598397345184,28.952328612920923,True
EE,T,UNK,3.0,,1315819.0,,2014,Estonia,2.2799488379480763,0.47018026255556533,6.662978015777492,True
EE,M,TOTAL,51.0,,614919.0,,2014,Estonia,82.93775277719504,61.75260455164138,109.04782804987939,True
EE,M,DRIV,33.0,,614919.0,,2014,Estonia,53.66560473818503,36.94093298910887,75.36646171149256,True
EE,M,PAS,4.0,,614919.0,,2014,Estonia,6.50492178644667,1.7723722532989306,16.655183325614747,True
EE,M,PED,11.0,,614919.0,,2014,Estonia,17.888534912728343,8.929892176427852,32.00753028171508,True
EE,M,UNK,3.0,,614919.0,,2014,Estonia,4.878691339835003,1.0061034427227025,14.257606399773504,True
EE,F,TOTAL,27.0,,700900.0,,2014,Estonia,38.52190041375375,25.386175105956305,56.04734262400076,True
EE,F,DRIV,8.0,,700900.0,,2014,Estonia,11.41389641889,4.927710339204597,22.489926123831236,True
EE,F,PAS,4.0,,700900.0,,2014,Estonia,5.706948209445,1.5549513106382151,14.612054038241823,True
EE,F,PED,15.0,,700900.0,,2014,Estonia,21.401055785418748,11.978008464521775,35.29778694747588,True
EE,F,UNK,0.0,,700900.0,,2014,Estonia,0.0,0.0,5.263060998878493,True
EE,UNK,TOTAL,0.0,,,,2014,Estonia,,,,False
EE,UNK,DRIV,0.0,,,,2014,Estonia,,,,False
EE,UNK,PAS,0.0,,,,2014,Estonia,,,,False
EE,UNK,PED,0.0,,,,2014,Estonia,,,,False
EE,UNK,UNK,0.0,,,,2014,Estonia,,,,False
EE,T,TOTAL,67.0,,1313271.0,,2015,Estonia,51.01764982246619,39.53797786229996,64.79061185984945,True
EE,T,DRIV,28.0,,1313271.0,,2015,Estonia,21.320808881030647,14.16752266353063,30.814505112248877,True
EE,T,PAS,14.0,,1313271.0,,2015,Estonia,10.660404440515324,5.828142307490685,17.886347236659894,True
EE,T,PED,24.0,,1313271.0,,2015,Estonia,18.274979040883412,11.70912390107332,27.19172021140588,True
EE,T,UNK,1.0,,1313271.0,,2015,Estonia,0.7614574600368088,0.019278433761417024,4.242569424695206,True
EE,M,TOTAL,44.0,,614389.0,,2015,Estonia,71.61586551842562,52.03619752004729,96.14095675591153,True
EE,M,DRIV,23.0,,614389.0,,2015,Estonia,37.43556606644976,23.730937625909128,56.17172979144001,True
EE,M,PAS,5.0,,614389.0,,2015,Estonia,8.13816653618473,2.6424405224026164,18.991765932206906,True
EE,M,PED,15.0,,614389.0,,2015,Estonia,24.41449960855419,13.664610096833297,40.26800426356241,True
EE,M,UNK,1.0,,614389.0,,2015,Estonia,1.627633307236946,0.041208107541459725,9.06859235913875,True
EE,F,TOTAL,23.0,,698882.0,,2015,Estonia,32.90970435638634,20.86192953466348,49.38071504893964,True
EE,F,DRIV,5.0,,698882.0,,2015,Estonia,7.1542835557361615,2.3229763967571366,16.69571126359338,True
EE,F,PAS,9.0,,698882.0,,2015,Estonia,12.87771040032509,5.888509215258561,24.445905677094512,True
EE,F,PED,9.0,,698882.0,,2015,Estonia,12.87771040032509,5.888509215258561,24.445905677094512,True
EE,F,UNK,0.0,,698882.0,,2015,Estonia,0.0,0.0,5.278257923532063,True
EE,UNK,TOTAL,0.0,,,,2015,Estonia,,,,False
EE,UNK,DRIV,0.0,,,,2015,Estonia,,,,False
EE,UNK,PAS,0.0,,,,2015,Estonia,,,,False
EE,UNK,PED,0.0,,,,2015,Estonia,,,,False
EE,UNK,UNK,0.0,,,,2015,Estonia,,,,False
EE,T,TOTAL,71.0,,1315944.0,,2016,Estonia,53.95366368173722,42.1382589642865,68.05520531808392,True
EE,T,DRIV,32.0,,1315944.0,,2016,Estonia,24.317144194585786,16.63290862778702,34.328552035208546,True
EE,T,PAS,17.0,,1315944.0,,2016,Estonia,12.9184828533737,7.52549232308312,20.683742481372015,True
EE,T,PED,22.0,,1315944.0,,2016,Estonia,16.71803663377773,10.477104551735948,25.31130837415972,True
EE,T,UNK,0.0,,1315944.0,,2016,Estonia,0.0,0.0,2.8032191750666713,True
EE,M,TOTAL,49.0,,616708.0,,2016,Estonia,79.45413388508014,58.780605649398325,105.04257864810947,True
EE,M,DRIV,25.0,,616708.0,,2016,Estonia,40.53782341075517,26.233941910643818,59.84182416561868,True
EE,M,PAS,8.0,,616708.0,,2016,Estonia,12.972103491441654,5.600433554856597,25.560215239940643,True
EE,M,PED,16.0,,616708.0,,2016,Estonia,25.94420698288331,14.829355957181567,42.131766731680045,True
EE,M,UNK,0.0,,616708.0,,2016,Estonia,0.0,0.0,5.981565755777346,True
EE,F,TOTAL,21.0,,699236.0,,2016,Estonia,30.032778632679097,18.590763324651743,45.90829238618064,True
EE,F,DRIV,7.0,,699236.0,,2016,Estonia,10.010926210893032,4.024911548489876,20.62633411566678,True
EE,F,PAS,8.0,,699236.0,,2016,Estonia,11.441058526734894,4.939437009462473,22.543446304528533,True
EE,F,PED,6.0,,699236.0,,2016,Estonia,8.58079389505117,3.1490001279837583,18.67677582750128,True
EE,F,UNK,0.0,,699236.0,,2016,Estonia,0.0,0.0,5.275585716573425,True
EE,UNK,TOTAL,1.0,,,,2016,Estonia,,,,False
EE,UNK,DRIV,0.0,,,,2016,Estonia,,,,False
EE,UNK,PAS,1.0,,,,2016,Estonia,,,,False
EE,UNK,PED,0.0,,,,2016,Estonia,,,,False
EE,UNK,UNK,0.0,,,,2016,Estonia,,,,False
EE,T,TOTAL,48.0,,1315635.0,,2017,Estonia,36.48428325485412,26.90063035985151,48.37286647294064,True
EE,T,DRIV,28.0,,1315635.0,,2017,Estonia,21.28249856533157,14.142065736969245,30.75913603945486,True
EE,T,PAS,10.0,,1315635.0,,2017,Estonia,7.600892344761275,3.6449233230587765,13.978311645720717,True
EE,T,PED,10.0,,1315635.0,,2017,Estonia,7.600892344761275,3.6449233230587765,13.978311645720717,True
EE,T,UNK,0.0,,1315635.0,,2017,Estonia,0.0,0.0,2.8038775603521766,True
EE,M,TOTAL,31.0,,617538.0,,2017,Estonia,50.19933995964621,34.108015991148484,71.25395603711634,True
EE,M,DRIV,21.0,,617538.0,,2017,Estonia,34.00600448879259,21.050252752180736,51.98179016504799,True
EE,M,PAS,6.0,,617538.0,,2017,Estonia,9.716001282512169,3.5656012318122143,21.147644391954316,True
EE,M,PED,4.0,,617538.0,,2017,Estonia,6.477334188341446,1.7648555613198298,16.584548117530733,True
EE,M,UNK,0.0,,617538.0,,2017,Estonia,0.0,0.0,5.9735262512006315,True
EE,F,TOTAL,17.0,,698097.0,,2017,Estonia,24.35191671071499,14.185888880209045,38.9897776611368,True
EE,F,DRIV,7.0,,698097.0,,2017,Estonia,10.027259822059111,4.031478507313263,20.65998759728573,True
EE,F,PAS,4.0,,698097.0,,2017,Estonia,5.729862755462349,1.5611947532023847,14.670724376990151,True
EE,F,PED,6.0,,698097.0,,2017,Estonia,8.594794133193524,3.1541379686359505,18.707248451889473,True
EE,F,UNK,0.0,,698097.0,,2017,Estonia,0.0,0.0,5.284193248379431,True
EE,UNK,TOTAL,0.0,,,,2017,Estonia,,,,False
EE,UNK,DRIV,0.0,,,,2017,Estonia,,,,False
EE,UNK,PAS,0.0,,,,2017,Estonia,,,,False
EE,UNK,PED,0.0,,,,2017,Estonia,,,,False
EE,UNK,UNK,0.0,,,,2017,Estonia,,,,False
EE,T,TOTAL,67.0,,1319133.0,,2018,Estonia,50.79093616792242,39.36227789404141,64.50269353264329,True
EE,T,DRIV,42.0,,1319133.0,,2018,Estonia,31.839094314220024,22.946818654735875,43.03720608800678,True
EE,T,PAS,13.0,,1319133.0,,2018,Estonia,9.854957763925245,5.247349957133816,16.85227791144553,True
EE,T,PED,12.0,,1319133.0,,2018,Estonia,9.096884089777149,4.7004927545002815,15.890425793439297,True
EE,T,UNK,0.0,,1319133.0,,2018,Estonia,0.0,0.0,2.796442401269573,True
EE,M,TOTAL,47.0,,621084.0,,2018,Estonia,75.67414391612084,55.60251458267441,100.63056903840217,True
EE,M,DRIV,36.0,,621084.0,,2018,Estonia,57.963174063411714,40.59669451686926,80.24546516934294,True
EE,M,PAS,6.0,,621084.0,,2018,Estonia,9.660529010568618,3.54524388567545,21.0269046095515,True
EE,M,PED,5.0,,621084.0,,2018,Estonia,8.050440842140516,2.6139562283337217,18.787043426207518,True
EE,M,UNK,0.0,,621084.0,,2018,Estonia,0.0,0.0,5.939421163826368,True
EE,F,TOTAL,20.0,,698049.0,,2018,Estonia,28.651283792398527,17.50094847984016,44.249584058819075,True
EE,F,DRIV,6.0,,698049.0,,2018,Estonia,8.595385137719559,3.1543548568808943,18.70853481993196,True
EE,F,PAS,7.0,,698049.0,,2018,Estonia,10.027949327339485,4.031755724196821,20.661408241688445,True
EE,F,PED,7.0,,698049.0,,2018,Estonia,10.027949327339485,4.031755724196821,20.661408241688445,True
EE,F,UNK,0.0,,698049.0,,2018,Estonia,0.0,0.0,5.284556605788326,True
EE,UNK,TOTAL,0.0,,,,2018,Estonia,,,,False
EE,UNK,DRIV,0.0,,,,2018,Estonia,,,,False
EE,UNK,PAS,0.0,,,,2018,Estonia,,,,False
EE,UNK,PED,0.0,,,,2018,Estonia,,,,False
EE,UNK,UNK,0.0,,,,2018,Estonia,,,,False
EE,T,TOTAL,52.0,,1324820.0,,2019,Estonia,39.25061517791096,29.314236802328793,51.47195976877832,True
EE,T,DRIV,29.0,,1324820.0,,2019,Estonia,21.889766156911882,14.659919941990564,31.43735559441026,True
EE,T,PAS,10.0,,1324820.0,,2019,Estonia,7.548195226521338,3.6196530065461223,13.881399769038644,True
EE,T,PED,13.0,,1324820.0,,2019,Estonia,9.81265379447774,5.224824875080238,16.779936835312625,True
EE,T,UNK,0.0,,1324820.0,,2019,Estonia,0.0,0.0,2.784438228675545,True
EE,M,TOTAL,35.0,,625635.0,,2019,Estonia,55.94316174766438,38.9664619187222,77.80339554066362,True
EE,M,DRIV,23.0,,625635.0,,2019,Estonia,36.76264914846516,23.304366023391726,55.16202401533328,True
EE,M,PAS,6.0,,625635.0,,2019,Estonia,9.590256299599607,3.5194550392654684,20.873950502319538,True
EE,M,PED,6.0,,625635.0,,2019,Estonia,9.590256299599607,3.5194550392654684,20.873950502319538,True
EE,M,UNK,0.0,,625635.0,,2019,Estonia,0.0,0.0,5.896216570546621,True
EE,F,TOTAL,17.0,,699185.0,,2019,Estonia,24.314022755064826,14.163814254606855,38.92910576729566,True
EE,F,DRIV,6.0,,699185.0,,2019,Estonia,8.581419795905232,3.1492298225660607,18.678138150158663,True
EE,F,PAS,4.0,,699185.0,,2019,Estonia,5.720946530603489,1.5587653820180998,14.647895300104684,True
EE,F,PED,7.0,,699185.0,,2019,Estonia,10.011656428556105,4.025205133862808,20.627838643137906,True
EE,F,UNK,0.0,,699185.0,,2019,Estonia,0.0,0.0,5.275970528706902,True
EE,UNK,TOTAL,0.0,,,,2019,Estonia,,,,False
EE,UNK,DRIV,0.0,,,,2019,Estonia,,,,False
EE,UNK,PAS,0.0,,,,2019,Estonia,,,,False
EE,UNK,PED,0.0,,,,2019,Estonia,,,,False
EE,UNK,UNK,0.0,,,,2019,Estonia,,,,False
EE,T,TOTAL,59.0,,1328889.0,,2020,Estonia,44.3979895988303,33.79780676090587,57.270171822158034,True
EE,T,DRIV,35.0,,1328889.0,,2020,Estonia,26.337790439984076,18.345236059986775,36.62949077694456,True
EE,T,PAS,9.0,,1328889.0,,2020,Estonia,6.772574684567334,3.096852406317107,12.856456371765564,True
EE,T,PED,14.0,,1328889.0,,2020,Estonia,10.53511617599363,5.759646047412989,17.676134817757973,True
EE,T,UNK,1.0,,1328889.0,,2020,Estonia,0.7525082982852593,0.019051860602570945,4.192707886767741,True
EE,M,TOTAL,40.0,,629246.0,,2020,Estonia,63.568143460586164,45.41401366363706,86.561769107764,True
EE,M,DRIV,32.0,,629246.0,,2020,Estonia,50.85451476846893,34.78445045544122,71.79140126344939,True
EE,M,PAS,2.0,,629246.0,,2020,Estonia,3.178407173029308,0.38491985414919616,11.481499552995109,True
EE,M,PED,5.0,,629246.0,,2020,Estonia,7.9460179325732705,2.5800503938339236,18.54335518910358,True
EE,M,UNK,1.0,,629246.0,,2020,Estonia,1.589203586514654,0.04023515125132285,8.854475659660764,True
EE,F,TOTAL,19.0,,699643.0,,2020,Estonia,27.156707063459507,16.350111648893414,42.40856204033427,True
EE,F,DRIV,3.0,,699643.0,,2020,Estonia,4.28790111528308,0.8842682952528668,12.531066657913142,True
EE,F,PAS,7.0,,699643.0,,2020,Estonia,10.005102602327186,4.022570155807843,20.614335256269808,True
EE,F,PED,9.0,,699643.0,,2020,Estonia,12.86370334584924,5.88210429801818,24.41931592457749,True
EE,F,UNK,0.0,,699643.0,,2020,Estonia,0.0,0.0,5.272516775146661,True
EE,UNK,TOTAL,0.0,,,,2020,Estonia,,,,False
EE,UNK,DRIV,0.0,,,,2020,Estonia,,,,False
EE,UNK,PAS,0.0,,,,2020,Estonia,,,,False
EE,UNK,PED,0.0,,,,2020,Estonia,,,,False
EE,UNK,UNK,0.0,,,,2020,Estonia,,,,False
EE,T,TOTAL,55.0,,1330068.0,,2021,Estonia,41.35126925841386,31.15143509312192,53.824360841670774,True
EE,T,DRIV,38.0,,1330068.0,,2021,Estonia,28.569967851267755,20.2178096497293,39.21451303185973,True
EE,T,PAS,3.0,,1330068.0,,2021,Estonia,2.255523777731665,0.4651432279369186,6.591597624890099,True
EE,T,PED,13.0,,1330068.0,,2021,Estonia,9.773936370170548,5.204209477262667,16.713728860598764,True
EE,T,UNK,1.0,,1330068.0,,2021,Estonia,0.7518412592438882,0.019034972636203486,4.1889913831013885,True
EE,M,TOTAL,39.0,,630915.0,,2021,Estonia,61.81498300087967,43.9564957077205,84.50311668898797,True
EE,M,DRIV,31.0,,630915.0,,2021,Estonia,49.13498648787871,33.38483944610899,69.74319124327168,True
EE,M,PAS,1.0,,630915.0,,2021,Estonia,1.5849995641251198,0.04012871461970297,8.831052346098758,True
EE,M,PED,7.0,,630915.0,,2021,Estonia,11.094996948875838,4.460764209948832,22.859934161816373,True
EE,M,UNK,0.0,,630915.0,,2021,Estonia,0.0,0.0,5.846872326880698,True
EE,F,TOTAL,14.0,,699153.0,,2021,Estonia,20.024229317474145,10.947432502328674,33.597254280301414,True
EE,F,DRIV,6.0,,699153.0,,2021,Estonia,8.581812564631775,3.149373961766382,18.678993042322187,True
EE,F,PAS,2.0,,699153.0,,2021,Estonia,2.860604188210592,0.34643243831316617,10.333485900402287,True
EE,F,PED,5.0,,699153.0,,2021,Estonia,7.15151047052648,2.3220759835378253,16.689239807771216,True
EE,F,UNK,1.0,,699153.0,,2021,Estonia,1.430302094105296,0.03621211377808563,7.969133209667837,True
EE,UNK,TOTAL,2.0,,,,2021,Estonia,,,,False
EE,UNK,DRIV,1.0,,,,2021,Estonia,,,,False
EE,UNK,PAS,0.0,,,,2021,Estonia,,,,False
EE,UNK,PED,1.0,,,,2021,Estonia,,,,False
EE,UNK,UNK,0.0,,,,2021,Estonia,,,,False
EE,T,TOTAL,49.0,,1331796.0,,2022,Estonia,36.79242166217649,27.21923609083459,48.6415326318132,True
EE,T,DRIV,28.0,,1331796.0,,2022,Estonia,21.024240949815137,13.97045542700048,30.38588187925793,True
EE,T,PAS,10.0,,1331796.0,,2022,Estonia,7.508657482076835,3.6006931212681472,13.80868844929537,True
EE,T,PED,11.0,,1331796.0,,2022,Estonia,8.259523230284518,4.123124237673666,14.778568574542913,True
EE,T,UNK,0.0,,1331796.0,,2022,Estonia,0.0,0.0,2.769853231361211,True
EE,M,TOTAL,32.0,,633415.0,,2022,Estonia,50.51980139403077,34.555506755104574,71.31888584801507,True
EE,M,DRIV,21.0,,633415.0,,2022,Estonia,33.15361966483269,20.522613111587486,50.67882941664376,True
EE,M,PAS,5.0,,633415.0,,2022,Estonia,7.893718967817308,2.563069062334206,18.421306851468106,True
EE,M,PED,6.0,,633415.0,,2022,Estonia,9.47246276138077,3.476226886781733,20.617563560254627,True
EE,M,UNK,0.0,,633415.0,,2022,Estonia,0.0,0.0,5.8237955433861455,True
EE,F,TOTAL,16.0,,698381.0,,2022,Estonia,22.91013071661457,13.095119216647547,37.20461696060021,True
EE,F,DRIV,6.0,,698381.0,,2022,Estonia,8.591299018730464,3.1528553232273664,18.69964105913346,True
EE,F,PAS,5.0,,698381.0,,2022,Estonia,7.159415848942053,2.324642838391109,16.70768832388434,True
EE,F,PED,5.0,,698381.0,,2022,Estonia,7.159415848942053,2.324642838391109,16.70768832388434,True
EE,F,UNK,0.0,,698381.0,,2022,Estonia,0.0,0.0,5.282044405724004,True
EE,UNK,TOTAL,1.0,,,,2022,Estonia,,,,False
EE,UNK,DRIV,1.0,,,,2022,Estonia,,,,False
EE,UNK,PAS,0.0,,,,2022,Estonia,,,,False
EE,UNK,PED,0.0,,,,2022,Estonia,,,,False
EE,UNK,UNK,0.0,,,,2022,Estonia,,,,False
EE,T,TOTAL,59.0,,1365884.0,,2023,Estonia,43.19546901493831,32.8823923764342,55.71900788249644,True
EE,T,DRIV,29.0,,1365884.0,,2023,Estonia,21.23167121073239,14.219183428130018,30.492221476045255,True
EE,T,PAS,12.0,,1365884.0,,2023,Estonia,8.785519121682368,4.539605931925566,15.346533855127491,True
EE,T,PED,18.0,,1365884.0,,2023,Estonia,13.178278682523553,7.810283142931263,20.827361816616918,True
EE,T,UNK,0.0,,1365884.0,,2023,Estonia,0.0,0.0,2.700726748474933,True
EE,M,TOTAL,43.0,,647366.0,,2023,Estonia,66.42301263890906,48.070663599829444,89.47136212032085,True
EE,M,DRIV,25.0,,647366.0,,2023,Estonia,38.618030604016894,24.99155322928502,57.00783126937523,True
EE,M,PAS,9.0,,647366.0,,2023,Estonia,13.902491017446081,6.357104168860171,26.391258502020754,True
EE,M,PED,9.0,,647366.0,,2023,Estonia,13.902491017446081,6.357104168860171,26.391258502020754,True
EE,M,UNK,0.0,,647366.0,,2023,Estonia,0.0,0.0,5.698290386140044,True
EE,F,TOTAL,15.0,,718518.0,,2023,Estonia,20.876303725167638,11.684308719869666,34.43228822588417,True
EE,F,DRIV,4.0,,718518.0,,2023,Estonia,5.567014326711369,1.516824037291098,14.253767721064321,True
EE,F,PAS,2.0,,718518.0,,2023,Estonia,2.7835071633556847,0.3370956309291696,10.05498493805856,True
EE,F,PED,9.0,,718518.0,,2023,Estonia,12.525782235100582,5.727585248216932,23.77783639577459,True
EE,F,UNK,0.0,,718518.0,,2023,Estonia,0.0,0.0,5.134011192640874,True
EE,UNK,TOTAL,1.0,,,,2023,Estonia,,,,False
EE,UNK,DRIV,0.0,,,,2023,Estonia,,,,False
EE,UNK,PAS,1.0,,,,2023,Estonia,,,,False
EE,UNK,PED,0.0,,,,2023,Estonia,,,,False
EE,UNK,UNK,0.0,,,,2023,Estonia,,,,False
EE,T,TOTAL,69.0,,1374687.0,,2024,Estonia,50.19324398935903,39.053339819787944,63.522762705288756,True
EE,T,DRIV,50.0,,1374687.0,,2024,Estonia,36.37191593431814,26.995937066009837,47.95183679218383,True
EE,T,PAS,8.0,,1374687.0,,2024,Estonia,5.819506549490902,2.512449871678791,11.466747863472422,True
EE,T,PED,11.0,,1374687.0,,2024,Estonia,8.00182150554999,3.9944804651799566,14.317469004436612,True
EE,T,UNK,0.0,,1374687.0,,2024,Estonia,0.0,0.0,2.683432267937309,True
EE,M,TOTAL,52.0,,651613.0,,2024,Estonia,79.80196834624232,59.59992695121373,104.64966435733002,True
EE,M,DRIV,43.0,,651613.0,,2024,Estonia,65.99008920939269,47.7573547672732,88.88821710184362,True
EE,M,PAS,4.0,,651613.0,,2024,Estonia,6.138612949710948,1.67256542399603,15.717287217111528,True
EE,M,PED,5.0,,651613.0,,2024,Estonia,7.673266187138685,2.4914886445151048,17.906843600914453,True
EE,M,UNK,0.0,,651613.0,,2024,Estonia,0.0,0.0,5.661150796736615,True
EE,F,TOTAL,15.0,,723074.0,,2024,Estonia,20.744764712878627,11.610687333223588,34.21533462893956,True
EE,F,DRIV,7.0,,723074.0,,2024,Estonia,9.68089019934336,3.89221995469325,19.946333793916498,True
EE,F,PAS,3.0,,723074.0,,2024,Estonia,4.1489529425757254,0.8556138415924255,12.125001133690775,True
EE,F,PED,5.0,,723074.0,,2024,Estonia,6.914921570959542,2.245256211837822,16.137120238485508,True
EE,F,UNK,0.0,,723074.0,,2024,Estonia,0.0,0.0,5.101662421984383,True
EE,UNK,TOTAL,2.0,,,,2024,Estonia,,,,False
EE,UNK,DRIV,0.0,,,,2024,Estonia,,,,False
EE,UNK,PAS,1.0,,,,2024,Estonia,,,,False
EE,UNK,PED,1.0,,,,2024,Estonia,,,,False
EE,UNK,UNK,0.0,,,,2024,Estonia,,,,False
EL,T,TOTAL,1258.0,,11119289.0,,2010,Greece,113.1367302351796,106.97045145392283,119.56577976236396,True
EL,T,DRIV,838.0,,11119289.0,,2010,Greece,75.36453095157434,70.34762051870943,80.64476665107337,True
EL,T,PAS,241.0,,11119289.0,,2010,Greece,21.674047684163977,19.023798596263596,24.590215282135997,True
EL,T,PED,179.0,,11119289.0,,2010,Greece,16.098151599441294,13.826160954190888,18.636951255548677,True
EL,T,UNK,0.0,,11119289.0,,2010,Greece,0.0,0.0,0.33175497589044906,True
EL,M,TOTAL,1013.0,,5460865.0,,2010,Greece,185.50174743378568,174.252873565204,197.286242816066,True
EL,M,DRIV,778.0,,5460865.0,,2010,Greece,142.46827196790252,132.63185169546125,152.84110132178444,True
EL,M,PAS,122.0,,5460865.0,,2010,Greece,22.34078300782019,18.55267001866662,26.674926014773675,True
EL,M,PED,113.0,,5460865.0,,2010,Greece,20.69269245806296,17.053707326806233,24.878323348235195,True
EL,M,UNK,0.0,,5460865.0,,2010,Greece,0.0,0.0,0.6755119297243084,True
EL,F,TOTAL,245.0,,5658424.0,,2010,Greece,43.29827527947711,38.045852148785116,49.07316148113587,True
EL,F,DRIV,60.0,,5658424.0,,2010,Greece,10.603659252116843,8.091709096032265,13.649011351330921,True
EL,F,PAS,119.0,,5658424.0,,2010,Greece,21.03059085003174,17.422100778809135,25.16623743116237,True
EL,F,PED,66.0,,5658424.0,,2010,Greece,11.664025177328528,9.020956227147574,14.839499910665374,True
EL,F,UNK,0.0,,5658424.0,,2010,Greece,0.0,0.0,0.6519270125593161,True
EL,UNK,TOTAL,0.0,,,,2010,Greece,,,,False
EL,UNK,DRIV,0.0,,,,2010,Greece,,,,False
EL,UNK,PAS,0.0,,,,2010,Greece,,,,False
EL,UNK,PED,0.0,,,,2010,Greece,,,,False
EL,UNK,UNK,0.0,,,,2010,Greece,,,,False
EL,T,TOTAL,1141.0,,11123392.0,,2011,Greece,102.57662410890491,96.71035277557908,108.7056924596705,True
EL,T,DRIV,713.0,,11123392.0,,2011,Greece,64.09915248873725,59.47991583705585,68.98187056389862,True
EL,T,PAS,205.0,,11123392.0,,2011,Greece,18.42963009844479,15.992999718384576,21.132549097762553,True
EL,T,PED,223.0,,11123392.0,,2011,Greece,20.04784152172287,17.502740916230998,22.858982577302132,True
EL,T,UNK,0.0,,11123392.0,,2011,Greece,0.0,0.0,0.33163260398572086,True
EL,M,TOTAL,920.0,,5453444.0,b,2011,Greece,168.70073296801067,157.97431787904668,179.96377430858354,True
EL,M,DRIV,661.0,,5453444.0,b,2011,Greece,121.20780923027723,112.14256873435612,130.81072965835563,True
EL,M,PAS,105.0,,5453444.0,b,2011,Greece,19.253888001783828,15.74777284231362,23.308005339164726,True
EL,M,PED,154.0,,5453444.0,b,2011,Greece,28.239035735949614,23.95514381524917,33.06796090404052,True
EL,M,UNK,0.0,,5453444.0,b,2011,Greece,0.0,0.0,0.6764311605865826,True
EL,F,TOTAL,221.0,,5669948.0,b,2011,Greece,38.97742977537008,34.007620857163786,44.46921214357842,True
EL,F,DRIV,52.0,,5669948.0,b,2011,Greece,9.171159947145899,6.849460912244915,12.026756107970106,True
EL,F,PAS,100.0,,5669948.0,b,2011,Greece,17.636846052203655,14.350041878853766,21.45113037940143,True
EL,F,PED,69.0,,5669948.0,b,2011,Greece,12.16942377602052,9.46853808127426,15.401184648438624,True
EL,F,UNK,0.0,,5669948.0,b,2011,Greece,0.0,0.0,0.6506019903734453,True
EL,UNK,TOTAL,0.0,,,,2011,Greece,,,,False
EL,UNK,DRIV,0.0,,,,2011,Greece,,,,False
EL,UNK,PAS,0.0,,,,2011,Greece,,,,False
EL,UNK,PED,0.0,,,,2011,Greece,,,,False
EL,UNK,UNK,0.0,,,,2011,Greece,,,,False
EL,T,TOTAL,988.0,,11072725.0,,2012,Greece,89.22826133585002,83.75048146495118,94.97023455637267,True
EL,T,DRIV,651.0,,11072725.0,,2012,Greece,58.793115515828305,54.362940434047964,63.48813016153346,True
EL,T,PAS,167.0,,11072725.0,,2012,Greece,15.082104901909872,12.881356528367553,17.551012253733408,True
EL,T,PED,170.0,,11072725.0,,2012,Greece,15.353040918111846,13.131828069409734,17.84235351973185,True
EL,T,UNK,0.0,,11072725.0,,2012,Greece,0.0,0.0,0.3331501011823138,True
EL,M,TOTAL,806.0,,5417595.0,,2012,Greece,148.77450233913757,138.6795199321945,159.41006564465857,True
EL,M,DRIV,618.0,,5417595.0,,2012,Greece,114.07275737665883,105.2551964004416,123.4317940171437,True
EL,M,PAS,86.0,,5417595.0,,2012,Greece,15.874202482836019,12.697312967132094,19.60451092817887,True
EL,M,PED,102.0,,5417595.0,,2012,Greece,18.82754247964272,15.351610852008594,22.85535197989675,True
EL,M,UNK,0.0,,5417595.0,,2012,Greece,0.0,0.0,0.6809072022020722,True
EL,F,TOTAL,182.0,,5655130.0,,2012,Greece,32.183168203029815,27.677197673830836,37.21364205250081,True
EL,F,DRIV,33.0,,5655130.0,,2012,Greece,5.835409619230681,4.016827477481479,8.195084687561435,True
EL,F,PAS,81.0,,5655130.0,,2012,Greece,14.323278156293489,11.374750358372903,17.802526941048047,True
EL,F,PED,68.0,,5655130.0,,2012,Greece,12.024480427505646,9.337479554426242,15.243894155577246,True
EL,F,UNK,0.0,,5655130.0,,2012,Greece,0.0,0.0,0.6523067469914813,True
EL,UNK,TOTAL,0.0,,,,2012,Greece,,,,False
EL,UNK,DRIV,0.0,,,,2012,Greece,,,,False
EL,UNK,PAS,0.0,,,,2012,Greece,,,,False
EL,UNK,PED,0.0,,,,2012,Greece,,,,False
EL,UNK,UNK,,,,,2012,Greece,,,,False
EL,T,TOTAL,879.0,,10980006.0,,2013,Greece,80.05460106305952,74.8491386134953,85.52665706716441,True
EL,T,DRIV,582.0,,10980006.0,,2013,Greece,53.00543551615546,48.786008407721724,57.49213772026774,True
EL,T,PAS,146.0,,10980006.0,,2013,Greece,13.296896194774392,11.22754964895886,15.637134002506533,True
EL,T,PED,151.0,,10980006.0,,2013,Greece,13.75226935212968,11.646281036731393,16.129028818953326,True
EL,T,UNK,0.0,,10980006.0,,2013,Greece,0.0,0.0,0.3359633368245824,True
EL,M,TOTAL,692.0,,5355920.0,,2013,Greece,129.2028260317555,119.75440017352395,139.19856284534515,True
EL,M,DRIV,538.0,,5355920.0,,2013,Greece,100.44959596110472,92.13980263905876,109.30762190626889,True
EL,M,PAS,68.0,,5355920.0,,2013,Greece,12.696231459767883,9.859120515732586,16.09549865495182,True
EL,M,PED,86.0,,5355920.0,,2013,Greece,16.05699861088291,12.843526274509328,19.83026265925316,True
EL,M,UNK,0.0,,5355920.0,,2013,Greece,0.0,0.0,0.6887480496560695,True
EL,F,TOTAL,187.0,,5624086.0,,2013,Greece,33.249847175167666,28.65483303153251,38.372089974623506,True
EL,F,DRIV,44.0,,5624086.0,,2013,Greece,7.823493452980626,5.684562319663024,10.502674795568156,True
EL,F,PAS,78.0,,5624086.0,,2013,Greece,13.86892021210202,10.962805903931828,17.30904009129124,True
EL,F,PED,65.0,,5624086.0,,2013,Greece,11.557433510085016,8.919783184189264,14.730897752251936,True
EL,F,UNK,0.0,,5624086.0,,2013,Greece,0.0,0.0,0.6559073695021619,True
EL,UNK,TOTAL,0.0,,,,2013,Greece,,,,False
EL,UNK,DRIV,0.0,,,,2013,Greece,,,,False
EL,UNK,PAS,0.0,,,,2013,Greece,,,,False
EL,UNK,PED,0.0,,,,2013,Greece,,,,False
EL,UNK,UNK,0.0,,,,2013,Greece,,,,False
EL,T,TOTAL,795.0,,10894294.0,,2014,Greece,72.97398069117651,67.98885004395407,78.22795701828748,True
EL,T,DRIV,540.0,,10894294.0,,2014,Greece,49.567232167591584,45.474169949136076,53.92981279314141,True
EL,T,PAS,130.0,,10894294.0,,2014,Greece,11.932852188494271,9.969866675034108,14.169292979084,True
EL,T,PED,125.0,,10894294.0,,2014,Greece,11.473896335090645,9.550770253905414,13.67062950081323,True
EL,T,UNK,0.0,,10894294.0,,2014,Greece,0.0,0.0,0.3386065635931925,True
EL,M,TOTAL,649.0,,5299463.0,,2014,Greece,122.46523845906651,113.22331636188967,132.26052871963745,True
EL,M,DRIV,505.0,,5299463.0,,2014,Greece,95.29267399357255,87.16165290695287,103.97802122045223,True
EL,M,PAS,54.0,,5299463.0,,2014,Greece,10.189711674560234,7.654825021430426,13.295363396953748,True
EL,M,PED,90.0,,5299463.0,,2014,Greece,16.982852790933723,13.656219154866442,20.874809351420403,True
EL,M,UNK,0.0,,5299463.0,,2014,Greece,0.0,0.0,0.6960855192524102,True
EL,F,TOTAL,146.0,,5594831.0,,2014,Greece,26.095515664369486,22.034367527967543,30.688295172870415,True
EL,F,DRIV,35.0,,5594831.0,,2014,Greece,6.255774303102275,4.357376014131574,8.70026768799327,True
EL,F,PAS,76.0,,5594831.0,,2014,Greece,13.583967058164939,10.702621022235272,17.002360386458783,True
EL,F,PED,35.0,,5594831.0,,2014,Greece,6.255774303102275,4.357376014131574,8.70026768799327,True
EL,F,UNK,0.0,,5594831.0,,2014,Greece,0.0,0.0,0.6593370656082258,True
EL,UNK,TOTAL,0.0,,,,2014,Greece,,,,False
EL,UNK,DRIV,0.0,,,,2014,Greece,,,,False
EL,UNK,PAS,0.0,,,,2014,Greece,,,,False
EL,UNK,PED,0.0,,,,2014,Greece,,,,False
EL,UNK,UNK,0.0,,,,2014,Greece,,,,False
EL,T,TOTAL,793.0,,10818041.0,,2015,Greece,73.30347518557195,68.28963627495816,78.58805879200787,True
EL,T,DRIV,545.0,,10818041.0,,2015,Greece,50.37880703169825,46.237444589500384,54.79156993892091,True
EL,T,PAS,120.0,,10818041.0,,2015,Greece,11.092581364777597,9.196852334534386,13.264008277409214,True
EL,T,PED,128.0,,10818041.0,,2015,Greece,11.832086789096103,9.87122657355468,14.068389869928764,True
EL,T,UNK,0.0,,10818041.0,,2015,Greece,0.0,0.0,0.3409932957467933,True
EL,M,TOTAL,651.0,,5252302.0,,2015,Greece,123.94565278234191,114.60610787757325,133.84352347653765,True
EL,M,DRIV,514.0,,5252302.0,,2015,Greece,97.86185181278609,89.58341416177849,106.69952091749622,True
EL,M,PAS,56.0,,5252302.0,,2015,Greece,10.661991637190702,8.053953901095218,13.84548299156921,True
EL,M,PED,81.0,,5252302.0,,2015,Greece,15.421809332365124,12.247142680322906,19.16790088995816,True
EL,M,UNK,0.0,,5252302.0,,2015,Greece,0.0,0.0,0.7023357480422747,True
EL,F,TOTAL,142.0,,5565739.0,,2015,Greece,25.513233732304013,21.489584054661563,30.071492020916473,True
EL,F,DRIV,31.0,,5565739.0,,2015,Greece,5.569790462686087,3.784402390974829,7.9058729673182215,True
EL,F,PAS,64.0,,5565739.0,,2015,Greece,11.49892224554547,8.855571299019852,14.683866995718805,True
EL,F,PED,47.0,,5565739.0,,2015,Greece,8.444521024072454,6.204716420778221,11.229422784763528,True
EL,F,UNK,0.0,,5565739.0,,2015,Greece,0.0,0.0,0.6627834065007244,True
EL,UNK,TOTAL,0.0,,,,2015,Greece,,,,False
EL,UNK,DRIV,0.0,,,,2015,Greece,,,,False
EL,UNK,PAS,0.0,,,,2015,Greece,,,,False
EL,UNK,PED,0.0,,,,2015,Greece,,,,False
EL,UNK,UNK,0.0,,,,2015,Greece,,,,False
EL,T,TOTAL,824.0,,10735415.0,,2016,Greece,76.75530009785369,71.60333427684941,82.18003350042491,True
EL,T,DRIV,548.0,,10735415.0,,2016,Greece,51.04600055051435,46.86104740242112,55.504432438596375,True
EL,T,PAS,127.0,,10735415.0,,2016,Greece,11.830003777217742,9.862141132962654,14.07546005916894,True
EL,T,PED,149.0,,10735415.0,,2016,Greece,13.879295770121603,11.740240511126586,16.2953397157872,True
EL,T,UNK,0.0,,10735415.0,,2016,Greece,0.0,0.0,0.34361777855014786,True
EL,M,TOTAL,656.0,,5206084.0,,2016,Greece,126.00641864403264,116.54713781587698,136.028954062338,True
EL,M,DRIV,509.0,,5206084.0,,2016,Greece,97.77022422227532,89.45991557526841,106.6447691484455,True
EL,M,PAS,51.0,,5206084.0,,2016,Greece,9.796230717752538,7.293937216205264,12.880234236828255,True
EL,M,PED,96.0,,5206084.0,,2016,Greece,18.439963704004775,14.936429803090855,22.518351797498557,True
EL,M,UNK,0.0,,5206084.0,,2016,Greece,0.0,0.0,0.708570867107395,True
EL,F,TOTAL,168.0,,5529331.0,,2016,Greece,30.383422515309718,25.962627537467917,35.34117758736427,True
EL,F,DRIV,39.0,,5529331.0,,2016,Greece,7.053294512482613,5.0155819012167075,9.6420857904569,True
EL,F,PAS,76.0,,5529331.0,,2016,Greece,13.744881614068682,10.829403390112402,17.20376894841918,True
EL,F,PED,53.0,,5529331.0,,2016,Greece,9.585246388758422,7.180007297873372,12.537738277777954,True
EL,F,UNK,0.0,,5529331.0,,2016,Greece,0.0,0.0,0.6671475182285046,True
EL,UNK,TOTAL,0.0,,,,2016,Greece,,,,False
EL,UNK,DRIV,0.0,,,,2016,Greece,,,,False
EL,UNK,PAS,0.0,,,,2016,Greece,,,,False
EL,UNK,PED,0.0,,,,2016,Greece,,,,False
EL,UNK,UNK,0.0,,,,2016,Greece,,,,False
EL,T,TOTAL,731.0,,10707527.0,,2017,Greece,68.26973212395355,63.40977231338237,73.40336460383337,True
EL,T,DRIV,507.0,,10707527.0,,2017,Greece,47.34986892865178,43.317454065018495,51.65662780452171,True
EL,T,PAS,106.0,,10707527.0,,2017,Greece,9.899578119205303,8.104963430568564,11.973254564564465,True
EL,T,PED,118.0,,10707527.0,,2017,Greece,11.020285076096469,9.121781242324857,13.197400737244239,True
EL,T,UNK,0.0,,10707527.0,,2017,Greece,0.0,0.0,0.34451273894653134,True
EL,M,TOTAL,615.0,,5199203.0,,2017,Greece,118.2873605819969,109.12219582147121,128.01676388676677,True
EL,M,DRIV,481.0,,5199203.0,,2017,Greece,92.51417957713903,84.43014876385766,101.16342991844444,True
EL,M,PAS,58.0,,5199203.0,,2017,Greece,11.155555957326536,8.470881340899703,14.421142960698894,True
EL,M,PED,76.0,,5199203.0,,2017,Greece,14.617625047531323,11.517025951180132,18.29613749709938,True
EL,M,UNK,0.0,,5199203.0,,2017,Greece,0.0,0.0,0.7095086408655202,True
EL,F,TOTAL,116.0,,5508324.0,,2017,Greece,21.059037195342903,17.401489908983834,25.2583091478092,True
EL,F,DRIV,26.0,,5508324.0,,2017,Greece,4.7201290265423745,3.083344991252574,6.91608265656214,True
EL,F,PAS,48.0,,5508324.0,,2017,Greece,8.714084356693615,6.425077904546509,11.553611621634325,True
EL,F,PED,42.0,,5508324.0,,2017,Greece,7.624823812106913,5.495302333791131,10.306546742437563,True
EL,F,UNK,0.0,,5508324.0,,2017,Greece,0.0,0.0,0.6696918071838068,True
EL,UNK,TOTAL,0.0,,,,2017,Greece,,,,False
EL,UNK,DRIV,0.0,,,,2017,Greece,,,,False
EL,UNK,PAS,0.0,,,,2017,Greece,,,,False
EL,UNK,PED,0.0,,,,2017,Greece,,,,False
EL,UNK,UNK,0.0,,,,2017,Greece,,,,False
EL,T,TOTAL,700.0,,10667336.0,,2018,Greece,65.62088228963633,60.84909863854962,70.66744331737206,True
EL,T,DRIV,450.0,,10667336.0,,2018,Greece,42.18485290048049,38.37677837327374,46.26855233054159,True
EL,T,PAS,104.0,,10667336.0,,2018,Greece,9.749388225888826,7.965956665293984,11.813015639050402,True
EL,T,PED,146.0,,10667336.0,,2018,Greece,13.686641163267005,11.556640056230176,16.095473618748464,True
EL,T,UNK,0.0,,10667336.0,,2018,Greece,0.0,0.0,0.3458107491986692,True
EL,M,TOTAL,563.0,,5184399.0,,2018,Greece,108.59503676318123,99.80886771731637,117.94739553300141,True
EL,M,DRIV,420.0,,5184399.0,,2018,Greece,81.01228319811032,73.4488353672031,89.14316063052202,True
EL,M,PAS,59.0,,5184399.0,,2018,Greece,11.380296925448832,8.663209299418012,14.679753885180475,True
EL,M,PED,84.0,,5184399.0,,2018,Greece,16.202456639622067,12.923713961789206,20.059743814063637,True
EL,M,UNK,0.0,,5184399.0,,2018,Greece,0.0,0.0,0.7115346357627829,True
EL,F,TOTAL,137.0,,5482937.0,,2018,Greece,24.986608454556382,20.977905533803977,29.53825744998956,True
EL,F,DRIV,30.0,,5482937.0,,2018,Greece,5.471520099537893,3.691611634680631,7.810935160263132,True
EL,F,PAS,45.0,,5482937.0,,2018,Greece,8.20728014930684,5.986446458938788,10.981986569781634,True
EL,F,PED,62.0,,5482937.0,,2018,Greece,11.307808205711646,8.66963171128404,14.496099786619151,True
EL,F,UNK,0.0,,5482937.0,,2018,Greece,0.0,0.0,0.6727926025985591,True
EL,UNK,TOTAL,0.0,,,,2018,Greece,,,,False
EL,UNK,DRIV,0.0,,,,2018,Greece,,,,False
EL,UNK,PAS,0.0,,,,2018,Greece,,,,False
EL,UNK,PED,0.0,,,,2018,Greece,,,,False
EL,UNK,UNK,0.0,,,,2018,Greece,,,,False
EL,T,TOTAL,688.0,,10635213.0,,2019,Greece,64.6907588968834,59.94654123312935,69.71061378666292,True
EL,T,DRIV,470.0,,10635213.0,,2019,Greece,44.19281494409186,40.28729184057649,48.37470334243352,True
EL,T,PAS,73.0,,10635213.0,,2019,Greece,6.863990406210012,5.38027277145264,8.630437414180754,True
EL,T,PED,145.0,,10635213.0,,2019,Greece,13.63395354658153,11.505162266725923,16.042443927374165,True
EL,T,UNK,0.0,,10635213.0,,2019,Greece,0.0,0.0,0.34685524907812715,True
EL,M,TOTAL,580.0,,5177999.0,,2019,Greece,112.01238161691418,103.080744112345,121.51079236070345,True
EL,M,DRIV,441.0,,5177999.0,,2019,Greece,85.16803498803303,77.40363404009874,93.50034755170167,True
EL,M,PAS,37.0,,5177999.0,,2019,Greece,7.145617447975559,5.031174120950203,9.849292389189497,True
EL,M,PED,102.0,,5177999.0,,2019,Greece,19.698729180905598,16.06195949319177,23.912913194755102,True
EL,M,UNK,0.0,,5177999.0,,2019,Greece,0.0,0.0,0.7124140916431108,True
EL,F,TOTAL,108.0,,5457214.0,,2019,Greece,19.79031791679784,16.234381372763412,23.89364065442529,True
EL,F,DRIV,29.0,,5457214.0,,2019,Greece,5.314066848029049,3.5589139692062544,7.631886423839454,True
EL,F,PAS,36.0,,5457214.0,,2019,Greece,6.596772638932613,4.620298455826586,9.132713961599489,True
EL,F,PED,43.0,,5457214.0,,2019,Greece,7.879478429836176,5.70241760941887,10.613605735524322,True
EL,F,UNK,0.0,,5457214.0,,2019,Greece,0.0,0.0,0.6759638625338745,True
EL,UNK,TOTAL,0.0,,,,2019,Greece,,,,False
EL,UNK,DRIV,0.0,,,,2019,Greece,,,,False
EL,UNK,PAS,0.0,,,,2019,Greece,,,,False
EL,UNK,PED,0.0,,,,2019,Greece,,,,False
EL,UNK,UNK,0.0,,,,2019,Greece,,,,False
EL,T,TOTAL,584.0,,10612591.0,,2020,Greece,55.02897454542439,50.65581814906961,59.678652801167544,True
EL,T,DRIV,433.0,,10612591.0,,2020,Greece,40.80059242837117,37.047601956127885,44.83071303009149,True
EL,T,PAS,75.0,,10612591.0,,2020,Greece,7.067077210456899,5.558704533271042,8.858642479374996,True
EL,T,PED,76.0,,10612591.0,,2020,Greece,7.1613049065963255,5.642293750550982,8.963440969630469,True
EL,T,UNK,0.0,,10612591.0,,2020,Greece,0.0,0.0,0.3475946122972171,True
EL,M,TOTAL,506.0,,5180864.0,,2020,Greece,97.667107262418,89.3415384481633,106.55968349698355,True
EL,M,DRIV,406.0,,5180864.0,,2020,Greece,78.3653074081852,70.92703749178837,86.37154953640598,True
EL,M,PAS,41.0,,5180864.0,,2020,Greece,7.9137379402354515,5.679034977265429,10.735879105441663,True
EL,M,PED,59.0,,5180864.0,,2020,Greece,11.388061913997356,8.669120368473955,14.689770154664506,True
EL,M,UNK,0.0,,5180864.0,,2020,Greece,0.0,0.0,0.7120201290969876,True
EL,F,TOTAL,78.0,,5431727.0,,2020,Greece,14.360073692952536,11.351042348965686,17.922021863556434,True
EL,F,DRIV,27.0,,5431727.0,,2020,Greece,4.970794739868186,3.2757850554280017,7.232245369688523,True
EL,F,PAS,34.0,,5431727.0,,2020,Greece,6.259519302056233,4.334899081741824,8.747050817392532,True
EL,F,PED,17.0,,5431727.0,,2020,Greece,3.1297596510281167,1.82320033197679,5.0110483858829085,True
EL,F,UNK,0.0,,5431727.0,,2020,Greece,0.0,0.0,0.6791356513524953,True
EL,UNK,TOTAL,0.0,,,,2020,Greece,,,,False
EL,UNK,DRIV,0.0,,,,2020,Greece,,,,False
EL,UNK,PAS,0.0,,,,2020,Greece,,,,False
EL,UNK,PED,0.0,,,,2020,Greece,,,,False
EL,UNK,UNK,0.0,,,,2020,Greece,,,,False
EL,T,TOTAL,624.0,,10555344.0,,2021,Greece,59.11697430230602,54.56895018057337,63.94289634363565,True
EL,T,DRIV,447.0,,10555344.0,,2021,Greece,42.34821716847883,38.512893350341024,46.4621047183432,True
EL,T,PAS,82.0,,10555344.0,,2021,Greece,7.768576751264573,6.178579633965919,9.64285210752659,True
EL,T,PED,95.0,,10555344.0,,2021,Greece,9.000180382562615,7.281683388369924,11.002253798981398,True
EL,T,UNK,0.0,,10555344.0,,2021,Greece,0.0,0.0,0.349479794700574,True
EL,M,TOTAL,524.0,,5157227.0,,2021,Greece,101.60499043381259,93.09051277348951,110.6889298387851,True
EL,M,DRIV,414.0,,5157227.0,,2021,Greece,80.27569854885193,72.72824488489081,88.39363740213217,True
EL,M,PAS,49.0,,5157227.0,,2021,Greece,9.501230021482476,7.029062274906484,12.561129962462054,True
EL,M,PED,61.0,,5157227.0,,2021,Greece,11.828061863478183,9.047530108909797,15.193640286695947,True
EL,M,UNK,0.0,,5157227.0,,2021,Greece,0.0,0.0,0.7152835145930042,True
EL,F,TOTAL,100.0,,5398117.0,,2021,Greece,18.52497824704429,15.072661680160536,22.531337092624405,True
EL,F,DRIV,33.0,,5398117.0,,2021,Greece,6.113242821524617,4.208075070016052,8.585265800865244,True
EL,F,PAS,33.0,,5398117.0,,2021,Greece,6.113242821524617,4.208075070016052,8.585265800865244,True
EL,F,PED,34.0,,5398117.0,,2021,Greece,6.29849260399506,4.361889226293589,8.801512100460787,True
EL,F,UNK,0.0,,5398117.0,,2021,Greece,0.0,0.0,0.6833641164342928,True
EL,UNK,TOTAL,0.0,,,,2021,Greece,,,,False
EL,UNK,DRIV,0.0,,,,2021,Greece,,,,False
EL,UNK,PAS,0.0,,,,2021,Greece,,,,False
EL,UNK,PED,0.0,,,,2021,Greece,,,,False
EL,UNK,UNK,0.0,,,,2021,Greece,,,,False
EL,T,TOTAL,654.0,,10461627.0,,2022,Greece,62.51417681016538,57.814217760989926,67.49443723993276,True
EL,T,DRIV,464.0,,10461627.0,,2022,Greece,44.352565810270235,40.408252889268816,48.5778571155134,True
EL,T,PAS,78.0,,10461627.0,,2022,Greece,7.455819252588531,5.893515722269618,9.305199855707892,True
EL,T,PED,112.0,,10461627.0,,2022,Greece,10.705791747306609,8.815115806801217,12.881849380802374,True
EL,T,UNK,0.0,,10461627.0,,2022,Greece,0.0,0.0,0.35261049300590963,True
EL,M,TOTAL,539.0,,5115368.0,,2022,Greece,105.36876330305073,96.65994210070386,114.65159039598457,True
EL,M,DRIV,433.0,,5115368.0,,2022,Greece,84.64689148464001,76.86075509937606,93.00797550180782,True
EL,M,PAS,38.0,,5115368.0,,2022,Greece,7.428595557543465,5.25691634408241,10.196327794844791,True
EL,M,PED,68.0,,5115368.0,,2022,Greece,13.293276260867254,10.322749165382133,16.852395205199226,True
EL,M,UNK,0.0,,5115368.0,,2022,Greece,0.0,0.0,0.7211366717143196,True
EL,F,TOTAL,115.0,,5346259.0,,2022,Greece,21.510368278080055,17.75901509093524,25.8199394415685,True
EL,F,DRIV,31.0,,5346259.0,,2022,Greece,5.7984471010476675,3.9397634830527015,8.230432813533492,True
EL,F,PAS,40.0,,5346259.0,,2022,Greece,7.48186722715828,5.345155639071913,10.188179615687169,True
EL,F,PED,44.0,,5346259.0,,2022,Greece,8.230053949874108,5.979969799095842,11.048463286254506,True
EL,F,UNK,0.0,,5346259.0,,2022,Greece,0.0,0.0,0.6899926573168146,True
EL,UNK,TOTAL,0.0,,,,2022,Greece,,,,False
EL,UNK,DRIV,0.0,,,,2022,Greece,,,,False
EL,UNK,PAS,0.0,,,,2022,Greece,,,,False
EL,UNK,PED,0.0,,,,2022,Greece,,,,False
EL,UNK,UNK,0.0,,,,2022,Greece,,,,False
EL,T,TOTAL,646.0,,10401868.0,,2023,Greece,62.104229740273574,57.406835733346604,67.08355794246125,True
EL,T,DRIV,469.0,,10401868.0,,2023,Greece,45.0880553377528,41.09926845040447,49.35941178609041,True
EL,T,PAS,75.0,,10401868.0,,2023,Greece,7.2102433908986345,5.671313816081059,9.038102526280161,True
EL,T,PED,102.0,,10401868.0,,2023,Greece,9.805931011622143,7.995564853715457,11.903731196120612,True
EL,T,UNK,0.0,,10401868.0,,2023,Greece,0.0,0.0,0.35463624938462357,True
EL,M,TOTAL,530.0,,5086867.0,,2023,Greece,104.18986775160428,95.50726048949171,113.449766229673,True
EL,M,DRIV,427.0,,5086867.0,,2023,Greece,83.94164816968873,76.16764070082877,92.29388849802852,True
EL,M,PAS,38.0,,5086867.0,,2023,Greece,7.470216933133892,5.286370106628727,10.253456384698008,True
EL,M,PED,65.0,,5086867.0,,2023,Greece,12.778002648781657,9.861792676953076,16.286613315400537,True
EL,M,UNK,0.0,,5086867.0,,2023,Greece,0.0,0.0,0.7251770990108323,True
EL,F,TOTAL,116.0,,5315001.0,,2023,Greece,21.82501941203774,18.034435835743675,26.17703185348356,True
EL,F,DRIV,42.0,,5315001.0,,2023,Greece,7.902162200910216,5.695183450102398,10.68142767583499,True
EL,F,PAS,37.0,,5315001.0,,2023,Greece,6.9614286055637615,4.90148817791493,9.595412332364722,True
EL,F,PED,37.0,,5315001.0,,2023,Greece,6.9614286055637615,4.90148817791493,9.595412332364722,True
EL,F,UNK,0.0,,5315001.0,,2023,Greece,0.0,0.0,0.6940505663336537,True
EL,UNK,TOTAL,0.0,,,,2023,Greece,,,,False
EL,UNK,DRIV,0.0,,,,2023,Greece,,,,False
EL,UNK,PAS,0.0,,,,2023,Greece,,,,False
EL,UNK,PED,0.0,,,,2023,Greece,,,,False
EL,UNK,UNK,0.0,,,,2023,Greece,,,,False
EL,T,TOTAL,664.0,,10375764.0,,2024,Greece,63.99528747955331,59.21963749080891,69.05353084541544,True
EL,T,DRIV,491.0,,10375764.0,,2024,Greece,47.32181649466969,43.228129584891896,51.698686399260126,True
EL,T,PAS,91.0,,10375764.0,,2024,Greece,8.770438494938782,7.061409983576253,10.76815499239841,True
EL,T,PED,82.0,,10375764.0,,2024,Greece,7.903032489944837,6.285516273105706,9.809747131494909,True
EL,T,UNK,0.0,,10375764.0,,2024,Greece,0.0,0.0,0.35552846557746837,True
EL,M,TOTAL,562.0,,5083582.0,,2024,Greece,110.55196906433298,101.59968303456657,120.08168056009468,True
EL,M,DRIV,467.0,,5083582.0,,2024,Greece,91.86435863530872,83.72045165730272,100.58646947135968,True
EL,M,PAS,45.0,,5083582.0,,2024,Greece,8.852025992695701,6.456728501327305,11.844707235362547,True
EL,M,PED,50.0,,5083582.0,,2024,Greece,9.835584436328558,7.300160347066668,12.966991909314498,True
EL,M,UNK,0.0,,5083582.0,,2024,Greece,0.0,0.0,0.7256457069275042,True
EL,F,TOTAL,102.0,,5292182.0,,2024,Greece,19.27371356465065,15.715410050861346,23.396973235147378,True
EL,F,DRIV,24.0,,5292182.0,,2024,Greece,4.534991426976624,2.9056545777689546,6.747707768507056,True
EL,F,PAS,46.0,,5292182.0,,2024,Greece,8.692066901705195,6.363685415386674,11.593999169073552,True
EL,F,PED,32.0,,5292182.0,,2024,Greece,6.046655235968831,4.135907705230955,8.536073037439088,True
EL,F,UNK,0.0,,5292182.0,,2024,Greece,0.0,0.0,0.697043195814871,True
EL,UNK,TOTAL,0.0,,,,2024,Greece,,,,False
EL,UNK,DRIV,0.0,,,,2024,Greece,,,,False
EL,UNK,PAS,0.0,,,,2024,Greece,,,,False
EL,UNK,PED,0.0,,,,2024,Greece,,,,False
EL,UNK,UNK,0.0,,,,2024,Greece,,,,False
ES,T,TOTAL,2479.0,,46486619.0,,2010,Spain,53.32717356794651,51.24839989252654,55.46863048851205,True
ES,T,DRIV,1512.0,,46486619.0,,2010,Spain,32.52548867879594,30.90651569033029,34.20726286867742,True
ES,T,PAS,496.0,,46486619.0,,2010,Spain,10.669737026906603,9.751284842551671,11.651390612514483,True
ES,T,PED,471.0,,46486619.0,,2010,Spain,10.131947862243972,9.237469875618398,11.089651708098645,True
ES,T,UNK,0.0,,46486619.0,,2010,Spain,0.0,0.0,0.07935357600676306,True
ES,M,TOTAL,1917.0,,22982272.0,,2010,Spain,83.41211869740293,79.71957022589662,87.23157435036964,True
ES,M,DRIV,1360.0,,22982272.0,,2010,Spain,59.17604665021805,56.07243116680963,62.406750354794255,True
ES,M,PAS,269.0,,22982272.0,,2010,Spain,11.70467393302107,10.347609534327454,13.190251054464948,True
ES,M,PED,288.0,,22982272.0,,2010,Spain,12.53139811416382,11.125764689282482,14.065458644124524,True
ES,M,UNK,0.0,,22982272.0,,2010,Spain,0.0,0.0,0.16050978137035082,True
ES,F,TOTAL,556.0,,23504347.0,,2010,Spain,23.655198759616678,21.729557149147105,25.70573681354555,True
ES,F,DRIV,150.0,,23504347.0,,2010,Spain,6.381798226515291,5.4013907002498245,7.48870692289705,True
ES,F,PAS,225.0,,23504347.0,,2010,Spain,9.572697339772937,8.362659210426695,10.908626477967278,True
ES,F,PED,181.0,,23504347.0,,2010,Spain,7.700703193328451,6.619665928485072,8.907943929632115,True
ES,F,UNK,0.0,,23504347.0,,2010,Spain,0.0,0.0,0.1569445623872867,True
ES,UNK,TOTAL,7.0,,,,2010,Spain,,,,False
ES,UNK,DRIV,1.0,,,,2010,Spain,,,,False
ES,UNK,PAS,2.0,,,,2010,Spain,,,,False
ES,UNK,PED,3.0,,,,2010,Spain,,,,False
ES,UNK,UNK,0.0,,,,2010,Spain,,,,False
ES,T,TOTAL,2060.0,,46667174.0,,2011,Spain,44.142377252155875,42.256546027272854,46.090689861733516,True
ES,T,DRIV,1291.0,,46667174.0,,2011,Spain,27.663984967249142,26.1753459099721,29.215226301464217,True
ES,T,PAS,389.0,,46667174.0,,2011,Spain,8.335623665577007,7.527757301959843,9.206566962395758,True
ES,T,PED,380.0,,46667174.0,,2011,Spain,8.142768619329724,7.3445428386822025,9.004083674384555,True
ES,T,UNK,0.0,,46667174.0,,2011,Spain,0.0,0.0,0.0790465575248661,True
ES,M,TOTAL,1589.0,,23049480.0,,2011,Spain,68.93864850747175,65.59032237998055,72.41360664001331,True
ES,M,DRIV,1170.0,,23049480.0,,2011,Spain,50.760364225136534,47.8930994595159,53.754435996700735,True
ES,M,PAS,184.0,,23049480.0,,2011,Spain,7.982826510619763,6.8710096922388555,9.223312078522556,True
ES,M,PED,234.0,,23049480.0,,2011,Spain,10.152072845027307,8.892886499828894,11.539580661892227,True
ES,M,UNK,0.0,,23049480.0,,2011,Spain,0.0,0.0,0.16004176467815914,True
ES,F,TOTAL,465.0,,23617694.0,,2011,Spain,19.688628364818342,17.93954105560452,21.562175021671514,True
ES,F,DRIV,118.0,,23617694.0,,2011,Spain,4.996254079674332,4.135531561222147,5.983290524632193,True
ES,F,PAS,204.0,,23617694.0,,2011,Spain,8.637591798759015,7.492897544894814,9.907708822439881,True
ES,F,PED,144.0,,23617694.0,,2011,Spain,6.097123622653423,5.1419677635702055,7.178241573776893,True
ES,F,UNK,0.0,,23617694.0,,2011,Spain,0.0,0.0,0.15619134764443707,True
ES,UNK,TOTAL,6.0,,,,2011,Spain,,,,False
ES,UNK,DRIV,3.0,,,,2011,Spain,,,,False
ES,UNK,PAS,0.0,,,,2011,Spain,,,,False
ES,UNK,PED,2.0,,,,2011,Spain,,,,False
ES,UNK,UNK,0.0,,,,2011,Spain,,,,False
ES,T,TOTAL,1902.0,,46818219.0,,2012,Spain,40.62521045492995,38.81978632010788,42.49293304808963,True
ES,T,DRIV,1165.0,,46818219.0,,2012,Spain,24.883475383803045,23.474930821307897,26.354450694404996,True
ES,T,PAS,367.0,,46818219.0,,2012,Spain,7.83882872605641,7.057261837132299,8.68329990737913,True
ES,T,PED,370.0,,46818219.0,,2012,Spain,7.902906345070495,7.118067514398371,8.750645099658625,True
ES,T,UNK,0.0,,46818219.0,,2012,Spain,0.0,0.0,0.07879153741653298,True
ES,M,TOTAL,1447.0,,23099012.0,,2012,Spain,62.64337193296406,59.45690090938915,65.95625403975069,True
ES,M,DRIV,1056.0,,23099012.0,,2012,Spain,45.71624102364205,43.00015465847946,48.558927138994285,True
ES,M,PAS,158.0,,23099012.0,,2012,Spain,6.840119395582807,5.815141307541953,7.9937318928736865,True
ES,M,PED,233.0,,23099012.0,,2012,Spain,10.087011513739203,8.833302667663125,11.468772492151501,True
ES,M,UNK,0.0,,23099012.0,,2012,Spain,0.0,0.0,0.15969858165855472,True
ES,F,TOTAL,449.0,,23719207.0,,2012,Spain,18.92980654876025,17.21913471497075,20.764438434623123,True
ES,F,DRIV,107.0,,23719207.0,,2012,Spain,4.511112028323713,3.696965172445933,5.4512171204081294,True
ES,F,PAS,207.0,,23719207.0,,2012,Spain,8.727104578158958,7.5786594715826965,10.000415091756544,True
ES,F,PED,135.0,,23719207.0,,2012,Spain,5.691589942277581,4.772027228290659,6.736685525978714,True
ES,F,UNK,0.0,,23719207.0,,2012,Spain,0.0,0.0,0.15552288295784658,True
ES,UNK,TOTAL,6.0,,,,2012,Spain,,,,False
ES,UNK,DRIV,2.0,,,,2012,Spain,,,,False
ES,UNK,PAS,1.0,,,,2012,Spain,,,,False
ES,UNK,PED,2.0,,,,2012,Spain,,,,False
ES,UNK,UNK,0.0,,,,2012,Spain,,,,False
ES,T,TOTAL,1680.0,,46712650.0,,2013,Spain,35.964562061882596,34.26516563554171,37.72642832497334,True
ES,T,DRIV,1018.0,,46712650.0,,2013,Spain,21.79281201130743,20.474489108442068,23.173749254532677,True
ES,T,PAS,291.0,,46712650.0,,2013,Spain,6.229575928576092,5.534314822875364,6.988015929127814,True
ES,T,PED,371.0,,46712650.0,,2013,Spain,7.942174121999073,7.154471427875319,8.792917444022256,True
ES,T,UNK,0.0,,46712650.0,,2013,Spain,0.0,0.0,0.07896960361088347,True
ES,M,TOTAL,1279.0,,23013226.0,,2013,Spain,55.57673661224202,52.57226869112935,58.70815752823808,True
ES,M,DRIV,906.0,,23013226.0,,2013,Spain,39.36866565339427,36.84655941647023,42.01794690976248,True
ES,M,PAS,128.0,,23013226.0,,2013,Spain,5.562018988559013,4.640259205424048,6.613258758979468,True
ES,M,PED,246.0,,23013226.0,,2013,Spain,10.689505243636855,9.39533626177636,12.112130475240988,True
ES,M,UNK,0.0,,23013226.0,,2013,Spain,0.0,0.0,0.16029388726786656,True
ES,F,TOTAL,392.0,,23699424.0,,2013,Spain,16.540486384816777,14.943416047546728,18.26175529492617,True
ES,F,DRIV,109.0,,23699424.0,,2013,Spain,4.599267897818951,3.7764775188493953,5.548085960968299,True
ES,F,PAS,162.0,,23699424.0,,2013,Spain,6.835609169235505,5.82351523206527,7.9730387867813795,True
ES,F,PED,122.0,,23699424.0,,2013,Spain,5.1478044360909365,4.274940452623907,6.146485663603767,True
ES,F,UNK,0.0,,23699424.0,,2013,Spain,0.0,0.0,0.1556527050663314,True
ES,UNK,TOTAL,8.0,,,,2013,Spain,,,,False
ES,UNK,DRIV,3.0,,,,2013,Spain,,,,False
ES,UNK,PAS,1.0,,,,2013,Spain,,,,False
ES,UNK,PED,3.0,,,,2013,Spain,,,,False
ES,UNK,UNK,0.0,,,,2013,Spain,,,,False
ES,T,TOTAL,1688.0,,46495744.0,,2014,Spain,36.30439809716778,34.59296476754864,38.07859147846507,True
ES,T,DRIV,1043.0,,46495744.0,,2014,Spain,22.432160672598336,21.091271789314305,23.83594810442588,True
ES,T,PAS,309.0,,46495744.0,,2014,Spain,6.645769556886755,5.925352775969242,7.429624085234642,True
ES,T,PED,336.0,,46495744.0,,2014,Spain,7.226467867682685,6.4743472534149715,8.041977881244017,True
ES,T,UNK,0.0,,46495744.0,,2014,Spain,0.0,0.0,0.07933800250865833,True
ES,M,TOTAL,1289.0,,22874710.0,,2014,Spain,56.35044116406284,53.31582326650755,59.5127761924654,True
ES,M,DRIV,939.0,,22874710.0,,2014,Spain,41.049700739375496,38.465768749499084,43.761552857329285,True
ES,M,PAS,134.0,,22874710.0,,2014,Spain,5.857997762594586,4.9081825702047,6.93799364805762,True
ES,M,PED,216.0,,22874710.0,,2014,Spain,9.442742662092765,8.225374517734139,10.789524687020359,True
ES,M,UNK,0.0,,22874710.0,,2014,Spain,0.0,0.0,0.16126453424388487,True
ES,F,TOTAL,398.0,,23621034.0,,2014,Spain,16.849389404375778,15.234491357232335,18.588882582580602,True
ES,F,DRIV,104.0,,23621034.0,,2014,Spain,4.40285552275146,3.5974520129021643,5.334796393545065,True
ES,F,PAS,175.0,,23621034.0,,2014,Spain,7.408651120014476,6.351621219224451,8.591312236992774,True
ES,F,PED,120.0,,23621034.0,,2014,Spain,5.080217910867069,4.212005521262901,6.074695348618196,True
ES,F,UNK,0.0,,23621034.0,,2014,Spain,0.0,0.0,0.15616926228182626,True
ES,UNK,TOTAL,0.0,,,,2014,Spain,,,,False
ES,UNK,DRIV,0.0,,,,2014,Spain,,,,False
ES,UNK,PAS,0.0,,,,2014,Spain,,,,False
ES,UNK,PED,0.0,,,,2014,Spain,,,,False
ES,UNK,UNK,0.0,,,,2014,Spain,,,,False
ES,T,TOTAL,1689.0,,46425722.0,,2015,Spain,36.38069430562652,34.666165966383375,38.15807720389863,True
ES,T,DRIV,1048.0,,46425722.0,,2015,Spain,22.573693091945884,21.22751740217126,23.98286065064781,True
ES,T,PAS,274.0,,46425722.0,,2015,Spain,5.901900674802645,5.223701385374286,6.64370644690278,True
ES,T,PED,367.0,,46425722.0,,2015,Spain,7.905100538877996,7.116926048693487,8.756711133245398,True
ES,T,UNK,0.0,,46425722.0,,2015,Spain,0.0,0.0,0.0794576647427031,True
ES,M,TOTAL,1292.0,,22822721.0,,2015,Spain,56.61025256366233,53.56513586500824,59.783375948247254,True
ES,M,DRIV,953.0,,22822721.0,,2015,Spain,41.756633663444426,39.14726882298514,44.494199795559474,True
ES,M,PAS,126.0,,22822721.0,,2015,Spain,5.520814104505769,4.598985585985509,6.573232550476302,True
ES,M,PED,213.0,,22822721.0,,2015,Spain,9.332804795712132,8.1214624490628,10.673875888895799,True
ES,M,UNK,0.0,,22822721.0,,2015,Spain,0.0,0.0,0.16163188666741077,True
ES,F,TOTAL,395.0,,23603001.0,,2015,Spain,16.7351600756192,15.12528489784067,18.4697333453012,True
ES,F,DRIV,95.0,,23603001.0,,2015,Spain,4.024911916921073,3.2563940942649685,4.920246100212236,True
ES,F,PAS,148.0,,23603001.0,,2015,Spain,6.270389091624408,5.300885964212096,7.365886884734872,True
ES,F,PED,152.0,,23603001.0,,2015,Spain,6.439859067073717,5.456788080209572,7.548880684815871,True
ES,F,UNK,0.0,,23603001.0,,2015,Spain,0.0,0.0,0.15628857763103665,True
ES,UNK,TOTAL,2.0,,,,2015,Spain,,,,False
ES,UNK,DRIV,0.0,,,,2015,Spain,,,,False
ES,UNK,PAS,0.0,,,,2015,Spain,,,,False
ES,UNK,PED,2.0,,,,2015,Spain,,,,False
ES,UNK,UNK,0.0,,,,2015,Spain,,,,False
ES,T,TOTAL,1810.0,,46418884.0,,2016,Spain,38.99275131215994,37.21688490659163,40.83146418931208,True
ES,T,DRIV,1101.0,,46418884.0,,2016,Spain,23.71879513518679,22.338281126378085,25.162294544209374,True
ES,T,PAS,320.0,,46418884.0,,2016,Spain,6.893746088337669,6.159037455598007,7.6919770437956565,True
ES,T,PED,389.0,,46418884.0,,2016,Spain,8.38021008863548,7.568022528079963,9.255811974643214,True
ES,T,UNK,0.0,,46418884.0,,2016,Spain,0.0,0.0,0.07946936970983481,True
ES,M,TOTAL,1395.0,,22806445.0,,2016,Spain,61.166920140337524,57.99885265252756,64.46304104553512,True
ES,M,DRIV,1001.0,,22806445.0,,2016,Spain,43.891101835468,41.213877645220094,46.69658534382929,True
ES,M,PAS,130.0,,22806445.0,,2016,Spain,5.700143095515325,4.762454591174733,6.768457051779747,True
ES,M,PED,264.0,,22806445.0,,2016,Spain,11.575675209354198,10.221313525685284,13.059564616773304,True
ES,M,UNK,0.0,,22806445.0,,2016,Spain,0.0,0.0,0.16174723654273762,True
ES,F,TOTAL,410.0,,23612439.0,,2016,Spain,17.36372934621451,15.723459537600629,19.128609429555546,True
ES,F,DRIV,99.0,,23612439.0,,2016,Spain,4.192705378720089,3.407624043166205,5.104468358950783,True
ES,F,PAS,189.0,,23612439.0,,2016,Spain,8.00425572301108,6.903744127617555,9.230328587279741,True
ES,F,PED,122.0,,23612439.0,,2016,Spain,5.166768244483342,4.29068874932767,6.169128477226222,True
ES,F,UNK,0.0,,23612439.0,,2016,Spain,0.0,0.0,0.15622610837084366,True
ES,UNK,TOTAL,5.0,,,,2016,Spain,,,,False
ES,UNK,DRIV,1.0,,,,2016,Spain,,,,False
ES,UNK,PAS,1.0,,,,2016,Spain,,,,False
ES,UNK,PED,3.0,,,,2016,Spain,,,,False
ES,UNK,UNK,0.0,,,,2016,Spain,,,,False
ES,T,TOTAL,1830.0,,46497393.0,,2017,Spain,39.35704524337526,37.574296202224716,41.20253194624545,True
ES,T,DRIV,1171.0,,46497393.0,,2017,Spain,25.184207639340123,23.76224387714772,26.669031343294616,True
ES,T,PAS,308.0,,46497393.0,,2017,Spain,6.624027286863158,5.904836327195985,7.406655655175512,True
ES,T,PED,351.0,,46497393.0,,2017,Spain,7.548810317171975,6.779653617273665,8.381329739271363,True
ES,T,UNK,0.0,,46497393.0,,2017,Spain,0.0,0.0,0.07933518883766097,True
ES,M,TOTAL,1403.0,,22831107.0,,2017,Spain,61.451247195328726,58.27742063371642,64.75298559630019,True
ES,M,DRIV,1043.0,,22831107.0,,2017,Spain,45.68328640394003,42.95255476444396,48.542111473643004,True
ES,M,PAS,145.0,,22831107.0,,2017,Spain,6.35098420764267,5.3593481606561175,7.472910017380269,True
ES,M,PED,215.0,,22831107.0,,2017,Spain,9.416976583746028,8.200208559722777,10.763412284310846,True
ES,M,UNK,0.0,,22831107.0,,2017,Spain,0.0,0.0,0.16157251832396632,True
ES,F,TOTAL,424.0,,23666286.0,,2017,Spain,17.91578112425414,16.25084776295773,19.705007696764397,True
ES,F,DRIV,127.0,,23666286.0,,2017,Spain,5.366283497123292,4.473628766715836,6.3848592487686116,True
ES,F,PAS,162.0,,23666286.0,,2017,Spain,6.845180523889553,5.8316694328452385,7.984202792798899,True
ES,F,PED,135.0,,23666286.0,,2017,Spain,5.704317103241294,4.782698123290761,6.751749661294257,True
ES,F,UNK,0.0,,23666286.0,,2017,Spain,0.0,0.0,0.15587065305109282,True
ES,UNK,TOTAL,3.0,,,,2017,Spain,,,,False
ES,UNK,DRIV,1.0,,,,2017,Spain,,,,False
ES,UNK,PAS,1.0,,,,2017,Spain,,,,False
ES,UNK,PED,1.0,,,,2017,Spain,,,,False
ES,UNK,UNK,0.0,,,,2017,Spain,,,,False
ES,T,TOTAL,1806.0,,46645070.0,,2018,Spain,38.717918099383276,36.95263951098011,40.545738954214826,True
ES,T,DRIV,1153.0,,46645070.0,,2018,Spain,24.71858226389198,23.312215137724927,26.18761505184345,True
ES,T,PAS,267.0,,46645070.0,,2018,Spain,5.724077592765966,5.058012307352462,6.453466473208526,True
ES,T,PED,386.0,,46645070.0,,2018,Spain,8.27525824272533,7.470211577026592,9.143415800240984,True
ES,T,UNK,0.0,,46645070.0,,2018,Spain,0.0,0.0,0.07908401582662296,True
ES,M,TOTAL,1399.0,,22889600.0,,2018,Spain,61.11946036627988,57.95831992266279,64.4081873984073,True
ES,M,DRIV,1040.0,,22889600.0,,2018,Spain,45.43548161610513,42.71570841945397,48.28302280119694,True
ES,M,PAS,114.0,,22889600.0,,2018,Spain,4.980427792534601,4.108238770531394,5.983015150375516,True
ES,M,PED,245.0,,22889600.0,,2018,Spain,10.70355095764015,9.405125598487404,12.131131810111787,True
ES,M,UNK,0.0,,22889600.0,,2018,Spain,0.0,0.0,0.16115962944367465,True
ES,F,TOTAL,407.0,,23755470.0,,2018,Spain,17.132896128765292,15.508626826872565,18.8810328134014,True
ES,F,DRIV,113.0,,23755470.0,,2018,Spain,4.756799170885695,3.9202757706414446,5.718984521504327,True
ES,F,PAS,153.0,,23755470.0,,2018,Spain,6.440621886243463,5.460518156522682,7.545857190086435,True
ES,F,PED,141.0,,23755470.0,,2018,Spain,5.935475071636133,4.996232323432072,6.999984771644071,True
ES,F,UNK,0.0,,23755470.0,,2018,Spain,0.0,0.0,0.15528547547634022,True
ES,UNK,TOTAL,0.0,,,,2018,Spain,,,,False
ES,UNK,DRIV,0.0,,,,2018,Spain,,,,False
ES,UNK,PAS,0.0,,,,2018,Spain,,,,False
ES,UNK,PED,0.0,,,,2018,Spain,,,,False
ES,UNK,UNK,0.0,,,,2018,Spain,,,,False
ES,T,TOTAL,1755.0,,46918951.0,,2019,Spain,37.404928341215474,35.67520074785252,39.196840163157376,True
ES,T,DRIV,1139.0,,46918951.0,,2019,Spain,24.27590506019625,22.886385884252977,25.727727834554305,True
ES,T,PAS,235.0,,46918951.0,,2019,Spain,5.0086371283109035,4.388682768104785,5.691628053449368,True
ES,T,PED,381.0,,46918951.0,,2019,Spain,8.120386152708315,7.3253728226632155,8.978148821579358,True
ES,T,UNK,0.0,,46918951.0,,2019,Spain,0.0,0.0,0.07862237700314177,True
ES,M,TOTAL,1381.0,,23016783.0,,2019,Spain,59.99969674302443,56.87658107369685,63.24970133702357,True
ES,M,DRIV,1028.0,,23016783.0,,2019,Spain,44.663061731954464,41.974207390729944,47.478985672073165,True
ES,M,PAS,107.0,,23016783.0,,2019,Spain,4.648781717236505,3.80978880484887,5.617576847333719,True
ES,M,PED,246.0,,23016783.0,,2019,Spain,10.687853293833461,9.393884312080212,12.110258673777663,True
ES,M,UNK,0.0,,23016783.0,,2019,Spain,0.0,0.0,0.16026911554555368,True
ES,F,TOTAL,370.0,,23902168.0,,2019,Spain,15.47976735834172,13.942469308469784,17.140270232687442,True
ES,F,DRIV,110.0,,23902168.0,,2019,Spain,4.602092998425917,3.7823607503886563,5.546766595683888,True
ES,F,PAS,127.0,,23902168.0,,2019,Spain,5.313325552728104,4.429480114562171,6.321849342331755,True
ES,F,PED,133.0,,23902168.0,,2019,Spain,5.5643488071877,4.658912976185448,6.59438230996446,True
ES,F,UNK,0.0,,23902168.0,,2019,Spain,0.0,0.0,0.154332420980136,True
ES,UNK,TOTAL,4.0,,,,2019,Spain,,,,False
ES,UNK,DRIV,1.0,,,,2019,Spain,,,,False
ES,UNK,PAS,1.0,,,,2019,Spain,,,,False
ES,UNK,PED,2.0,,,,2019,Spain,,,,False
ES,UNK,UNK,0.0,,,,2019,Spain,,,,False
ES,T,TOTAL,1370.0,,47318050.0,,2020,Spain,28.953010531921752,27.439985372783283,30.52776012119185,True
ES,T,DRIV,922.0,,47318050.0,,2020,Spain,19.48516475214004,18.247571634615625,20.78460375068167,True
ES,T,PAS,188.0,,47318050.0,,2020,Spain,3.9731138540155397,3.425450668800344,4.583437964975186,True
ES,T,PED,260.0,,47318050.0,,2020,Spain,5.494731925766172,4.847073736324748,6.204829719154376,True
ES,T,UNK,0.0,,47318050.0,,2020,Spain,0.0,0.0,0.07795924502624127,True
ES,M,TOTAL,1103.0,,23210668.0,,2020,Spain,47.52125186573691,44.75782576722262,50.41064096686513,True
ES,M,DRIV,839.0,,23210668.0,,2020,Spain,36.14717163676634,33.74231524681976,38.67817561391273,True
ES,M,PAS,86.0,,23210668.0,,2020,Spain,3.7051928018616267,2.963675980552132,4.575882968208721,True
ES,M,PED,178.0,,23210668.0,,2020,Spain,7.668887427108948,6.58363055627808,8.881970310277145,True
ES,M,UNK,0.0,,23210668.0,,2020,Spain,0.0,0.0,0.15893034418974653,True
ES,F,TOTAL,265.0,,24107382.0,,2020,Spain,10.992483547155805,9.708708688075767,12.398791626764414,True
ES,F,DRIV,83.0,,24107382.0,,2020,Spain,3.4429288091091768,2.7422735781846033,4.26802826608323,True
ES,F,PAS,101.0,,24107382.0,,2020,Spain,4.189588068915986,3.4124882906422163,5.090729292207279,True
ES,F,PED,81.0,,24107382.0,,2020,Spain,3.359966669130642,2.6682985317171877,4.176131783207693,True
ES,F,UNK,0.0,,24107382.0,,2020,Spain,0.0,0.0,0.1530186668180699,True
ES,UNK,TOTAL,2.0,,,,2020,Spain,,,,False
ES,UNK,DRIV,0.0,,,,2020,Spain,,,,False
ES,UNK,PAS,1.0,,,,2020,Spain,,,,False
ES,UNK,PED,1.0,,,,2020,Spain,,,,False
ES,UNK,UNK,0.0,,,,2020,Spain,,,,False
ES,T,TOTAL,1533.0,,47400798.0,,2021,Spain,32.341227673002464,30.74235087788383,34.0016908489564,True
ES,T,DRIV,1022.0,,47400798.0,,2021,Spain,21.56081844866831,20.25904491307273,22.924296054156034,True
ES,T,PAS,210.0,,47400798.0,,2021,Spain,4.430305160685269,3.8513298183043734,5.07175267258539,True
ES,T,PED,301.0,,47400798.0,,2021,Spain,6.350104063648886,5.652915955138459,7.109533917141003,True
ES,T,UNK,0.0,,47400798.0,,2021,Spain,0.0,0.0,0.07782315087003251,True
ES,M,TOTAL,1214.0,,23248611.0,,2021,Spain,52.2181733781859,49.32174145105392,55.240303825306675,True
ES,M,DRIV,928.0,,23248611.0,,2021,Spain,39.91636317541723,37.38916528074685,42.56943194456082,True
ES,M,PAS,97.0,,23248611.0,,2021,Spain,4.172292271568396,3.3834479648798084,5.08984274081638,True
ES,M,PED,189.0,,23248611.0,,2021,Spain,8.129517931200278,7.0117839334564005,9.374778162751275,True
ES,M,UNK,0.0,,23248611.0,,2021,Spain,0.0,0.0,0.15867096120770122,True
ES,F,TOTAL,318.0,,24152187.0,,2021,Spain,13.166509517336877,11.758993545270089,14.696118134481312,True
ES,F,DRIV,94.0,,24152187.0,,2021,Spain,3.8919870900303977,3.145121739869363,4.762806520537136,True
ES,F,PAS,113.0,,24152187.0,,2021,Spain,4.678665331632287,3.8558824284194104,5.625046097525677,True
ES,F,PED,111.0,,24152187.0,,2021,Spain,4.595857095674193,3.7807478001963326,5.534597442065834,True
ES,F,UNK,0.0,,24152187.0,,2021,Spain,0.0,0.0,0.1527348001286151,True
ES,UNK,TOTAL,1.0,,,,2021,Spain,,,,False
ES,UNK,DRIV,0.0,,,,2021,Spain,,,,False
ES,UNK,PAS,0.0,,,,2021,Spain,,,,False
ES,UNK,PED,1.0,,,,2021,Spain,,,,False
ES,UNK,UNK,0.0,,,,2021,Spain,,,,False
ES,T,TOTAL,1746.0,,47486843.0,,2022,Spain,36.768079107722535,35.06347664930296,38.53412339687853,True
ES,T,DRIV,1131.0,,47486843.0,,2022,Spain,23.817123408267,22.44912223718569,25.246685233246303,True
ES,T,PAS,267.0,,47486843.0,,2022,Spain,5.622610035373377,4.968351720861231,6.339069442570963,True
ES,T,PED,348.0,,47486843.0,,2022,Spain,7.328345664082154,6.578527779436063,8.14021068712955,True
ES,T,UNK,0.0,,47486843.0,,2022,Spain,0.0,0.0,0.07768213722091266,True
ES,M,TOTAL,1350.0,,23288797.0,,2022,Spain,57.96778597022423,54.916452183075265,61.14453944000722,True
ES,M,DRIV,1016.0,,23288797.0,,2022,Spain,43.62612633018357,40.984474557738544,46.393371180899344,True
ES,M,PAS,117.0,,23288797.0,,2022,Spain,5.023874784086099,4.154881325092906,6.020982071450772,True
ES,M,PED,217.0,,23288797.0,,2022,Spain,9.31778485595456,8.119201216994307,10.643474863668386,True
ES,M,UNK,0.0,,23288797.0,,2022,Spain,0.0,0.0,0.15839716641928459,True
ES,F,TOTAL,395.0,,24198046.0,,2022,Spain,16.323632081697838,14.75334473572859,18.01555111594042,True
ES,F,DRIV,114.0,,24198046.0,,2022,Spain,4.711124195730514,3.8860965121710818,5.659499266429835,True
ES,F,PAS,150.0,,24198046.0,,2022,Spain,6.1988476259612035,5.2465459938891295,7.274023947928462,True
ES,F,PED,131.0,,24198046.0,,2022,Spain,5.413660260006118,4.52634976644605,6.424070887705833,True
ES,F,UNK,0.0,,24198046.0,,2022,Spain,0.0,0.0,0.15244534431060822,True
ES,UNK,TOTAL,1.0,,,,2022,Spain,,,,False
ES,UNK,DRIV,1.0,,,,2022,Spain,,,,False
ES,UNK,PAS,0.0,,,,2022,Spain,,,,False
ES,UNK,PED,0.0,,,,2022,Spain,,,,False
ES,UNK,UNK,0.0,,,,2022,Spain,,,,False
ES,T,TOTAL,1806.0,,48085361.0,,2023,Spain,37.55820820394798,35.84580464466999,39.33128071391785,True
ES,T,DRIV,1178.0,,48085361.0,,2023,Spain,24.498100367802166,23.118932425443873,25.93805061204948,True
ES,T,PAS,275.0,,48085361.0,,2023,Spain,5.71899626582818,5.062974184847838,6.436427288690082,True
ES,T,PED,353.0,,48085361.0,,2023,Spain,7.3411115703176275,6.595182413556734,8.148307926612713,True
ES,T,UNK,0.0,,48085361.0,,2023,Spain,0.0,0.0,0.07671522844788324,True
ES,M,TOTAL,1417.0,,23565593.0,,2023,Spain,60.13003789041082,57.03962678539611,63.34436865777866,True
ES,M,DRIV,1049.0,,23565593.0,,2023,Spain,44.51405063305642,41.860714248410275,47.29148441229551,True
ES,M,PAS,140.0,,23565593.0,,2023,Spain,5.940864717471782,4.997564509972243,7.01045335038974,True
ES,M,PED,228.0,,23565593.0,,2023,Spain,9.675122539882617,8.459936698931894,11.015854281493635,True
ES,M,UNK,0.0,,23565593.0,,2023,Spain,0.0,0.0,0.15653666997108606,True
ES,F,TOTAL,389.0,,24519768.0,,2023,Spain,15.864750433201488,14.327181229460676,17.522370618546404,True
ES,F,DRIV,129.0,,24519768.0,,2023,Spain,5.261061197642653,4.39240814683836,6.251225403381899,True
ES,F,PAS,135.0,,24519768.0,,2023,Spain,5.5057617184632415,4.616222373615542,6.516735333082801,True
ES,F,PED,125.0,,24519768.0,,2023,Spain,5.097927517095594,4.2434699656416095,6.073950493615298,True
ES,F,UNK,0.0,,24519768.0,,2023,Spain,0.0,0.0,0.15044512061100804,True
ES,UNK,TOTAL,0.0,,,,2023,Spain,,,,False
ES,UNK,DRIV,0.0,,,,2023,Spain,,,,False
ES,UNK,PAS,0.0,,,,2023,Spain,,,,False
ES,UNK,PED,0.0,,,,2023,Spain,,,,False
ES,UNK,UNK,0.0,,,,2023,Spain,,,,False
ES,T,TOTAL,1785.0,,48619695.0,,2024,Spain,36.71351702226845,35.02992266493207,38.45711633689941,True
ES,T,DRIV,1186.0,,48619695.0,,2024,Spain,24.39340682824111,23.024705541551914,25.822220447729965,True
ES,T,PAS,279.0,,48619695.0,,2024,Spain,5.738415265665488,5.084757182265068,6.452798819043059,True
ES,T,PED,320.0,,48619695.0,,2024,Spain,6.58169492836185,5.880243493980351,7.343793294602393,True
ES,T,UNK,0.0,,48619695.0,,2024,Spain,0.0,0.0,0.07587212248274974,True
ES,M,TOTAL,1422.0,,23826871.0,,2024,Spain,59.68051784894458,56.618536641770795,62.86505794653198,True
ES,M,DRIV,1067.0,,23826871.0,,2024,Spain,44.78137309762579,42.13436987662785,47.55110224009028,True
ES,M,PAS,141.0,,23826871.0,,2024,Spain,5.917688478692817,4.981260320430698,6.979008206459319,True
ES,M,PED,214.0,,23826871.0,,2024,Spain,8.981456272625978,7.818348324847974,10.268819279328397,True
ES,M,UNK,0.0,,23826871.0,,2024,Spain,0.0,0.0,0.1548201379070687,True
ES,F,TOTAL,361.0,,24792824.0,,2024,Spain,14.560664811721328,13.09720482031697,16.1429286781552,True
ES,F,DRIV,117.0,,24792824.0,,2024,Spain,4.719107432053726,3.9028304213824003,5.6557263990038615,True
ES,F,PAS,138.0,,24792824.0,,2024,Spain,5.566126714730037,4.676228560250701,6.576085556196226,True
ES,F,PED,106.0,,24792824.0,,2024,Spain,4.275430664937565,3.500372316071196,5.171010229732089,True
ES,F,UNK,0.0,,24792824.0,,2024,Spain,0.0,0.0,0.14878819186204587,True
ES,UNK,TOTAL,2.0,,,,2024,Spain,,,,False
ES,UNK,DRIV,2.0,,,,2024,Spain,,,,False
ES,UNK,PAS,0.0,,,,2024,Spain,,,,False
ES,UNK,PED,0.0,,,,2024,Spain,,,,False
ES,UNK,UNK,0.0,,,,2024,Spain,,,,False
FI,T,TOTAL,272.0,,5351427.0,,2010,Finland,50.827564311350976,44.96609355803597,57.24088602000896,True
FI,T,DRIV,190.0,,5351427.0,,2010,Finland,35.50454859984075,30.635383230233263,40.92770157625793,True
FI,T,PAS,47.0,,5351427.0,,2010,Finland,8.782704127329028,6.453200644812263,11.679134619727966,True
FI,T,PED,35.0,,5351427.0,,2010,Finland,6.540311584181191,4.5555666558695025,9.095990166563624,True
FI,T,UNK,0.0,,5351427.0,,2010,Finland,0.0,0.0,0.6893263150396961,True
FI,M,TOTAL,204.0,,2625067.0,,2010,Finland,77.7123022002867,67.41350273675947,89.13952870897597,True
FI,M,DRIV,159.0,,2625067.0,,2010,Finland,60.56988259728228,51.52102343774808,70.7505560589697,True
FI,M,PAS,26.0,,2625067.0,,2010,Finland,9.904509103958109,6.469954182349,14.51240066753534,True
FI,M,PED,19.0,,2625067.0,,2010,Finland,7.23791049904631,4.357694932878565,11.302893820076054,True
FI,M,UNK,0.0,,2625067.0,,2010,Finland,0.0,0.0,1.4052515437182882,True
FI,F,TOTAL,68.0,,2726360.0,,2010,Finland,24.941680482401445,19.368190830492843,31.61952315762759,True
FI,F,DRIV,31.0,,2726360.0,,2010,Finland,11.370471984624187,7.725684054615624,16.139477362948675,True
FI,F,PAS,21.0,,2726360.0,,2010,Finland,7.70257779603574,4.768017057203079,11.774208371214147,True
FI,F,PED,16.0,,2726360.0,,2010,Finland,5.868630701741516,3.354429515413053,9.530288589020136,True
FI,F,UNK,0.0,,2726360.0,,2010,Finland,0.0,0.0,1.3530419512147829,True
FI,UNK,TOTAL,0.0,,,,2010,Finland,,,,False
FI,UNK,DRIV,0.0,,,,2010,Finland,,,,False
FI,UNK,PAS,0.0,,,,2010,Finland,,,,False
FI,UNK,PED,0.0,,,,2010,Finland,,,,False
FI,UNK,UNK,0.0,,,,2010,Finland,,,,False
FI,T,TOTAL,292.0,,5375276.0,,2011,Finland,54.32279198314654,48.270097494713816,60.92451072908345,True
FI,T,DRIV,198.0,,5375276.0,,2011,Finland,36.835317851585664,31.882991478621886,42.338910005238546,True
FI,T,PAS,53.0,,5375276.0,,2011,Finland,9.85995881885879,7.385785759160547,12.897068900127966,True
FI,T,PED,41.0,,5375276.0,,2011,Finland,7.627515312702083,5.473636678089698,10.347585792010479,True
FI,T,UNK,0.0,,5375276.0,,2011,Finland,0.0,0.0,0.6862679151942962,True
FI,M,TOTAL,211.0,,2638416.0,,2011,Finland,79.97222575969825,69.54496006369878,91.52178365261352,True
FI,M,DRIV,166.0,,2638416.0,,2011,Finland,62.91653780146876,53.70938586687365,73.24916544650016,True
FI,M,PAS,24.0,,2638416.0,,2011,Finland,9.096366911055725,5.828213918762796,13.534672922599473,True
FI,M,PED,21.0,,2638416.0,,2011,Finland,7.959321047173759,4.926945176225503,12.16666770325203,True
FI,M,UNK,0.0,,2638416.0,,2011,Finland,0.0,0.0,1.3981417085531378,True
FI,F,TOTAL,81.0,,2736860.0,,2011,Finland,29.59596033410551,23.50346455213104,36.785076394163035,True
FI,F,DRIV,32.0,,2736860.0,,2011,Finland,11.69223124310341,7.997477514847148,16.505941874783684,True
FI,F,PAS,29.0,,2736860.0,,2011,Finland,10.596084564062465,7.096364131723194,15.217744948074289,True
FI,F,PED,20.0,,2736860.0,,2011,Finland,7.307644526939631,4.463699124326398,11.286064286326154,True
FI,F,UNK,0.0,,2736860.0,,2011,Finland,0.0,0.0,1.347850987669788,True
FI,UNK,TOTAL,0.0,,,,2011,Finland,,,,False
FI,UNK,DRIV,0.0,,,,2011,Finland,,,,False
FI,UNK,PAS,0.0,,,,2011,Finland,,,,False
FI,UNK,PED,0.0,,,,2011,Finland,,,,False
FI,UNK,UNK,0.0,,,,2011,Finland,,,,False
FI,T,TOTAL,255.0,,5401267.0,,2012,Finland,47.21114508873566,41.593857655431044,53.375545240275166,True
FI,T,DRIV,189.0,,5401267.0,,2012,Finland,34.9917898892982,30.18074038646446,40.35174908352042,True
FI,T,PAS,37.0,,5401267.0,,2012,Finland,6.850244581502822,4.823204364291939,9.442159801011657,True
FI,T,PED,29.0,,5401267.0,,2012,Finland,5.369110617934644,3.5957776457908746,7.71093845917756,True
FI,T,UNK,0.0,,5401267.0,,2012,Finland,0.0,0.0,0.6829655808746236,True
FI,M,TOTAL,191.0,,2652534.0,,2012,Finland,72.00661706881043,62.15640749366153,82.97441537328962,True
FI,M,DRIV,160.0,,2652534.0,,2012,Finland,60.31967921994591,51.33525254971131,70.42411084124731,True
FI,M,PAS,15.0,,2652534.0,,2012,Finland,5.654969926869929,3.1650437403566976,9.327012913495489,True
FI,M,PED,16.0,,2652534.0,,2012,Finland,6.031967921994591,3.4477908496711183,9.795538001609382,True
FI,M,UNK,0.0,,2652534.0,,2012,Finland,0.0,0.0,1.390700158457511,True
FI,F,TOTAL,64.0,,2748733.0,,2012,Finland,23.28345459526262,17.931097180495687,29.732451718258915,True
FI,F,DRIV,29.0,,2748733.0,,2012,Finland,10.550315363478374,7.065711779771967,15.152012741356327,True
FI,F,PAS,22.0,,2748733.0,,2012,Finland,8.003687517121525,5.015868355431252,12.117679086009895,True
FI,F,PED,13.0,,2748733.0,,2012,Finland,4.729451714662719,2.518233852107062,8.08750646867443,True
FI,F,UNK,0.0,,2748733.0,,2012,Finland,0.0,0.0,1.3420290199571714,True
FI,UNK,TOTAL,0.0,,,,2012,Finland,,,,False
FI,UNK,DRIV,0.0,,,,2012,Finland,,,,False
FI,UNK,PAS,0.0,,,,2012,Finland,,,,False
FI,UNK,PED,0.0,,,,2012,Finland,,,,False
FI,UNK,UNK,0.0,,,,2012,Finland,,,,False
FI,T,TOTAL,258.0,,5426674.0,,2013,Finland,47.542933295790384,41.918107296703546,53.712245828272145,True
FI,T,DRIV,181.0,,5426674.0,,2013,Finland,33.353763281155274,28.671507631965788,38.58263923327932,True
FI,T,PAS,43.0,,5426674.0,,2013,Finland,7.923822215965065,5.734509427315366,10.673336524431654,True
FI,T,PED,34.0,,5426674.0,,2013,Finland,6.265347798670051,4.3389354850820725,8.75519555720559,True
FI,T,UNK,0.0,,5426674.0,,2013,Finland,0.0,0.0,0.6797680225703507,True
FI,M,TOTAL,192.0,,2666622.0,,2013,Finland,72.00120602020084,62.17646793510206,82.9375607427564,True
FI,M,DRIV,150.0,,2666622.0,,2013,Finland,56.2509422032819,47.6093579447124,66.00754291274673,True
FI,M,PAS,25.0,,2666622.0,,2013,Finland,9.375157033880317,6.067107316983557,13.83958119955898,True
FI,M,PED,17.0,,2666622.0,,2013,Finland,6.375106783038616,3.713734631157807,10.20716352595404,True
FI,M,UNK,0.0,,2666622.0,,2013,Finland,0.0,0.0,1.383352966454914,True
FI,F,TOTAL,66.0,,2760052.0,,2013,Finland,23.912592951147296,18.49399765607361,30.4226813272021,True
FI,F,DRIV,31.0,,2760052.0,,2013,Finland,11.231672446751004,7.631376502740475,15.94246249826045,True
FI,F,PAS,18.0,,2760052.0,,2013,Finland,6.5216162594038085,3.86512311376725,10.306965328018451,True
FI,F,PED,17.0,,2760052.0,,2013,Finland,6.1593042449924855,3.588021700173509,9.861642757421459,True
FI,F,UNK,0.0,,2760052.0,,2013,Finland,0.0,0.0,1.3365253459405604,True
FI,UNK,TOTAL,0.0,,,,2013,Finland,,,,False
FI,UNK,DRIV,0.0,,,,2013,Finland,,,,False
FI,UNK,PAS,0.0,,,,2013,Finland,,,,False
FI,UNK,PED,0.0,,,,2013,Finland,,,,False
FI,UNK,UNK,0.0,,,,2013,Finland,,,,False
FI,T,TOTAL,229.0,,5451270.0,,2014,Finland,42.00855947329705,36.74346925555703,47.816353436261586,True
FI,T,DRIV,161.0,,5451270.0,,2014,Finland,29.534402075112773,25.148471753083804,34.465272611627924,True
FI,T,PAS,32.0,,5451270.0,,2014,Finland,5.8701917167926005,4.015206788745479,8.286959200226823,True
FI,T,PED,36.0,,5451270.0,,2014,Finland,6.603965681391676,4.625336374333913,9.14267216432798,True
FI,T,UNK,0.0,,5451270.0,,2014,Finland,0.0,0.0,0.6767009254933136,True
FI,M,TOTAL,167.0,,2680364.0,,2014,Finland,62.304970518929515,53.21356295845214,72.50415695674926,True
FI,M,DRIV,129.0,,2680364.0,,2014,Finland,48.127791598454536,40.18141891242627,57.18573917819766,True
FI,M,PAS,18.0,,2680364.0,,2014,Finland,6.715505804435517,3.9800343462304095,10.613394399987458,True
FI,M,PED,20.0,,2680364.0,,2014,Finland,7.461673116039464,4.557783788098909,11.523948949722723,True
FI,M,UNK,0.0,,2680364.0,,2014,Finland,0.0,0.0,1.3762606325536142,True
FI,F,TOTAL,62.0,,2770906.0,,2014,Finland,22.37535304337282,17.155054875976514,28.68419277873239,True
FI,F,DRIV,32.0,,2770906.0,,2014,Finland,11.548569312708551,7.89921286080602,16.303134093838068,True
FI,F,PAS,14.0,,2770906.0,,2014,Finland,5.052499074309991,2.7622482597029996,8.477234926711903,True
FI,F,PED,16.0,,2770906.0,,2014,Finland,5.774284656354276,3.300502598659619,9.377076522105384,True
FI,F,UNK,0.0,,2770906.0,,2014,Finland,0.0,0.0,1.3312900019394147,True
FI,UNK,TOTAL,0.0,,,,2014,Finland,,,,False
FI,UNK,DRIV,0.0,,,,2014,Finland,,,,False
FI,UNK,PAS,0.0,,,,2014,Finland,,,,False
FI,UNK,PED,0.0,,,,2014,Finland,,,,False
FI,UNK,UNK,0.0,,,,2014,Finland,,,,False
FI,T,TOTAL,270.0,,5471753.0,,2015,Finland,49.34433261150494,43.633523532187226,55.59489662332242,True
FI,T,DRIV,193.0,,5471753.0,,2015,Finland,35.27205997785353,30.471125939352127,40.614700130261234,True
FI,T,PAS,45.0,,5471753.0,,2015,Finland,8.224055435250824,5.998682467617684,11.00443322221577,True
FI,T,PED,32.0,,5471753.0,,2015,Finland,5.848217198400586,4.000176234432469,8.255937736849685,True
FI,T,UNK,0.0,,5471753.0,,2015,Finland,0.0,0.0,0.67416775832424,True
FI,M,TOTAL,196.0,,2691863.0,,2015,Finland,72.81202646642863,62.9748168777607,83.75016588030286,True
FI,M,DRIV,156.0,,2691863.0,,2015,Finland,57.95242922838198,49.21518046137569,67.79367673507359,True
FI,M,PAS,24.0,,2691863.0,,2015,Finland,8.915758342827997,5.712494601206102,13.2659416893628,True
FI,M,PED,16.0,,2691863.0,,2015,Finland,5.943838895218665,3.397417496225302,9.652421983422238,True
FI,M,UNK,0.0,,2691863.0,,2015,Finland,0.0,0.0,1.3703815736959628,True
FI,F,TOTAL,74.0,,2779890.0,,2015,Finland,26.619758335761485,20.90223578750993,33.41866890484754,True
FI,F,DRIV,37.0,,2779890.0,,2015,Finland,13.309879167880743,9.371383244339176,18.34591517719436,True
FI,F,PAS,21.0,,2779890.0,,2015,Finland,7.5542557439323135,4.676203369225468,11.547482358993847,True
FI,F,PED,16.0,,2779890.0,,2015,Finland,5.755623423948429,3.2898360919466345,9.346771849807345,True
FI,F,UNK,0.0,,2779890.0,,2015,Finland,0.0,0.0,1.3269875621387666,True
FI,UNK,TOTAL,0.0,,,,2015,Finland,,,,False
FI,UNK,DRIV,0.0,,,,2015,Finland,,,,False
FI,UNK,PAS,0.0,,,,2015,Finland,,,,False
FI,UNK,PED,0.0,,,,2015,Finland,,,,False
FI,UNK,UNK,0.0,,,,2015,Finland,,,,False
FI,T,TOTAL,258.0,,5487308.0,,2016,Finland,47.01759041045263,41.454917966374666,53.11873288648877,True
FI,T,DRIV,190.0,,5487308.0,,2016,Finland,34.6253572790155,29.876765979532678,39.91421791215825,True
FI,T,PAS,39.0,,5487308.0,,2016,Finland,7.1073101783242345,5.05399231999306,9.715926983838495,True
FI,T,PED,29.0,,5487308.0,,2016,Finland,5.2849229531128925,3.539395845385012,7.59003092929841,True
FI,T,UNK,0.0,,5487308.0,,2016,Finland,0.0,0.0,0.6722566792521826,True
FI,M,TOTAL,208.0,,2701490.0,,2016,Finland,76.99454745344237,66.88595341883061,88.19940615985078,True
FI,M,DRIV,164.0,,2701490.0,,2016,Finland,60.70723933829109,51.77156403548426,70.74227986284087,True
FI,M,PAS,27.0,,2701490.0,,2016,Finland,9.99448452520646,6.586428279121808,14.541450253438708,True
FI,M,PED,17.0,,2701490.0,,2016,Finland,6.292823589944808,3.6658016389500956,10.075420162912547,True
FI,M,UNK,0.0,,2701490.0,,2016,Finland,0.0,0.0,1.3654980970182882,True
FI,F,TOTAL,50.0,,2785818.0,,2016,Finland,17.948049729020344,13.321388453036725,23.662266043344115,True
FI,F,DRIV,26.0,,2785818.0,,2016,Finland,9.332985859090579,6.096616223886968,13.674986694437683,True
FI,F,PAS,12.0,,2785818.0,,2016,Finland,4.307531934964882,2.2257646079974425,7.524391416875388,True
FI,F,PED,12.0,,2785818.0,,2016,Finland,4.307531934964882,2.2257646079974425,7.524391416875388,True
FI,F,UNK,0.0,,2785818.0,,2016,Finland,0.0,0.0,1.3241638377359668,True
FI,UNK,TOTAL,0.0,,,,2016,Finland,,,,False
FI,UNK,DRIV,0.0,,,,2016,Finland,,,,False
FI,UNK,PAS,0.0,,,,2016,Finland,,,,False
FI,UNK,PED,0.0,,,,2016,Finland,,,,False
FI,UNK,UNK,0.0,,,,2016,Finland,,,,False
FI,T,TOTAL,238.0,,5503297.0,,2017,Finland,43.24680278022429,37.92656509983753,49.10439351478673,True
FI,T,DRIV,175.0,,5503297.0,,2017,Finland,31.79911969134139,27.262177704460107,36.87529102184061,True
FI,T,PAS,36.0,,5503297.0,,2017,Finland,6.541533193647372,4.581609427460526,9.056239285147829,True
FI,T,PED,27.0,,5503297.0,,2017,Finland,4.9061498952355285,3.233183695476507,7.138190514733647,True
FI,T,UNK,0.0,,5503297.0,,2017,Finland,0.0,0.0,0.6703035387902807,True
FI,M,TOTAL,182.0,,2712327.0,,2017,Finland,67.10105381836334,57.70622453753216,77.58945863841598,True
FI,M,DRIV,149.0,,2712327.0,,2017,Finland,54.93437922492384,46.46797900354788,64.49710319403141,True
FI,M,PAS,20.0,,2712327.0,,2017,Finland,7.373742177842126,4.504073286666373,11.388146747303919,True
FI,M,PED,13.0,,2712327.0,,2017,Finland,4.792932415597382,2.552034651796705,8.196060400592875,True
FI,M,UNK,0.0,,2712327.0,,2017,Finland,0.0,0.0,1.3600423009887581,True
FI,F,TOTAL,56.0,,2790970.0,,2017,Finland,20.064708685510773,15.156665310852574,26.055693184658,True
FI,F,DRIV,26.0,,2790970.0,,2017,Finland,9.315757603987144,6.085362155665,13.649743309001886,True
FI,F,PAS,16.0,,2790970.0,,2017,Finland,5.7327739101459345,3.276775620533911,9.309665670917616,True
FI,F,PED,14.0,,2790970.0,,2017,Finland,5.016177171377693,2.7423907373782592,8.416292945404491,True
FI,F,UNK,0.0,,2790970.0,,2017,Finland,0.0,0.0,1.3217194932636094,True
FI,UNK,TOTAL,0.0,,,,2017,Finland,,,,False
FI,UNK,DRIV,0.0,,,,2017,Finland,,,,False
FI,UNK,PAS,0.0,,,,2017,Finland,,,,False
FI,UNK,PED,0.0,,,,2017,Finland,,,,False
FI,UNK,UNK,0.0,,,,2017,Finland,,,,False
FI,T,TOTAL,239.0,,5513130.0,,2018,Finland,43.35105466404747,38.02879192735428,49.20968840629352,True
FI,T,DRIV,174.0,,5513130.0,,2018,Finland,31.561018876754222,27.04563133955405,36.614711648593996,True
FI,T,PAS,40.0,,5513130.0,,2018,Finland,7.255406638334303,5.183368874267242,9.87980456908944,True
FI,T,PED,25.0,,5513130.0,,2018,Finland,4.53462914895894,2.93457289195599,6.694007160638397,True
FI,T,UNK,0.0,,5513130.0,,2018,Finland,0.0,0.0,0.6691080119848317,True
FI,M,TOTAL,176.0,,2719131.0,,2018,Finland,64.72656153749121,55.51694713904338,75.0274560084941,True
FI,M,DRIV,146.0,,2719131.0,,2018,Finland,53.69362491178248,45.33748558302862,63.14363860009899,True
FI,M,PAS,16.0,,2719131.0,,2018,Finland,5.884232867044655,3.3633475009631866,9.5556255279944,True
FI,M,PED,14.0,,2719131.0,,2018,Finland,5.148703758664073,2.8148442558672606,8.638650039970702,True
FI,M,UNK,0.0,,2719131.0,,2018,Finland,0.0,0.0,1.3566391079039353,True
FI,F,TOTAL,63.0,,2793999.0,,2018,Finland,22.54832589417534,17.326752728074435,28.849103842517657,True
FI,F,DRIV,28.0,,2793999.0,,2018,Finland,10.021478175189038,6.6591994685243385,14.483826208695206,True
FI,F,PAS,24.0,,2793999.0,,2018,Finland,8.589838435876318,5.503671567057276,12.780998702488159,True
FI,F,PED,11.0,,2793999.0,,2018,Finland,3.9370092831099797,1.9653408491688218,7.04439712158163,True
FI,F,UNK,0.0,,2793999.0,,2018,Finland,0.0,0.0,1.3202866050109308,True
FI,UNK,TOTAL,0.0,,,,2018,Finland,,,,False
FI,UNK,DRIV,0.0,,,,2018,Finland,,,,False
FI,UNK,PAS,0.0,,,,2018,Finland,,,,False
FI,UNK,PED,0.0,,,,2018,Finland,,,,False
FI,UNK,UNK,0.0,,,,2018,Finland,,,,False
FI,T,TOTAL,211.0,,5517919.0,,2019,Finland,38.2390535272446,33.25321291440195,43.76152283815583,True
FI,T,DRIV,165.0,,5517919.0,,2019,Finland,29.902577402821606,25.513951366676427,34.829395032933526,True
FI,T,PAS,31.0,,5517919.0,,2019,Finland,5.618059996893757,3.8171991975855124,7.97438771813228,True
FI,T,PED,15.0,,5517919.0,,2019,Finland,2.718416127529237,1.5214768706795645,4.48361399859002,True
FI,T,UNK,0.0,,5517919.0,,2019,Finland,0.0,0.0,0.6685272933716381,True
FI,M,TOTAL,164.0,,2723290.0,,2019,Finland,60.22127647073944,51.357131457252216,70.17598626171505,True
FI,M,DRIV,139.0,,2723290.0,,2019,Finland,51.04120383800477,42.908978367918884,60.26635404417365,True
FI,M,PAS,17.0,,2723290.0,,2019,Finland,6.2424493902595755,3.636456811286089,9.994766189391,True
FI,M,PED,8.0,,2723290.0,,2019,Finland,2.9376232424750945,1.2682572097530935,5.7882888785965925,True
FI,M,UNK,0.0,,2723290.0,,2019,Finland,0.0,0.0,1.354567252886742,True
FI,F,TOTAL,47.0,,2794629.0,,2019,Finland,16.81797476516561,12.357215275110132,22.364341148913496,True
FI,F,DRIV,26.0,,2794629.0,,2019,Finland,9.303560508389486,6.077394607869719,13.631871737939095,True
FI,F,PAS,14.0,,2794629.0,,2019,Finland,5.009609504517416,2.7388001327906495,8.405273516390038,True
FI,F,PED,7.0,,2794629.0,,2019,Finland,2.504804752258708,1.007061420861183,5.160855112325241,True
FI,F,UNK,0.0,,2794629.0,,2019,Finland,0.0,0.0,1.319988969596299,True
FI,UNK,TOTAL,0.0,,,,2019,Finland,,,,False
FI,UNK,DRIV,0.0,,,,2019,Finland,,,,False
FI,UNK,PAS,0.0,,,,2019,Finland,,,,False
FI,UNK,PED,0.0,,,,2019,Finland,,,,False
FI,UNK,UNK,0.0,,,,2019,Finland,,,,False
FI,T,TOTAL,223.0,,5525292.0,,2020,Finland,40.359857904342434,35.2361193373448,46.01918304562038,True
FI,T,DRIV,171.0,,5525292.0,,2020,Finland,30.948590590325363,26.48367431947102,35.95074182549907,True
FI,T,PAS,30.0,,5525292.0,,2020,Finland,5.42957729654831,3.6633130016333824,7.75105920099927,True
FI,T,PED,22.0,,5525292.0,,2020,Finland,3.98169001746876,2.495303935471575,6.028326536792125,True
FI,T,UNK,0.0,,5525292.0,,2020,Finland,0.0,0.0,0.6676352044586848,True
FI,M,TOTAL,172.0,,2728262.0,,2020,Finland,63.04379857946194,53.97398276718142,73.2015477071885,True
FI,M,DRIV,140.0,,2728262.0,,2020,Finland,51.31471977398065,43.166884717541905,60.553381750275825,True
FI,M,PAS,17.0,,2728262.0,,2020,Finland,6.231073115411936,3.62982971195849,9.976551671322847,True
FI,M,PED,15.0,,2728262.0,,2020,Finland,5.4980056900693555,3.077192048558134,9.068124275266028,True
FI,M,UNK,0.0,,2728262.0,,2020,Finland,0.0,0.0,1.3520986819132237,True
FI,F,TOTAL,51.0,,2797030.0,,2020,Finland,18.233626382269765,13.576132482773072,23.973851326801565,True
FI,F,DRIV,31.0,,2797030.0,,2020,Finland,11.083184663732602,7.5304862583318215,15.731695942928303,True
FI,F,PAS,13.0,,2797030.0,,2020,Finland,4.647787117049155,2.474750893270291,7.947857519640073,True
FI,F,PED,7.0,,2797030.0,,2020,Finland,2.502654601488007,1.0061969487348605,5.156424979961737,True
FI,F,UNK,0.0,,2797030.0,,2020,Finland,0.0,0.0,1.318855877167544,True
FI,UNK,TOTAL,0.0,,,,2020,Finland,,,,False
FI,UNK,DRIV,0.0,,,,2020,Finland,,,,False
FI,UNK,PAS,0.0,,,,2020,Finland,,,,False
FI,UNK,PED,0.0,,,,2020,Finland,,,,False
FI,UNK,UNK,0.0,,,,2020,Finland,,,,False
FI,T,TOTAL,225.0,,5533793.0,,2021,Finland,40.65927294353077,35.51973193153684,46.33352603386697,True
FI,T,DRIV,173.0,,5533793.0,,2021,Finland,31.26246319658144,26.777386870157976,36.28387256396065,True
FI,T,PAS,28.0,,5533793.0,,2021,Finland,5.059820632972719,3.362214064721527,7.312849603024218,True
FI,T,PED,24.0,,5533793.0,,2021,Finland,4.336989113976616,2.7787907597350427,6.4530960217979265,True
FI,T,UNK,0.0,,5533793.0,,2021,Finland,0.0,0.0,0.6666095848026725,True
FI,M,TOTAL,169.0,,2733808.0,,2021,Finland,61.81853297671233,52.84951593118168,71.8735119876651,True
FI,M,DRIV,139.0,,2733808.0,,2021,Finland,50.84482889800601,42.74389119483512,60.034486439778384,True
FI,M,PAS,17.0,,2733808.0,,2021,Finland,6.2184323112669215,3.6224659777158066,9.956312519352718,True
FI,M,PED,13.0,,2733808.0,,2021,Finland,4.75527176743941,2.531981942771329,8.131659545278554,True
FI,M,UNK,0.0,,2733808.0,,2021,Finland,0.0,0.0,1.3493557170488695,True
FI,F,TOTAL,56.0,,2799985.0,,2021,Finland,20.000107143431126,15.107866000221506,25.971802708794847,True
FI,F,DRIV,34.0,,2799985.0,,2021,Finland,12.14292219422604,8.409326615882682,16.96851665105459,True
FI,F,PAS,11.0,,2799985.0,,2021,Finland,3.9285924746025427,1.961139208687489,7.0293371261995885,True
FI,F,PED,11.0,,2799985.0,,2021,Finland,3.9285924746025427,1.961139208687489,7.0293371261995885,True
FI,F,UNK,0.0,,2799985.0,,2021,Finland,0.0,0.0,1.317464005740722,True
FI,UNK,TOTAL,0.0,,,,2021,Finland,,,,False
FI,UNK,DRIV,0.0,,,,2021,Finland,,,,False
FI,UNK,PAS,0.0,,,,2021,Finland,,,,False
FI,UNK,PED,0.0,,,,2021,Finland,,,,False
FI,UNK,UNK,0.0,,,,2021,Finland,,,,False
FI,T,TOTAL,196.0,,5548241.0,,2022,Finland,35.326511591691855,30.553751988246287,40.633413865232185,True
FI,T,DRIV,138.0,,5548241.0,,2022,Finland,24.872747957415694,20.896156399491122,29.38584171158303,True
FI,T,PAS,31.0,,5548241.0,,2022,Finland,5.587356425216568,3.7963376102699673,7.93080644897162,True
FI,T,PED,27.0,,5548241.0,,2022,Finland,4.8664072090595925,3.206993014860885,7.0803669929194015,True
FI,T,UNK,0.0,,5548241.0,,2022,Finland,0.0,0.0,0.6648736877352543,True
FI,M,TOTAL,142.0,,2743101.0,,2022,Finland,51.76623099185921,43.60226476050572,61.01491557511139,True
FI,M,DRIV,112.0,,2743101.0,,2022,Finland,40.82970331752276,33.619051406622795,49.12874272297498,True
FI,M,PAS,16.0,,2743101.0,,2022,Finland,5.832814759646109,3.3339576098880537,9.472125742931427,True
FI,M,PED,14.0,,2743101.0,,2022,Finland,5.103712914690345,2.7902473428067722,8.563163048621096,True
FI,M,UNK,0.0,,2743101.0,,2022,Finland,0.0,0.0,1.3447844079069402,True
FI,F,TOTAL,54.0,,2805140.0,,2022,Finland,19.250376095310752,14.461474996807558,25.11756503907495,True
FI,F,DRIV,26.0,,2805140.0,,2022,Finland,9.268699601445917,6.054622306051158,13.580792432151334,True
FI,F,PAS,15.0,,2805140.0,,2022,Finland,5.347326693141875,2.9928581578043563,8.819602184377908,True
FI,F,PED,13.0,,2805140.0,,2022,Finland,4.634349800722958,2.467596088253635,7.924879299485542,True
FI,F,UNK,0.0,,2805140.0,,2022,Finland,0.0,0.0,1.315042904851072,True
FI,UNK,TOTAL,0.0,,,,2022,Finland,,,,False
FI,UNK,DRIV,0.0,,,,2022,Finland,,,,False
FI,UNK,PAS,0.0,,,,2022,Finland,,,,False
FI,UNK,PED,0.0,,,,2022,Finland,,,,False
FI,UNK,UNK,0.0,,,,2022,Finland,,,,False
FI,T,TOTAL,185.0,,5563970.0,,2023,Finland,33.24964009511194,28.6308195326269,38.40145360283617,True
FI,T,DRIV,136.0,,5563970.0,,2023,Finland,24.442978664514726,20.507742365893943,28.913307349021952,True
FI,T,PAS,26.0,,5563970.0,,2023,Finland,4.6729223917454625,3.052508050114638,6.846913999019584,True
FI,T,PED,23.0,,5563970.0,,2023,Finland,4.133739038851755,2.620435954371552,6.202638205244283,True
FI,T,UNK,0.0,,5563970.0,,2023,Finland,0.0,0.0,0.6629941308299534,True
FI,M,TOTAL,134.0,,2753477.0,,2023,Finland,48.6657415333413,40.77508289355138,57.63788572817573,True
FI,M,DRIV,113.0,,2753477.0,,2023,Finland,41.03902084528035,33.82196163657794,49.340221556621096,True
FI,M,PAS,10.0,,2753477.0,,2023,Finland,3.6317717562195,1.7415757226708026,6.6789575660220795,True
FI,M,PED,11.0,,2753477.0,,2023,Finland,3.9949489318414497,1.9942641130602647,7.148067157743447,True
FI,M,UNK,0.0,,2753477.0,,2023,Finland,0.0,0.0,1.3397168213549397,True
FI,F,TOTAL,51.0,,2810493.0,,2023,Finland,18.14628252053999,13.511099240699325,23.859010279194354,True
FI,F,DRIV,23.0,,2810493.0,,2023,Finland,8.183617607302349,5.187711564143616,12.279444529779308,True
FI,F,PAS,16.0,,2810493.0,,2023,Finland,5.692951378992938,3.2540136031797733,9.244996375212796,True
FI,F,PED,12.0,,2810493.0,,2023,Finland,4.269713534244704,2.2062232884843405,7.458330281618548,True
FI,F,UNK,0.0,,2810493.0,,2023,Finland,0.0,0.0,1.3125382109522905,True
FI,UNK,TOTAL,0.0,,,,2023,Finland,,,,False
FI,UNK,DRIV,0.0,,,,2023,Finland,,,,False
FI,UNK,PAS,0.0,,,,2023,Finland,,,,False
FI,UNK,PED,0.0,,,,2023,Finland,,,,False
FI,UNK,UNK,0.0,,,,2023,Finland,,,,False
FI,T,TOTAL,181.0,,5603851.0,,2024,Finland,32.29921709196051,27.765000355503798,37.362771633046066,True
FI,T,DRIV,137.0,,5603851.0,,2024,Finland,24.447473710489447,20.525266363041876,28.900912013555214,True
FI,T,PAS,20.0,,5603851.0,,2024,Finland,3.568974264305029,2.180022199984251,5.511991290038689,True
FI,T,PED,24.0,,5603851.0,,2024,Finland,4.282769117166034,2.744050984704351,6.372420964396308,True
FI,T,UNK,0.0,,5603851.0,,2024,Finland,0.0,0.0,0.6582757917928109,True
FI,M,TOTAL,146.0,,2773898.0,,2024,Finland,52.63351428206805,44.44235603142804,61.89694976899863,True
FI,M,DRIV,121.0,,2773898.0,,2024,Finland,43.620926220070096,36.19548792448078,52.121440605038174,True
FI,M,PAS,8.0,,2773898.0,,2024,Finland,2.884028179839345,1.2451186657723183,5.682685239397164,True
FI,M,PED,17.0,,2773898.0,,2024,Finland,6.1285598821586085,3.5701119758575453,9.812418054271143,True
FI,M,UNK,0.0,,2773898.0,,2024,Finland,0.0,0.0,1.3298540372118715,True
FI,F,TOTAL,35.0,,2829953.0,,2024,Finland,12.367696565985371,8.61455381150138,17.20047201104862,True
FI,F,DRIV,16.0,,2829953.0,,2024,Finland,5.653804144450455,3.231637576186435,9.181423718896017,True
FI,F,PAS,12.0,,2829953.0,,2024,Finland,4.240353108337842,2.191052327979376,7.4070435262271,True
FI,F,PED,7.0,,2829953.0,,2024,Finland,2.473539313197074,0.9944910927919535,5.096436358378523,True
FI,F,UNK,0.0,,2829953.0,,2024,Finland,0.0,0.0,1.3035126216279689,True
FI,UNK,TOTAL,0.0,,,,2024,Finland,,,,False
FI,UNK,DRIV,0.0,,,,2024,Finland,,,,False
FI,UNK,PAS,0.0,,,,2024,Finland,,,,False
FI,UNK,PED,0.0,,,,2024,Finland,,,,False
FI,UNK,UNK,0.0,,,,2024,Finland,,,,False
FR,T,TOTAL,3992.0,,64658856.0,,2010,France,61.73941586594108,59.838900830676906,63.6849329582659,True
FR,T,DRIV,2835.0,,64658856.0,,2010,France,43.845501998983714,42.24622576988029,45.489824834398576,True
FR,T,PAS,672.0,,64658856.0,,2010,France,10.393007881240584,9.621970572660198,11.209389291553858,True
FR,T,PED,485.0,,64658856.0,,2010,France,7.50090598571679,6.848112009163608,8.199146311384599,True
FR,T,UNK,0.0,,64658856.0,,2010,France,0.0,0.0,0.05705141851123898,True
FR,M,TOTAL,3039.0,,31301764.0,,2010,France,97.08718013464033,93.66574575589834,100.60164559245834,True
FR,M,DRIV,2400.0,,31301764.0,,2010,France,76.67299517049582,73.63586285098374,79.80322932223766,True
FR,M,PAS,366.0,,31301764.0,,2010,France,11.692631763500613,10.525273639374607,12.95407837629287,True
FR,M,PED,273.0,,31301764.0,,2010,France,8.7215532006439,7.717564523723493,9.81988426674388,True
FR,M,UNK,0.0,,31301764.0,,2010,France,0.0,0.0,0.11784893190409126,True
FR,F,TOTAL,953.0,,33357092.0,,2010,France,28.569636705741615,26.784325032259655,30.442662929139953,True
FR,F,DRIV,435.0,,33357092.0,,2010,France,13.040705107027915,11.843866589989778,14.325709639730514,True
FR,F,PAS,306.0,,33357092.0,,2010,France,9.173461523564464,8.174315283998888,10.26104032582515,True
FR,F,PED,212.0,,33357092.0,,2010,France,6.355470075149237,5.528693088957326,7.2710113275203865,True
FR,F,UNK,0.0,,33357092.0,,2010,France,0.0,0.0,0.11058756123327344,True
FR,UNK,TOTAL,0.0,,,,2010,France,,,,False
FR,UNK,DRIV,0.0,,,,2010,France,,,,False
FR,UNK,PAS,0.0,,,,2010,France,,,,False
FR,UNK,PED,0.0,,,,2010,France,,,,False
FR,UNK,UNK,,,,,2010,France,,,,False
FR,T,TOTAL,3963.0,,64978721.0,,2011,France,60.9891967556579,59.1049722743434,62.91820263421293,True
FR,T,DRIV,2763.0,,64978721.0,,2011,France,42.521612575292146,40.95073477496618,44.13731888190791,True
FR,T,PAS,681.0,,64978721.0,,2011,France,10.480354022357565,9.707892927988713,11.297932193863554,True
FR,T,PED,519.0,,64978721.0,,2011,France,7.987230158008188,7.314756277802259,8.704904166318624,True
FR,T,UNK,0.0,,64978721.0,,2011,France,0.0,0.0,0.05677057654172565,True
FR,M,TOTAL,3024.0,,31462902.0,,2011,France,96.11319388147984,92.71776829373248,99.60117547970609,True
FR,M,DRIV,2340.0,,31462902.0,,2011,France,74.37330478924035,71.39011746210046,77.44912517701987,True
FR,M,PAS,367.0,,31462902.0,,2011,France,11.664531135748382,10.50152431047849,12.921142388783966,True
FR,M,PED,317.0,,31462902.0,,2011,France,10.075357956491109,8.996640661499411,11.247801174272745,True
FR,M,UNK,0.0,,31462902.0,,2011,France,0.0,0.0,0.1172453657998215,True
FR,F,TOTAL,939.0,,33515819.0,,2011,France,28.01662104691519,26.253074856140444,29.867473349258713,True
FR,F,DRIV,423.0,,33515819.0,,2011,France,12.62090596682122,11.446679569402527,13.882900295055187,True
FR,F,PAS,314.0,,33515819.0,,2011,France,9.368710339437028,8.36100659494169,10.4644067816089,True
FR,F,PED,202.0,,33515819.0,,2011,France,6.027004740656942,5.224475650504346,6.917925763400267,True
FR,F,UNK,0.0,,33515819.0,,2011,France,0.0,0.0,0.11006383147354792,True
FR,UNK,TOTAL,0.0,,,,2011,France,,,,False
FR,UNK,DRIV,0.0,,,,2011,France,,,,False
FR,UNK,PAS,0.0,,,,2011,France,,,,False
FR,UNK,PED,0.0,,,,2011,France,,,,False
FR,UNK,UNK,,,,,2011,France,,,,False
FR,T,TOTAL,3653.0,,65276983.0,b,2012,France,55.96153241334698,54.16135197774489,57.806299498931246,True
FR,T,DRIV,2523.0,,65276983.0,b,2012,France,38.65068335036256,37.15708782578834,40.18891575321633,True
FR,T,PAS,641.0,,65276983.0,b,2012,France,9.819694025993817,9.07412513149903,10.61019132369209,True
FR,T,PED,489.0,,65276983.0,b,2012,France,7.4911550369906035,6.841820924754961,8.185502397598015,True
FR,T,UNK,0.0,,65276983.0,b,2012,France,0.0,0.0,0.056511181806823636,True
FR,M,TOTAL,2730.0,,31605383.0,b,2012,France,86.37769078767373,83.16758803290173,89.6799617256129,True
FR,M,DRIV,2090.0,,31605383.0,b,2012,France,66.12797573122275,63.323015357252146,69.02518858993825,True
FR,M,PAS,361.0,,31605383.0,b,2012,France,11.422104899029383,10.274094574397983,12.663310853156077,True
FR,M,PED,279.0,,31605383.0,b,2012,France,8.827610157421601,7.822064467650558,9.926572017122327,True
FR,M,UNK,0.0,,31605383.0,b,2012,France,0.0,0.0,0.1167168090990682,True
FR,F,TOTAL,923.0,,33671600.0,b,2012,France,27.411824801910214,25.67170074356247,29.238859169585442,True
FR,F,DRIV,433.0,,33671600.0,b,2012,France,12.859501775977382,11.676636901459544,14.129712328096426,True
FR,F,PAS,280.0,,33671600.0,b,2012,France,8.315613157675905,7.370030184319124,9.348876873610049,True
FR,F,PED,210.0,,33671600.0,b,2012,France,6.236709868256929,5.421664154623549,7.139700042147691,True
FR,F,UNK,0.0,,33671600.0,b,2012,France,0.0,0.0,0.10955462330610768,True
FR,UNK,TOTAL,0.0,,,,2012,France,,,,False
FR,UNK,DRIV,0.0,,,,2012,France,,,,False
FR,UNK,PAS,0.0,,,,2012,France,,,,False
FR,UNK,PED,0.0,,,,2012,France,,,,False
FR,UNK,UNK,0.0,,,,2012,France,,,,False
FR,T,TOTAL,3268.0,,65600350.0,,2013,France,49.81680737983867,48.123310445860454,51.554685265588084,True
FR,T,DRIV,2279.0,,65600350.0,,2013,France,34.74066830436118,33.32885042585376,36.19691845535793,True
FR,T,PAS,524.0,,65600350.0,,2013,France,7.987762260414769,7.3183893976066425,8.701903839929027,True
FR,T,PED,465.0,,65600350.0,,2013,France,7.088376815062724,6.458663576516048,7.762898393625662,True
FR,T,UNK,0.0,,65600350.0,,2013,France,0.0,0.0,0.05623261848624185,True
FR,M,TOTAL,2505.0,,31772665.0,,2013,France,78.84135624128477,75.78383534409791,81.99058585456179,True
FR,M,DRIV,1942.0,,31772665.0,,2013,France,61.12172208406188,58.433218422101206,63.90201759852418,True
FR,M,PAS,279.0,,31772665.0,,2013,France,8.781133090346687,7.78088156441353,9.874308953253802,True
FR,M,PED,284.0,,31772665.0,,2013,France,8.938501066876197,7.929055039441359,10.040855402673285,True
FR,M,UNK,0.0,,31772665.0,,2013,France,0.0,0.0,0.11610229907103907,True
FR,F,TOTAL,763.0,,33827685.0,,2013,France,22.55548968248936,20.983235216989048,24.21434769755583,True
FR,F,DRIV,337.0,,33827685.0,,2013,France,9.96225428964471,8.926893947342956,11.084740287116315,True
FR,F,PAS,245.0,,33827685.0,,2013,France,7.2425884301571335,6.364005189806435,8.208565105201103,True
FR,F,PED,181.0,,33827685.0,,2013,France,5.350646962687515,4.599514421610297,6.189468926963722,True
FR,F,UNK,0.0,,33827685.0,,2013,France,0.0,0.0,0.10904912512085695,True
FR,UNK,TOTAL,0.0,,,,2013,France,,,,False
FR,UNK,DRIV,0.0,,,,2013,France,,,,False
FR,UNK,PAS,0.0,,,,2013,France,,,,False
FR,UNK,PED,0.0,,,,2013,France,,,,False
FR,UNK,UNK,0.0,,,,2013,France,,,,False
FR,T,TOTAL,3380.0,,66165980.0,b,2014,France,51.083653563356876,49.375859923392085,52.83544445054853,True
FR,T,DRIV,2364.0,,66165980.0,b,2014,France,35.728330480407,34.302450969441054,37.19825683271039,True
FR,T,PAS,521.0,,66165980.0,b,2014,France,7.874137132103235,7.212430666503134,8.580231437994456,True
FR,T,PED,495.0,,66165980.0,b,2014,France,7.481185950846643,6.836569116573158,8.170207225087434,True
FR,T,UNK,0.0,,66165980.0,b,2014,France,0.0,0.0,0.055751905346432346,True
FR,M,TOTAL,2538.0,,32045129.0,b,2014,France,79.20080459030139,76.14918206657647,82.3433521134342,True
FR,M,DRIV,1981.0,,32045129.0,b,2014,France,61.819067727890875,59.1264921869389,64.60264784015712,True
FR,M,PAS,282.0,,32045129.0,b,2014,France,8.800089398922376,7.802863013002726,9.889440446009045,True
FR,M,PED,275.0,,32045129.0,b,2014,France,8.581647463488133,7.597252656155294,9.658189540348356,True
FR,M,UNK,0.0,,32045129.0,b,2014,France,0.0,0.0,0.1151151382200376,True
FR,F,TOTAL,842.0,,34120851.0,b,2014,France,24.676992962455714,23.03811997008391,26.40167594979955,True
FR,F,DRIV,383.0,,34120851.0,b,2014,France,11.22480796273223,10.128660211174758,12.407237382015476,True
FR,F,PAS,239.0,,34120851.0,b,2014,France,7.004514629485648,6.144561682780265,7.951132562414372,True
FR,F,PED,220.0,,34120851.0,b,2014,France,6.447670370237835,5.62375956300782,7.358323118366313,True
FR,F,UNK,0.0,,34120851.0,b,2014,France,0.0,0.0,0.10811217616213428,True
FR,UNK,TOTAL,0.0,,,,2014,France,,,,False
FR,UNK,DRIV,0.0,,,,2014,France,,,,False
FR,UNK,PAS,0.0,,,,2014,France,,,,False
FR,UNK,PED,0.0,,,,2014,France,,,,False
FR,UNK,UNK,0.0,,,,2014,France,,,,False
FR,T,TOTAL,3459.0,,66458153.0,,2015,France,52.04779013343931,50.32758250236053,53.81179868578212,True
FR,T,DRIV,2371.0,,66458153.0,,2015,France,35.67658583590188,34.254853504457294,37.14217091817744,True
FR,T,PAS,622.0,,66458153.0,,2015,France,9.359273045099522,8.638106086030659,10.124578612845855,True
FR,T,PED,466.0,,66458153.0,,2015,France,7.011931252437907,6.3896624052542,7.678429355881915,True
FR,T,UNK,0.0,,66458153.0,,2015,France,0.0,0.0,0.055506800709823154,True
FR,M,TOTAL,2604.0,,32174258.0,,2015,France,80.93426738854397,77.85524389670229,84.10384329169878,True
FR,M,DRIV,2006.0,,32174258.0,,2015,France,62.34798017719632,59.64915567142122,65.13743976419889,True
FR,M,PAS,306.0,,32174258.0,,2015,France,9.510708840589269,8.474830622833853,10.638270699646267,True
FR,M,PED,292.0,,32174258.0,,2015,France,9.075578370758388,8.064369241428825,10.178511664007441,True
FR,M,UNK,0.0,,32174258.0,,2015,France,0.0,0.0,0.11465313214414877,True
FR,F,TOTAL,855.0,,34283895.0,,2015,France,24.93882331631222,23.29498603381596,26.668055065408467,True
FR,F,DRIV,365.0,,34283895.0,,2015,France,10.64639825784089,9.582076446839244,11.796626430349939,True
FR,F,PAS,316.0,,34283895.0,,2015,France,9.217155751993756,8.228806055161174,10.291521785452375,True
FR,F,PED,174.0,,34283895.0,,2015,France,5.075269306477575,4.349158154493112,5.887944331623142,True
FR,F,UNK,0.0,,34283895.0,,2015,France,0.0,0.0,0.10759802683195523,True
FR,UNK,TOTAL,0.0,,,,2015,France,,,,False
FR,UNK,DRIV,0.0,,,,2015,France,,,,False
FR,UNK,PAS,0.0,,,,2015,France,,,,False
FR,UNK,PED,0.0,,,,2015,France,,,,False
FR,UNK,UNK,0.0,,,,2015,France,,,,False
FR,T,TOTAL,3471.0,,66638391.0,,2016,France,52.087091958747926,50.36853898482454,53.8493269543309,True
FR,T,DRIV,2374.0,,66638391.0,,2016,France,35.62510985596876,34.20631711829833,37.08763654542393,True
FR,T,PAS,544.0,,66638391.0,,2016,France,8.16346241012932,7.4917861525817555,8.879198246325362,True
FR,T,PED,553.0,,66638391.0,,2016,France,8.298519692649842,7.621191222642961,9.019902655186439,True
FR,T,UNK,0.0,,66638391.0,,2016,France,0.0,0.0,0.05535667051315713,True
FR,M,TOTAL,2635.0,,32247386.0,,2016,France,81.71204946658312,78.6216009406339,84.8928415627049,True
FR,M,DRIV,1998.0,,32247386.0,,2016,France,61.95851037352299,59.27123980232175,64.73621183935195,True
FR,M,PAS,286.0,,32247386.0,,2016,France,8.86893591933312,7.870748876354463,9.958657345060802,True
FR,M,PED,351.0,,32247386.0,,2016,France,10.884603173727012,9.775558820372144,12.085010014439252,True
FR,M,UNK,0.0,,32247386.0,,2016,France,0.0,0.0,0.11439313109329034,True
FR,F,TOTAL,836.0,,34391005.0,,2016,France,24.308681877717735,22.688586047122453,26.0139171160799,True
FR,F,DRIV,376.0,,34391005.0,,2016,France,10.933091370839556,9.855795823987629,12.096004092580518,True
FR,F,PAS,258.0,,34391005.0,,2016,France,7.501961632118631,6.614401149260728,8.475438502535559,True
FR,F,PED,202.0,,34391005.0,,2016,France,5.873628874759548,5.091522631345345,6.741877643341919,True
FR,F,UNK,0.0,,34391005.0,,2016,France,0.0,0.0,0.10726291523361808,True
FR,UNK,TOTAL,0.0,,,,2016,France,,,,False
FR,UNK,DRIV,0.0,,,,2016,France,,,,False
FR,UNK,PAS,0.0,,,,2016,France,,,,False
FR,UNK,PED,0.0,,,,2016,France,,,,False
FR,UNK,UNK,0.0,,,,2016,France,,,,False
FR,T,TOTAL,3444.0,,66809816.0,,2017,France,51.54931125689674,49.84190339510598,53.300290027445016,True
FR,T,DRIV,2447.0,,66809816.0,,2017,France,36.626354426720766,35.18939114384359,38.10693494795757,True
FR,T,PAS,517.0,,66809816.0,,2017,France,7.738383832699075,7.08563001180501,8.435100183652368,True
FR,T,PED,480.0,,66809816.0,,2017,France,7.184572997476898,6.5561353616381925,7.856997237768948,True
FR,T,UNK,0.0,,66809816.0,,2017,France,0.0,0.0,0.05521463274369646,True
FR,M,TOTAL,2667.0,,32314352.0,,2017,France,82.53298720023845,79.43009429562832,85.7260329181901,True
FR,M,DRIV,2098.0,,32314352.0,,2017,France,64.92471209077625,62.17598983089204,67.76366158042157,True
FR,M,PAS,264.0,,32314352.0,,2017,France,8.169744514759262,7.213878983285739,9.217026606517948,True
FR,M,PED,305.0,,32314352.0,,2017,France,9.438530594702936,8.408878816155667,10.559471324035226,True
FR,M,UNK,0.0,,32314352.0,,2017,France,0.0,0.0,0.11415607077975556,True
FR,F,TOTAL,777.0,,34495464.0,,2017,France,22.524700638901393,20.96854780712175,24.165771300476447,True
FR,F,DRIV,349.0,,34495464.0,,2017,France,10.117272230343097,9.08354235611519,11.236414744042632,True
FR,F,PAS,253.0,,34495464.0,,2017,France,7.334297634030955,6.458314355055747,8.295954185179468,True
FR,F,PED,175.0,,34495464.0,,2017,France,5.073130774527341,4.349321428881844,5.882967060672741,True
FR,F,UNK,0.0,,34495464.0,,2017,France,0.0,0.0,0.10693810218392585,True
FR,UNK,TOTAL,0.0,,,,2017,France,,,,False
FR,UNK,DRIV,0.0,,,,2017,France,,,,False
FR,UNK,PAS,0.0,,,,2017,France,,,,False
FR,UNK,PED,0.0,,,,2017,France,,,,False
FR,UNK,UNK,0.0,,,,2017,France,,,,False
FR,T,TOTAL,3246.0,,67026224.0,p,2018,France,48.42880601479206,46.776971843636154,50.12407786599646,True
FR,T,DRIV,2326.0,,67026224.0,p,2018,France,34.702835117192336,33.30672971160128,36.142424479479615,True
FR,T,PAS,452.0,,67026224.0,p,2018,France,6.7436291801250805,6.136190531773417,7.394932489253634,True
FR,T,PED,468.0,,67026224.0,p,2018,France,6.982341717474641,6.3639934271965695,7.644542976757209,True
FR,T,UNK,0.0,,67026224.0,p,2018,France,0.0,0.0,0.05503636090426242,True
FR,M,TOTAL,2491.0,,32414230.0,p,2018,France,76.84896417406799,73.8604288098367,79.92739477699061,True
FR,M,DRIV,1968.0,,32414230.0,p,2018,France,60.714075268793984,58.061005483346236,63.45711558130282,True
FR,M,PAS,227.0,,32414230.0,p,2018,France,7.003097096552964,6.121645367983709,7.975826744123486,True
FR,M,PED,296.0,,32414230.0,p,2018,France,9.131791808721045,8.121013995681947,10.23360294396384,True
FR,M,UNK,0.0,,32414230.0,p,2018,France,0.0,0.0,0.11380432156228716,True
FR,F,TOTAL,755.0,,34611994.0,p,2018,France,21.813247742964478,20.28484324983712,23.42629870430281,True
FR,F,DRIV,358.0,,34611994.0,p,2018,France,10.343235353617592,9.299429180771062,11.472147740545076,True
FR,F,PAS,225.0,,34611994.0,p,2018,France,6.500636744592063,5.678922859070617,7.407840820483523,True
FR,F,PED,172.0,,34611994.0,p,2018,France,4.969375644754821,4.254454862449009,5.770051877124141,True
FR,F,UNK,0.0,,34611994.0,p,2018,France,0.0,0.0,0.10657806811459448,True
FR,UNK,TOTAL,0.0,,,,2018,France,,,,False
FR,UNK,DRIV,0.0,,,,2018,France,,,,False
FR,UNK,PAS,0.0,,,,2018,France,,,,False
FR,UNK,PED,0.0,,,,2018,France,,,,False
FR,UNK,UNK,0.0,,,,2018,France,,,,False
FR,T,TOTAL,3238.0,,67290471.0,,2019,France,48.11974046072586,46.47643923122931,49.80630910622034,True
FR,T,DRIV,2303.0,,67290471.0,,2019,France,34.22475672669909,32.84109652940081,35.65173161604424,True
FR,T,PAS,459.0,,67290471.0,,2019,France,6.821173833067687,6.211343057645924,7.474691844905946,True
FR,T,PED,476.0,,67290471.0,,2019,France,7.073809900959082,6.452526132279488,7.738768827201039,True
FR,T,UNK,0.0,,67290471.0,,2019,France,0.0,0.0,0.054820235306629606,True
FR,M,TOTAL,2505.0,,32551339.0,,2019,France,76.95535965509744,73.97097897580136,80.02925524847781,True
FR,M,DRIV,1987.0,,32551339.0,,2019,France,61.04203578230683,58.387277285486086,63.78638261142433,True
FR,M,PAS,233.0,,32551339.0,,2019,France,7.157923672510062,6.268269465658004,8.138445961362065,True
FR,M,PED,285.0,,32551339.0,,2019,France,8.755400200280548,7.768316147161004,9.833166983953165,True
FR,M,UNK,0.0,,32551339.0,,2019,France,0.0,0.0,0.11332496811003491,True
FR,F,TOTAL,733.0,,34739132.0,,2019,France,21.1001242057516,19.60006940639035,22.68453081201249,True
FR,F,DRIV,316.0,,34739132.0,,2019,France,9.096370053229885,8.120972129370127,10.156657117473797,True
FR,F,PAS,226.0,,34739132.0,,2019,France,6.505631746930234,5.685045908525324,7.411390820036834,True
FR,F,PED,191.0,,34739132.0,,2019,France,5.498122405591481,4.746001834323091,6.3355773514368,True
FR,F,UNK,0.0,,34739132.0,,2019,France,0.0,0.0,0.10618801454549687,True
FR,UNK,TOTAL,0.0,,,,2019,France,,,,False
FR,UNK,DRIV,0.0,,,,2019,France,,,,False
FR,UNK,PAS,0.0,,,,2019,France,,,,False
FR,UNK,PED,0.0,,,,2019,France,,,,False
FR,UNK,UNK,0.0,,,,2019,France,,,,False
FR,T,TOTAL,2538.0,,67473651.0,,2020,France,37.61468310051875,36.16538198841396,39.10716704462045,True
FR,T,DRIV,1787.0,,67473651.0,,2020,France,26.484412411594565,25.270572302405686,27.741490285217548,True
FR,T,PAS,363.0,,67473651.0,,2020,France,5.379877842981996,4.8406103976715364,5.9627970472300165,True
FR,T,PED,388.0,,67473651.0,,2020,France,5.750392845942189,5.192380795168501,6.352032078291124,True
FR,T,UNK,0.0,,67473651.0,,2020,France,0.0,0.0,0.05467140727443273,True
FR,M,TOTAL,1989.0,,32644981.0,,2020,France,60.92820210249165,58.279712158523395,63.66602305850032,True
FR,M,DRIV,1531.0,,32644981.0,,2020,France,46.898480351390006,44.578431262054174,49.30795390138727,True
FR,M,PAS,219.0,,32644981.0,,2020,France,6.708535073125024,5.849402475727701,7.658335707894691,True
FR,M,PED,239.0,,32644981.0,,2020,France,7.321186677976624,6.422355511202616,8.310600929539184,True
FR,M,UNK,0.0,,32644981.0,,2020,France,0.0,0.0,0.1129998958833499,True
FR,F,TOTAL,549.0,,34828670.0,,2020,France,15.76287581466648,14.471725192635597,17.13832107413353,True
FR,F,DRIV,256.0,,34828670.0,,2020,France,7.350266317950125,6.477370568403293,8.308005508391332,True
FR,F,PAS,144.0,,34828670.0,,2020,France,4.134524803846945,3.4868233899791594,4.867642460867472,True
FR,F,PED,149.0,,34828670.0,,2020,France,4.278084692869409,3.618753001098119,5.0227939917015965,True
FR,F,UNK,0.0,,34828670.0,,2020,France,0.0,0.0,0.10591502500996838,True
FR,UNK,TOTAL,0.0,,,,2020,France,,,,False
FR,UNK,DRIV,0.0,,,,2020,France,,,,False
FR,UNK,PAS,0.0,,,,2020,France,,,,False
FR,UNK,PED,0.0,,,,2020,France,,,,False
FR,UNK,UNK,0.0,,,,2020,France,,,,False
FR,T,TOTAL,2931.0,,67728568.0,,2021,France,43.2756824269487,41.72301978386328,44.8713455322564,True
FR,T,DRIV,2106.0,,67728568.0,,2021,France,31.09470733236232,29.78072437587187,32.45173850512757,True
FR,T,PAS,424.0,,67728568.0,,2021,France,6.260282957702575,5.678507936276135,6.8854895586132505,True
FR,T,PED,401.0,,67728568.0,,2021,France,5.920692136883804,5.355307642584205,6.529527786335014,True
FR,T,UNK,0.0,,67728568.0,,2021,France,0.0,0.0,0.05446563485756757,True
FR,M,TOTAL,2288.0,,32782095.0,,2021,France,69.79419710668277,66.96337364660293,72.71393289699716,True
FR,M,DRIV,1801.0,,32782095.0,,2021,France,54.93852665609077,52.430262375652426,57.53578220341865,True
FR,M,PAS,239.0,,32782095.0,,2021,France,7.290565169797721,6.395493443553704,8.275841109099007,True
FR,M,PED,248.0,,32782095.0,,2021,France,7.565105280794287,6.652785461366244,8.56759460320037,True
FR,M,UNK,0.0,,32782095.0,,2021,France,0.0,0.0,0.11252726386504387,True
FR,F,TOTAL,643.0,,34946473.0,,2021,France,18.399567819047146,17.004695955621912,19.878360342336382,True
FR,F,DRIV,305.0,,34946473.0,,2021,France,8.727633257868398,7.775533456283199,9.764146250146053,True
FR,F,PAS,185.0,,34946473.0,,2021,France,5.293810336739848,4.558429142619059,6.1140515039263725,True
FR,F,PED,153.0,,34946473.0,,2021,France,4.378124224438901,3.71188174702866,5.12942705558248,True
FR,F,UNK,0.0,,34946473.0,,2021,France,0.0,0.0,0.10555799019013838,True
FR,UNK,TOTAL,0.0,,,,2021,France,,,,False
FR,UNK,DRIV,0.0,,,,2021,France,,,,False
FR,UNK,PAS,0.0,,,,2021,France,,,,False
FR,UNK,PED,0.0,,,,2021,France,,,,False
FR,UNK,UNK,0.0,,,,2021,France,,,,False
FR,T,TOTAL,3260.0,,68091703.0,,2022,France,47.87661133985737,46.247091763828145,49.54888835558696,True
FR,T,DRIV,2331.0,,68091703.0,,2022,France,34.23324571570783,32.85749483432665,35.651799811273186,True
FR,T,PAS,447.0,,68091703.0,,2022,France,6.564676462857744,5.970137620851721,7.202397306264106,True
FR,T,PED,482.0,,68091703.0,,2022,France,7.078689161291795,6.460769747195489,7.739765747175819,True
FR,T,UNK,0.0,,68091703.0,,2022,France,0.0,0.0,0.05417516806877243,True
FR,M,TOTAL,2541.0,,32982626.0,,2022,France,77.04056068792097,74.07390850992034,80.09555307007693,True
FR,M,DRIV,1985.0,,32982626.0,,2022,France,60.183200694814296,57.564489814867436,62.89032876676583,True
FR,M,PAS,257.0,,32982626.0,,2022,France,7.791981147892833,6.868373457405287,8.80517743637079,True
FR,M,PED,299.0,,32982626.0,,2022,France,9.065378845213841,8.066850636513063,10.153363049631208,True
FR,M,UNK,0.0,,32982626.0,,2022,France,0.0,0.0,0.11184310958484432,True
FR,F,TOTAL,719.0,,35109077.0,,2022,France,20.479034524319736,19.00929071745147,22.03225120070058,True
FR,F,DRIV,346.0,,35109077.0,,2022,France,9.855001314902127,8.843831404223076,10.950097438057924,True
FR,F,PAS,190.0,,35109077.0,,2022,France,5.41170592436822,4.669533664289081,6.238318576792243,True
FR,F,PED,183.0,,35109077.0,,2022,France,5.2123272850493905,4.484469260894161,6.0246631873815994,True
FR,F,UNK,0.0,,35109077.0,,2022,France,0.0,0.0,0.10506910945320311,True
FR,UNK,TOTAL,0.0,,,,2022,France,,,,False
FR,UNK,DRIV,0.0,,,,2022,France,,,,False
FR,UNK,PAS,0.0,,,,2022,France,,,,False
FR,UNK,PED,0.0,,,,2022,France,,,,False
FR,UNK,UNK,0.0,,,,2022,France,,,,False
FR,T,TOTAL,3154.0,,68277210.0,p,2023,France,46.19403751266345,44.59581266554923,47.8349077970038,True
FR,T,DRIV,2285.0,,68277210.0,p,2023,France,33.4665110071135,32.10824170380959,34.86747018922413,True
FR,T,PAS,443.0,,68277210.0,p,2023,France,6.488255744486337,5.898054355686067,7.121524824956008,True
FR,T,PED,426.0,,68277210.0,p,2023,France,6.239270761063612,5.660777875561953,6.860844617061508,True
FR,T,UNK,0.0,,68277210.0,p,2023,France,0.0,0.0,0.05402797586652904,True
FR,M,TOTAL,2445.0,,33088401.0,p,2023,France,73.89296327737324,70.9927439070711,76.88125180892017,True
FR,M,DRIV,1931.0,,33088401.0,p,2023,France,58.35881885014631,55.78462521676466,61.02115619930774,True
FR,M,PAS,247.0,,33088401.0,p,2023,France,7.464851504912552,6.562860432537031,8.456181091609176,True
FR,M,PED,267.0,,33088401.0,p,2023,France,8.069292922314379,7.130333621661474,9.097520166824165,True
FR,M,UNK,0.0,,33088401.0,p,2023,France,0.0,0.0,0.11148557629345508,True
FR,F,TOTAL,709.0,,35188809.0,p,2023,France,20.148451173780845,18.69246118840049,21.687732110902548,True
FR,F,DRIV,354.0,,35188809.0,p,2023,France,10.060016524003412,9.039225867447737,11.16452649241076,True
FR,F,PAS,196.0,,35188809.0,p,2023,France,5.569952651708104,4.8174287309644255,6.4066951733731505,True
FR,F,PED,159.0,,35188809.0,p,2023,France,4.518481998069329,3.8434417724299514,5.277954986826961,True
FR,F,UNK,0.0,,35188809.0,p,2023,France,0.0,0.0,0.10483104029221153,True
FR,UNK,TOTAL,0.0,,,,2023,France,,,,False
FR,UNK,DRIV,0.0,,,,2023,France,,,,False
FR,UNK,PAS,0.0,,,,2023,France,,,,False
FR,UNK,PED,0.0,,,,2023,France,,,,False
FR,UNK,UNK,0.0,,,,2023,France,,,,False
FR,T,TOTAL,3181.0,,68669303.0,p,2024,France,46.32346421224051,44.72751844501779,47.96181084142647,True
FR,T,DRIV,2314.0,,68669303.0,p,2024,France,33.69773536218942,32.33859072174808,35.099324262271104,True
FR,T,PAS,423.0,,68669303.0,p,2024,France,6.159957674246381,5.586846288495065,6.7759064553795785,True
FR,T,PED,444.0,,68669303.0,p,2024,France,6.465771175804711,5.878261978055469,7.096101401102854,True
FR,T,UNK,0.0,,68669303.0,p,2024,France,0.0,0.0,0.05371948298519843,True
FR,M,TOTAL,2458.0,,33309192.0,p,2024,France,73.79344416400134,70.90472401185023,76.76964814190863,True
FR,M,DRIV,1963.0,,33309192.0,p,2024,France,58.93268140518089,56.35421337622161,61.598703442951546,True
FR,M,PAS,223.0,,33309192.0,p,2024,France,6.69484867720598,5.844928579644818,7.633611284491737,True
FR,M,PED,272.0,,33309192.0,p,2024,France,8.165914081614469,7.224215080059575,9.196272997297518,True
FR,M,UNK,0.0,,33309192.0,p,2024,France,0.0,0.0,0.11074659073429147,True
FR,F,TOTAL,723.0,,35360111.0,p,2024,France,20.446768393911434,18.98332978655522,21.993084435679783,True
FR,F,DRIV,351.0,,35360111.0,p,2024,France,9.926439427749534,8.91502344679419,11.021175322370683,True
FR,F,PAS,200.0,,35360111.0,p,2024,France,5.656090842022526,4.899330849992448,6.496641983546089,True
FR,F,PED,172.0,,35360111.0,p,2024,France,4.864238124139373,4.164442984139838,5.64797437855072,True
FR,F,UNK,0.0,,35360111.0,p,2024,France,0.0,0.0,0.10432318648869444,True
FR,UNK,TOTAL,0.0,,,,2024,France,,,,False
FR,UNK,DRIV,0.0,,,,2024,France,,,,False
FR,UNK,PAS,0.0,,,,2024,France,,,,False
FR,UNK,PED,0.0,,,,2024,France,,,,False
FR,UNK,UNK,0.0,,,,2024,France,,,,False
HR,T,TOTAL,426.0,,4302847.0,,2010,Croatia,99.00421744022039,89.8247415660137,108.86729848783332,True
HR,T,DRIV,233.0,,4302847.0,,2010,Croatia,54.15019404594214,47.41989764450898,61.56791385365955,True
HR,T,PAS,88.0,,4302847.0,,2010,Croatia,20.45157543366055,16.402761536976985,25.196912937516554,True
HR,T,PED,105.0,,4302847.0,,2010,Croatia,24.402447960617703,19.95878480463706,29.540651077957417,True
HR,T,UNK,0.0,,4302847.0,,2010,Croatia,0.0,0.0,0.8573113229714967,True
HR,M,TOTAL,324.0,,2074651.0,,2010,Croatia,156.1708451204564,139.6269243961172,174.13587323954306,True
HR,M,DRIV,209.0,,2074651.0,,2010,Croatia,100.7398352783191,87.54428544645108,115.36280051803044,True
HR,M,PAS,50.0,,2074651.0,,2010,Croatia,24.100439061798827,17.887810401586513,31.773424380455708,True
HR,M,PED,65.0,,2074651.0,,2010,Croatia,31.330570780338476,24.180273081705916,39.93338436964655,True
HR,M,UNK,0.0,,2074651.0,,2010,Croatia,0.0,0.0,1.7780722898038925,True
HR,F,TOTAL,102.0,,2228196.0,,2010,Croatia,45.77694242337748,37.32562583982177,55.57008477240275,True
HR,F,DRIV,24.0,,2228196.0,,2010,Croatia,10.771045276088818,6.901211946653913,16.02646158316109,True
HR,F,PAS,38.0,,2228196.0,,2010,Croatia,17.054155020473964,12.068535104270966,23.40816019742411,True
HR,F,PED,40.0,,2228196.0,,2010,Croatia,17.951742126814697,12.824987766690617,24.445177607348754,True
HR,F,UNK,0.0,,2228196.0,,2010,Croatia,0.0,0.0,1.6555453174289585,True
HR,UNK,TOTAL,0.0,,,,2010,Croatia,,,,False
HR,UNK,DRIV,0.0,,,,2010,Croatia,,,,False
HR,UNK,PAS,0.0,,,,2010,Croatia,,,,False
HR,UNK,PED,0.0,,,,2010,Croatia,,,,False
HR,UNK,UNK,0.0,,,,2010,Croatia,,,,False
HR,T,TOTAL,418.0,,4289857.0,,2011,Croatia,97.43914540741102,88.32085508851783,107.24321477126702,True
HR,T,DRIV,269.0,,4289857.0,,2011,Croatia,62.70605290572623,55.43578186119185,70.66481178323666,True
HR,T,PAS,78.0,,4289857.0,,2011,Croatia,18.182424262626935,14.372451856791576,22.692488362868456,True
HR,T,PED,71.0,,4289857.0,,2011,Croatia,16.550668239057853,12.926209208022327,20.876415952116965,True
HR,T,UNK,0.0,,4289857.0,,2011,Croatia,0.0,0.0,0.8599073242100926,True
HR,M,TOTAL,334.0,,2068752.0,,2011,Croatia,161.44999497281452,144.5976625675918,179.7270967329913,True
HR,M,DRIV,245.0,,2068752.0,,2011,Croatia,118.42888852796276,104.06252798747133,134.2242833750661,True
HR,M,PAS,46.0,,2068752.0,,2011,Croatia,22.235628050148108,16.2792743687846,29.659211790773377,True
HR,M,PED,43.0,,2068752.0,,2011,Croatia,20.785478394703667,15.042553777333962,27.997902991940855,True
HR,M,UNK,0.0,,2068752.0,,2011,Croatia,0.0,0.0,1.7831424231198014,True
HR,F,TOTAL,84.0,,2221105.0,,2011,Croatia,37.81901350904167,30.165926302352208,46.82251211441499,True
HR,F,DRIV,24.0,,2221105.0,,2011,Croatia,10.805432431154763,6.92324444575401,16.07762694413511,True
HR,F,PAS,32.0,,2221105.0,,2011,Croatia,14.407243241539684,9.854543711929226,20.338728731609027,True
HR,F,PED,28.0,,2221105.0,,2011,Croatia,12.606337836347224,8.37681994136141,18.219668112614304,True
HR,F,UNK,0.0,,2221105.0,,2011,Croatia,0.0,0.0,1.6608307370042998,True
HR,UNK,TOTAL,0.0,,,,2011,Croatia,,,,False
HR,UNK,DRIV,0.0,,,,2011,Croatia,,,,False
HR,UNK,PAS,0.0,,,,2011,Croatia,,,,False
HR,UNK,PED,0.0,,,,2011,Croatia,,,,False
HR,UNK,UNK,0.0,,,,2011,Croatia,,,,False
HR,T,TOTAL,393.0,,4275984.0,,2012,Croatia,91.90866944310362,83.04541768238812,101.46027097001677,True
HR,T,DRIV,251.0,,4275984.0,,2012,Croatia,58.69993900819086,51.66204023155369,66.42904231062997,True
HR,T,PAS,70.0,,4275984.0,,2012,Croatia,16.370500918618966,12.76160858131029,20.683143068832567,True
HR,T,PED,72.0,,4275984.0,,2012,Croatia,16.838229516293794,13.174877569744961,21.204963359230984,True
HR,T,UNK,0.0,,4275984.0,,2012,Croatia,0.0,0.0,0.8626972070320973,True
HR,M,TOTAL,324.0,,2062309.0,,2012,Croatia,157.10545800847495,140.46252929378136,175.17799881215242,True
HR,M,DRIV,237.0,,2062309.0,,2012,Croatia,114.91973317286595,100.7534582930278,130.52000491650185,True
HR,M,PAS,40.0,,2062309.0,,2012,Croatia,19.39573555660185,13.856597843382811,26.411486815983476,True
HR,M,PED,47.0,,2062309.0,,2012,Croatia,22.78998927900717,16.745226911711946,30.305854428529855,True
HR,M,UNK,0.0,,2062309.0,,2012,Croatia,0.0,0.0,1.7887132598043918,True
HR,F,TOTAL,69.0,,2213675.0,,2012,Croatia,31.16988717856054,24.252032731473605,39.447487140183306,True
HR,F,DRIV,14.0,,2213675.0,,2012,Croatia,6.324324934780399,3.4575672925341796,10.61114261209779,True
HR,F,PAS,30.0,,2213675.0,,2012,Croatia,13.552124860243712,9.14356173395865,19.346500906776136,True
HR,F,PED,25.0,,2213675.0,,2012,Croatia,11.293437383536427,7.3085172158647165,16.671341410789914,True
HR,F,UNK,0.0,,2213675.0,,2012,Croatia,0.0,0.0,1.6664051652179908,True
HR,UNK,TOTAL,0.0,,,,2012,Croatia,,,,False
HR,UNK,DRIV,0.0,,,,2012,Croatia,,,,False
HR,UNK,PAS,0.0,,,,2012,Croatia,,,,False
HR,UNK,PED,0.0,,,,2012,Croatia,,,,False
HR,UNK,UNK,0.0,,,,2012,Croatia,,,,False
HR,T,TOTAL,368.0,,4247803.0,,2013,Croatia,86.63301946912321,78.00674812544273,95.95259002806507,True
HR,T,DRIV,215.0,,4247803.0,,2013,Croatia,50.61439996158014,44.07451076458739,57.85122745763288,True
HR,T,PAS,84.0,,4247803.0,,2013,Croatia,19.774928357082473,15.773257314377808,24.482706888687563,True
HR,T,PED,69.0,,4247803.0,,2013,Croatia,16.243691150460602,12.638561288469553,20.557430769516685,True
HR,T,UNK,0.0,,4247803.0,,2013,Croatia,0.0,0.0,0.8684205586073402,True
HR,M,TOTAL,284.0,,2047498.0,,2013,Croatia,138.7058741937721,123.04149236518525,155.81198859416637,True
HR,M,DRIV,197.0,,2047498.0,,2013,Croatia,96.21499019779262,83.2477689743683,110.62952826216028,True
HR,M,PAS,46.0,,2047498.0,,2013,Croatia,22.466444411667315,16.44826095506412,29.967088471190696,True
HR,M,PED,41.0,,2047498.0,,2013,Croatia,20.02443958431217,14.369883569339398,27.165413380494105,True
HR,M,UNK,0.0,,2047498.0,,2013,Croatia,0.0,0.0,1.801652286895487,True
HR,F,TOTAL,84.0,,2200305.0,,2013,Croatia,38.17652552714283,30.45109188943624,47.265136319686455,True
HR,F,DRIV,18.0,,2200305.0,,2013,Croatia,8.180684041530606,4.84839182767822,12.929007690991924,True
HR,F,PAS,38.0,,2200305.0,,2013,Croatia,17.270332976564614,12.22151549225955,23.704881332024247,True
HR,F,PED,28.0,,2200305.0,,2013,Croatia,12.725508509047609,8.456007987918735,18.391902914945064,True
HR,F,UNK,0.0,,2200305.0,,2013,Croatia,0.0,0.0,1.676530960077778,True
HR,UNK,TOTAL,0.0,,,,2013,Croatia,,,,False
HR,UNK,DRIV,0.0,,,,2013,Croatia,,,,False
HR,UNK,PAS,0.0,,,,2013,Croatia,,,,False
HR,UNK,PED,0.0,,,,2013,Croatia,,,,False
HR,UNK,UNK,0.0,,,,2013,Croatia,,,,False
HR,T,TOTAL,308.0,,4217632.0,,2014,Croatia,73.02676003975691,65.09802071548877,81.65486671534364,True
HR,T,DRIV,185.0,,4217632.0,,2014,Croatia,43.86347599790594,37.7702514005371,50.6598337177289,True
HR,T,PAS,50.0,,4217632.0,,2014,Croatia,11.85499351294755,8.799004687336843,15.629331023744323,True
HR,T,PED,73.0,,4217632.0,,2014,Croatia,17.308290528903424,13.566936831496715,21.762576768902914,True
HR,T,UNK,0.0,,4217632.0,,2014,Croatia,0.0,0.0,0.8746328399713241,True
HR,M,TOTAL,244.0,,2030986.0,,2014,Croatia,120.13869125636514,105.53605832883986,136.19699311242724,True
HR,M,DRIV,170.0,,2030986.0,,2014,Croatia,83.70318653107407,71.5933644839772,97.2746606213794,True
HR,M,PAS,31.0,,2030986.0,,2014,Croatia,15.263522249784096,10.370822831443375,21.665351461432405,True
HR,M,PED,43.0,,2030986.0,,2014,Croatia,21.17198247550697,15.322268697060043,28.51852145233085,True
HR,M,UNK,0.0,,2030986.0,,2014,Croatia,0.0,0.0,1.8162997943432084,True
HR,F,TOTAL,64.0,,2186646.0,,2014,Croatia,29.268569306600153,22.54036480812873,37.37530958778192,True
HR,F,DRIV,15.0,,2186646.0,,2014,Croatia,6.859820931234411,3.8393897012974723,11.314231417195945,True
HR,F,PAS,19.0,,2186646.0,,2014,Croatia,8.68910651289692,5.2314097317840815,13.569116158530273,True
HR,F,PED,30.0,,2186646.0,,2014,Croatia,13.719641862468823,9.256584751908134,19.585641843630683,True
HR,F,UNK,0.0,,2186646.0,,2014,Croatia,0.0,0.0,1.6870034994754228,True
HR,UNK,TOTAL,0.0,,,,2014,Croatia,,,,False
HR,UNK,DRIV,0.0,,,,2014,Croatia,,,,False
HR,UNK,PAS,0.0,,,,2014,Croatia,,,,False
HR,UNK,PED,0.0,,,,2014,Croatia,,,,False
HR,UNK,UNK,0.0,,,,2014,Croatia,,,,False
HR,T,TOTAL,348.0,,4180915.0,,2015,Croatia,83.23536833444354,74.71893493008562,92.45653329155054,True
HR,T,DRIV,225.0,,4180915.0,,2015,Croatia,53.81597090589022,47.01335567085555,61.32632259482213,True
HR,T,PAS,62.0,,4180915.0,,2015,Croatia,14.829289760734193,11.369531427013603,19.010480212045987,True
HR,T,PED,61.0,,4180915.0,,2015,Croatia,14.590107667819126,11.160276293821457,18.7416036716451,True
HR,T,UNK,0.0,,4180915.0,,2015,Croatia,0.0,0.0,0.8823139083463634,True
HR,M,TOTAL,274.0,,2010756.0,,2015,Croatia,136.26715523912398,120.60842207030663,153.39447876993341,True
HR,M,DRIV,202.0,,2010756.0,,2015,Croatia,100.45972758504762,87.08295798804575,115.30983756435896,True
HR,M,PAS,34.0,,2010756.0,,2015,Croatia,16.9090630588694,11.710017717004087,23.62872078720794,True
HR,M,PED,38.0,,2010756.0,,2015,Croatia,18.898364595206978,13.373607561134294,25.939481925832677,True
HR,M,UNK,0.0,,2010756.0,,2015,Croatia,0.0,0.0,1.8345733913582432,True
HR,F,TOTAL,74.0,,2170159.0,,2015,Croatia,34.09888399882221,26.77495807604004,42.80802627913283,True
HR,F,DRIV,23.0,,2170159.0,,2015,Croatia,10.598301783417712,6.7184141977821366,15.90265639284174,True
HR,F,PAS,28.0,,2170159.0,,2015,Croatia,12.90228043198678,8.573471646942705,18.647387561587973,True
HR,F,PED,23.0,,2170159.0,,2015,Croatia,10.598301783417712,6.7184141977821366,15.90265639284174,True
HR,F,UNK,0.0,,2170159.0,,2015,Croatia,0.0,0.0,1.6998198998847254,True
HR,UNK,TOTAL,0.0,,,,2015,Croatia,,,,False
HR,UNK,DRIV,0.0,,,,2015,Croatia,,,,False
HR,UNK,PAS,0.0,,,,2015,Croatia,,,,False
HR,UNK,PED,0.0,,,,2015,Croatia,,,,False
HR,UNK,UNK,0.0,,,,2015,Croatia,,,,False
HR,T,TOTAL,307.0,,4131115.0,,2016,Croatia,74.31407743430043,66.23281984478525,83.10937067953952,True
HR,T,DRIV,186.0,,4131115.0,,2016,Croatia,45.02416417843609,38.78590560017595,51.98023556882703,True
HR,T,PAS,54.0,,4131115.0,,2016,Croatia,13.071531535674993,9.819736795645909,17.055513195277957,True
HR,T,PED,67.0,,4131115.0,,2016,Croatia,16.218381720189342,12.569023066460394,20.596771483678463,True
HR,T,UNK,0.0,,4131115.0,,2016,Croatia,0.0,0.0,0.8929500762176641,True
HR,M,TOTAL,243.0,,1984691.0,,2016,Croatia,122.43719551305468,107.5255945190487,138.83848413002124,True
HR,M,DRIV,171.0,,1984691.0,,2016,Croatia,86.15950795363106,73.72937845134516,100.08527584520483,True
HR,M,PAS,30.0,,1984691.0,,2016,Croatia,15.115703149759836,10.198501439982806,21.578606138087824,True
HR,M,PED,42.0,,1984691.0,,2016,Croatia,21.16198440966377,15.251696980778217,28.604855253785423,True
HR,M,UNK,0.0,,1984691.0,,2016,Croatia,0.0,0.0,1.858666892787812,True
HR,F,TOTAL,64.0,,2146424.0,,2016,Croatia,29.81703521764572,22.962750391458282,38.07568831176179,True
HR,F,DRIV,15.0,,2146424.0,,2016,Croatia,6.988367629135716,3.911336312295852,11.526249646614948,True
HR,F,PAS,24.0,,2146424.0,,2016,Croatia,11.181388206617145,7.16412640498171,16.637019337164144,True
HR,F,PED,25.0,,2146424.0,,2016,Croatia,11.64727938189286,7.5375051004970715,17.19368200203239,True
HR,F,UNK,0.0,,2146424.0,,2016,Croatia,0.0,0.0,1.7186163843275772,True
HR,UNK,TOTAL,0.0,,,,2016,Croatia,,,,False
HR,UNK,DRIV,0.0,,,,2016,Croatia,,,,False
HR,UNK,PAS,0.0,,,,2016,Croatia,,,,False
HR,UNK,PED,0.0,,,,2016,Croatia,,,,False
HR,UNK,UNK,0.0,,,,2016,Croatia,,,,False
HR,T,TOTAL,331.0,,4078769.0,,2017,Croatia,81.15193579239227,72.64397022557121,90.38260295321045,True
HR,T,DRIV,210.0,,4078769.0,,2017,Croatia,51.486122406049475,44.75764789543666,58.94060780082917,True
HR,T,PAS,65.0,,4078769.0,,2017,Croatia,15.9361807447296,12.299207856398404,20.311970551867876,True
HR,T,PED,56.0,,4078769.0,,2017,Croatia,13.729632641613193,10.371216948699525,17.829069998223716,True
HR,T,UNK,0.0,,4078769.0,,2017,Croatia,0.0,0.0,0.9044099957889098,True
HR,M,TOTAL,268.0,,1956684.0,,2017,Croatia,136.96641869612057,121.05756555981044,154.38477650038274,True
HR,M,DRIV,192.0,,1956684.0,,2017,Croatia,98.12519548378788,84.73577607730105,113.02955617921472,True
HR,M,PAS,43.0,,1956684.0,,2017,Croatia,21.97595523855666,15.904107772111995,29.601467488047955,True
HR,M,PED,33.0,,1956684.0,,2017,Croatia,16.865267973776042,11.609274452456217,23.68510667495073,True
HR,M,UNK,0.0,,1956684.0,,2017,Croatia,0.0,0.0,1.8852709247450972,True
HR,F,TOTAL,63.0,,2122085.0,,2017,Croatia,29.687783477099174,22.812907963388483,37.98357148129811,True
HR,F,DRIV,18.0,,2122085.0,,2017,Croatia,8.482223850599764,5.027103429127262,13.40557059096501,True
HR,F,PAS,22.0,,2122085.0,,2017,Croatia,10.367162484066379,6.497045534099535,15.696008589253132,True
HR,F,PED,23.0,,2122085.0,,2017,Croatia,10.838397142433031,6.870614059778323,16.262917317088164,True
HR,F,UNK,0.0,,2122085.0,,2017,Croatia,0.0,0.0,1.738327849315148,True
HR,UNK,TOTAL,0.0,,,,2017,Croatia,,,,False
HR,UNK,DRIV,0.0,,,,2017,Croatia,,,,False
HR,UNK,PAS,0.0,,,,2017,Croatia,,,,False
HR,UNK,PED,0.0,,,,2017,Croatia,,,,False
HR,UNK,UNK,0.0,,,,2017,Croatia,,,,False
HR,T,TOTAL,317.0,,4014341.0,,2018,Croatia,78.96688397921352,70.51230163605213,88.15605501914966,True
HR,T,DRIV,193.0,,4014341.0,,2018,Croatia,48.077629678196246,41.5337099593751,55.359922657755604,True
HR,T,PAS,59.0,,4014341.0,,2018,Croatia,14.697306481935641,11.188270659790348,18.958454541499034,True
HR,T,PED,65.0,,4014341.0,,2018,Croatia,16.191947819081637,12.49660348466517,20.637966683914392,True
HR,T,UNK,0.0,,4014341.0,,2018,Croatia,0.0,0.0,0.9189252866445415,True
HR,M,TOTAL,251.0,,1923380.0,,2018,Croatia,130.4994332893136,114.85304902696289,147.6824767105703,True
HR,M,DRIV,178.0,,1923380.0,,2018,Croatia,92.5454148426208,79.44891965000458,107.18446903768356,True
HR,M,PAS,32.0,,1923380.0,,2018,Croatia,16.6373779492352,11.379954201085882,23.487013527966635,True
HR,M,PED,41.0,,1923380.0,,2018,Croatia,21.316640497457602,15.297189254570226,28.918429829641006,True
HR,M,UNK,0.0,,1923380.0,,2018,Croatia,0.0,0.0,1.9179150527269366,True
HR,F,TOTAL,66.0,,2090961.0,,2018,Croatia,31.564433769926843,24.411930790981412,40.157698992236966,True
HR,F,DRIV,15.0,,2090961.0,,2018,Croatia,7.173734947710646,4.015084993351532,11.831984848825895,True
HR,F,PAS,27.0,,2090961.0,,2018,Croatia,12.912722905879162,8.509565760320147,18.78733388387547,True
HR,F,PED,24.0,,2090961.0,,2018,Croatia,11.477975916337034,7.354155746896504,17.078318339631018,True
HR,F,UNK,0.0,,2090961.0,,2018,Croatia,0.0,0.0,1.7642028971912607,True
HR,UNK,TOTAL,0.0,,,,2018,Croatia,,,,False
HR,UNK,DRIV,0.0,,,,2018,Croatia,,,,False
HR,UNK,PAS,0.0,,,,2018,Croatia,,,,False
HR,UNK,PED,0.0,,,,2018,Croatia,,,,False
HR,UNK,UNK,0.0,,,,2018,Croatia,,,,False
HR,T,TOTAL,297.0,,3968676.0,,2019,Croatia,74.8360410373636,66.56615132855612,83.84942322963232,True
HR,T,DRIV,186.0,,3968676.0,,2019,Croatia,46.867015599157,40.37342338187115,54.107800904360765,True
HR,T,PAS,50.0,,3968676.0,,2019,Croatia,12.598660107300269,9.350968367652554,16.6097627179283,True
HR,T,PED,61.0,,3968676.0,,2019,Croatia,15.370365330906328,11.757111581036733,19.74387728170203,True
HR,T,UNK,0.0,,3968676.0,,2019,Croatia,0.0,0.0,0.9294987683836966,True
HR,M,TOTAL,238.0,,1903803.0,,2019,Croatia,125.01293463661943,109.6337971598115,141.9453911548334,True
HR,M,DRIV,168.0,,1903803.0,,2019,Croatia,88.24442444937843,75.40484035605313,102.64353444674605,True
HR,M,PAS,37.0,,1903803.0,,2019,Croatia,19.434783956113105,13.683881455752529,26.788289619215238,True
HR,M,PED,33.0,,1903803.0,,2019,Croatia,17.333726231127905,11.931739561672002,24.342996239195596,True
HR,M,UNK,0.0,,1903803.0,,2019,Croatia,0.0,0.0,1.9376371684013187,True
HR,F,TOTAL,59.0,,2064873.0,,2019,Croatia,28.57318585695101,21.751232946865713,36.85732796282181,True
HR,F,DRIV,18.0,,2064873.0,,2019,Croatia,8.717243142798614,5.166390756428858,13.777002395560396,True
HR,F,PAS,13.0,,2064873.0,,2019,Croatia,6.295786714243443,3.352241271498926,10.765987021070485,True
HR,F,PED,28.0,,2064873.0,,2019,Croatia,13.560155999908954,9.010625184143302,19.59820092725712,True
HR,F,UNK,0.0,,2064873.0,,2019,Croatia,0.0,0.0,1.7864921736658552,True
HR,UNK,TOTAL,0.0,,,,2019,Croatia,,,,False
HR,UNK,DRIV,0.0,,,,2019,Croatia,,,,False
HR,UNK,PAS,0.0,,,,2019,Croatia,,,,False
HR,UNK,PED,0.0,,,,2019,Croatia,,,,False
HR,UNK,UNK,0.0,,,,2019,Croatia,,,,False
HR,T,TOTAL,237.0,,3933511.0,,2020,Croatia,60.25151575780518,52.82424882473594,68.4306160118393,True
HR,T,DRIV,156.0,,3933511.0,,2020,Croatia,39.65922556209961,33.67996767323141,46.39399509423144,True
HR,T,PAS,42.0,,3933511.0,,2020,Croatia,10.677483805180664,7.695391148639905,14.43285623924546,True
HR,T,PED,38.0,,3933511.0,,2020,Croatia,9.660580585639648,6.836401790968972,13.259901629678831,True
HR,T,UNK,1.0,,3933511.0,,2020,Croatia,0.2542258048852539,0.006436440112736408,1.4164555255950466,True
HR,M,TOTAL,186.0,,1891983.0,,2020,Croatia,98.30955140717438,84.68841232372112,113.498023429341,True
HR,M,DRIV,142.0,,1891983.0,,2020,Croatia,75.05352849364925,63.216961287077105,88.462780019167,True
HR,M,PAS,21.0,,1891983.0,,2020,Croatia,11.099465481455171,6.87074407332211,16.966712034380546,True
HR,M,PED,23.0,,1891983.0,,2020,Croatia,12.15655743206995,7.706214610302885,18.240804962218494,True
HR,M,UNK,0.0,,1891983.0,,2020,Croatia,0.0,0.0,1.9497423888660392,True
HR,F,TOTAL,51.0,,2041528.0,,2020,Croatia,24.98128852506554,18.600210155477058,32.84578089382256,True
HR,F,DRIV,14.0,,2041528.0,,2020,Croatia,6.8576086147238735,3.7491184428039195,11.505902011549964,True
HR,F,PAS,21.0,,2041528.0,,2020,Croatia,10.28641292208581,6.367451724431988,15.72387483049138,True
HR,F,PED,15.0,,2041528.0,,2020,Croatia,7.347437801489864,4.112305162007727,12.118481290232534,True
HR,F,UNK,1.0,,2041528.0,,2020,Croatia,0.48982918676599096,0.012401401295642234,2.7291535511337086,True
HR,UNK,TOTAL,0.0,,,,2020,Croatia,,,,False
HR,UNK,DRIV,0.0,,,,2020,Croatia,,,,False
HR,UNK,PAS,0.0,,,,2020,Croatia,,,,False
HR,UNK,PED,0.0,,,,2020,Croatia,,,,False
HR,UNK,UNK,0.0,,,,2020,Croatia,,,,False
HR,T,TOTAL,292.0,,3893026.0,,2021,Croatia,75.00592084409404,66.64869347931283,84.12121068130158,True
HR,T,DRIV,198.0,,3893026.0,,2021,Croatia,50.86017920250212,44.02227955920169,58.45923629005268,True
HR,T,PAS,56.0,,3893026.0,,2021,Croatia,14.384697148182417,10.866045637154802,18.679725747422427,True
HR,T,PED,37.0,,3893026.0,,2021,Croatia,9.504174901477668,6.6918162290994285,13.100253155753602,True
HR,T,UNK,1.0,,3893026.0,,2021,Croatia,0.25686959193182884,0.006503375005532945,1.431185764220146,True
HR,M,TOTAL,231.0,,1874023.0,,2021,Croatia,123.26422888086219,107.87983314903394,140.22712681422396,True
HR,M,DRIV,177.0,,1874023.0,,2021,Croatia,94.44921433728402,81.0470593753508,109.43466334170158,True
HR,M,PAS,30.0,,1874023.0,,2021,Croatia,16.008341413098986,10.800760727814394,22.852902763097177,True
HR,M,PED,23.0,,1874023.0,,2021,Croatia,12.273061750042556,7.780068354040844,18.415618642264814,True
HR,M,UNK,1.0,,1874023.0,,2021,Croatia,0.5336113804366328,0.013509870468126538,2.9730923211395472,True
HR,F,TOTAL,61.0,,2019003.0,,2021,Croatia,30.212931828234034,23.110498875426405,38.80977488138258,True
HR,F,DRIV,21.0,,2019003.0,,2021,Croatia,10.401173252342865,6.43849017761548,15.899298185759706,True
HR,F,PAS,26.0,,2019003.0,,2021,Croatia,12.87764307432926,8.412104001626716,18.868730795905204,True
HR,F,PED,14.0,,2019003.0,,2021,Croatia,6.93411550156191,3.790945469769287,11.634267567624008,True
HR,F,UNK,0.0,,2019003.0,,2021,Croatia,0.0,0.0,1.8270797290117626,True
HR,UNK,TOTAL,0.0,,,,2021,Croatia,,,,False
HR,UNK,DRIV,0.0,,,,2021,Croatia,,,,False
HR,UNK,PAS,0.0,,,,2021,Croatia,,,,False
HR,UNK,PED,0.0,,,,2021,Croatia,,,,False
HR,UNK,UNK,0.0,,,,2021,Croatia,,,,False
HR,T,TOTAL,275.0,,3862305.0,,2022,Croatia,71.20100561711206,63.033587821803046,80.13295939262017,True
HR,T,DRIV,177.0,,3862305.0,,2022,Croatia,45.82755634265031,39.324717584906686,53.09862273942778,True
HR,T,PAS,55.0,,3862305.0,,2022,Croatia,14.240201123422413,10.727668315018747,18.535579136282443,True
HR,T,PED,43.0,,3862305.0,,2022,Croatia,11.133248151039341,8.057186890203438,14.996412196961044,True
HR,T,UNK,0.0,,3862305.0,,2022,Croatia,0.0,0.0,0.9550979153935113,True
HR,M,TOTAL,211.0,,1862293.0,,2022,Croatia,113.30118300396339,98.52828494303736,129.66409600293508,True
HR,M,DRIV,160.0,,1862293.0,,2022,Croatia,85.91558900774476,73.11873200763573,100.30771120665604,True
HR,M,PAS,25.0,,1862293.0,,2022,Croatia,13.424310782460118,8.68750612703228,19.816930900524444,True
HR,M,PED,26.0,,1862293.0,,2022,Croatia,13.961283213758522,9.119973718204571,20.456514674718207,True
HR,M,UNK,0.0,,1862293.0,,2022,Croatia,0.0,0.0,1.980826569242292,True
HR,F,TOTAL,64.0,,2000012.0,,2022,Croatia,31.999808001151994,24.643751410609262,40.86304042619994,True
HR,F,DRIV,17.0,,2000012.0,,2022,Croatia,8.499949000305998,4.9515335256024935,13.609241752502792,True
HR,F,PAS,30.0,,2000012.0,,2022,Croatia,14.999910000539996,10.120376288452727,21.413304217578524,True
HR,F,PED,17.0,,2000012.0,,2022,Croatia,8.499949000305998,4.9515335256024935,13.609241752502792,True
HR,F,UNK,0.0,,2000012.0,,2022,Croatia,0.0,0.0,1.8444286604850049,True
HR,UNK,TOTAL,0.0,,,,2022,Croatia,,,,False
HR,UNK,DRIV,0.0,,,,2022,Croatia,,,,False
HR,UNK,PAS,0.0,,,,2022,Croatia,,,,False
HR,UNK,PED,0.0,,,,2022,Croatia,,,,False
HR,UNK,UNK,0.0,,,,2022,Croatia,,,,False
HR,T,TOTAL,274.0,,3850894.0,,2023,Croatia,71.15230904823659,62.97605395744507,80.0953930576942,True
HR,T,DRIV,179.0,,3850894.0,,2023,Croatia,46.48271284538084,39.92243863636969,53.8133864732082,True
HR,T,PAS,49.0,,3850894.0,,2023,Croatia,12.724318041472968,9.413520535446871,16.822223253332417,True
HR,T,PED,45.0,,3850894.0,,2023,Croatia,11.685598201352725,8.52355551418306,15.636249789518695,True
HR,T,UNK,1.0,,3850894.0,,2023,Croatia,0.25967996003006055,0.006574527365409148,1.446844133060764,True
HR,M,TOTAL,225.0,,1861866.0,,2023,Croatia,120.846505602444,105.57088637131515,137.71138311324808,True
HR,M,DRIV,165.0,,1861866.0,,2023,Croatia,88.6207707751256,75.61441962593432,103.22213339237601,True
HR,M,PAS,28.0,,1861866.0,,2023,Croatia,15.038676252748587,9.993091154711205,21.735074351896536,True
HR,M,PED,31.0,,1861866.0,,2023,Croatia,16.649962994114507,11.312842051544985,23.633293428876595,True
HR,M,UNK,1.0,,1861866.0,,2023,Croatia,0.5370955804553067,0.013598082775178181,2.9925050411463,True
HR,F,TOTAL,49.0,,1989028.0,,2023,Croatia,24.635148424255465,18.2252184226814,32.568972680584835,True
HR,F,DRIV,14.0,,1989028.0,,2023,Croatia,7.038613835501562,3.8480756813381207,11.809598015631542,True
HR,F,PAS,21.0,,1989028.0,,2023,Croatia,10.557920753252342,6.53551935119877,16.138903391477346,True
HR,F,PED,14.0,,1989028.0,,2023,Croatia,7.038613835501562,3.8480756813381207,11.809598015631542,True
HR,F,UNK,0.0,,1989028.0,,2023,Croatia,0.0,0.0,1.8546141402302712,True
HR,UNK,TOTAL,0.0,,,,2023,Croatia,,,,False
HR,UNK,DRIV,0.0,,,,2023,Croatia,,,,False
HR,UNK,PAS,0.0,,,,2023,Croatia,,,,False
HR,UNK,PED,0.0,,,,2023,Croatia,,,,False
HR,UNK,UNK,0.0,,,,2023,Croatia,,,,False
HR,T,TOTAL,239.0,,3861967.0,,2024,Croatia,61.88556246078747,54.287795218979,70.24902321624938,True
HR,T,DRIV,165.0,,3861967.0,,2024,Croatia,42.72434228464407,36.453940960981754,49.76370347305649,True
HR,T,PAS,34.0,,3861967.0,,2024,Croatia,8.803803864714535,6.096890104077086,12.30243347372028,True
HR,T,PED,40.0,,3861967.0,,2024,Croatia,10.357416311428866,7.39949006342855,14.103861313155722,True
HR,T,UNK,0.0,,3861967.0,,2024,Croatia,0.0,0.0,0.9551815057233621,True
HR,M,TOTAL,190.0,,1875410.0,,2024,Croatia,101.31117995531643,87.41716050016663,116.78598667125016,True
HR,M,DRIV,152.0,,1875410.0,,2024,Croatia,81.04894396425316,68.67648914849265,95.00655235526615,True
HR,M,PAS,15.0,,1875410.0,,2024,Croatia,7.99825104910393,4.4765603962777805,13.191898769594832,True
HR,M,PED,23.0,,1875410.0,,2024,Croatia,12.263984941959357,7.774314436333753,18.401998973468753,True
HR,M,UNK,0.0,,1875410.0,,2024,Croatia,0.0,0.0,1.966972264258981,True
HR,F,TOTAL,49.0,,1986557.0,,2024,Croatia,24.665791114979335,18.247888053969326,32.60948394278054,True
HR,F,DRIV,13.0,,1986557.0,,2024,Croatia,6.54398539785166,3.484396617365523,11.190414328991755,True
HR,F,PAS,19.0,,1986557.0,,2024,Croatia,9.564286350706272,5.758325164778426,14.935817885711606,True
HR,F,PED,17.0,,1986557.0,,2024,Croatia,8.5575193664214,4.985070385399107,13.70141748558265,True
HR,F,UNK,0.0,,1986557.0,,2024,Croatia,0.0,0.0,1.8569210217043537,True
HR,UNK,TOTAL,0.0,,,,2024,Croatia,,,,False
HR,UNK,DRIV,0.0,,,,2024,Croatia,,,,False
HR,UNK,PAS,0.0,,,,2024,Croatia,,,,False
HR,UNK,PED,0.0,,,,2024,Croatia,,,,False
HR,UNK,UNK,0.0,,,,2024,Croatia,,,,False
HU,T,TOTAL,740.0,,10014324.0,,2010,Hungary,73.89415401379064,68.66530341271049,79.41559938397008,True
HU,T,DRIV,387.0,,10014324.0,,2010,Hungary,38.64464540991484,34.889892076352176,42.69335253137372,True
HU,T,PAS,161.0,,10014324.0,,2010,Hungary,16.076971346243642,13.689502118508763,18.761077295840334,True
HU,T,PED,192.0,,10014324.0,,2010,Hungary,19.172537257632168,16.55639834281752,22.084678317075678,True
HU,T,UNK,0.0,,10014324.0,,2010,Hungary,0.0,0.0,0.3683603061089231,True
HU,M,TOTAL,555.0,,4756900.0,,2010,Hungary,116.67262292669595,107.16656581531937,126.79581436867187,True
HU,M,DRIV,341.0,,4756900.0,,2010,Hungary,71.68534129369968,64.27782834632295,79.7123649278037,True
HU,M,PAS,85.0,,4756900.0,,2010,Hungary,17.868780087872352,14.272946878175807,22.095023296453355,True
HU,M,PED,129.0,,4756900.0,,2010,Hungary,27.118501545123927,22.640969690720116,32.2223709993127,True
HU,M,UNK,0.0,,4756900.0,,2010,Hungary,0.0,0.0,0.7754797145439122,True
HU,F,TOTAL,181.0,,5257424.0,,2010,Hungary,34.42750670290241,29.59451720218691,39.82471361994331,True
HU,F,DRIV,45.0,,5257424.0,,2010,Hungary,8.55932487088734,6.243230294576672,11.453050105328924,True
HU,F,PAS,76.0,,5257424.0,,2010,Hungary,14.455748670831952,11.389485777912071,18.093525072988516,True
HU,F,PED,60.0,,5257424.0,,2010,Hungary,11.412433161183118,8.708888792307272,14.690063690248936,True
HU,F,UNK,0.0,,5257424.0,,2010,Hungary,0.0,0.0,0.701651503495616,True
HU,UNK,TOTAL,4.0,,,,2010,Hungary,,,,False
HU,UNK,DRIV,1.0,,,,2010,Hungary,,,,False
HU,UNK,PAS,0.0,,,,2010,Hungary,,,,False
HU,UNK,PED,3.0,,,,2010,Hungary,,,,False
HU,UNK,UNK,0.0,,,,2010,Hungary,,,,False
HU,T,TOTAL,638.0,,9985722.0,,2011,Hungary,63.89122388946939,59.0290601374649,69.04709504103597,True
HU,T,DRIV,368.0,,9985722.0,,2011,Hungary,36.85261816822059,33.18310871337095,40.817048559832216,True
HU,T,PAS,146.0,,9985722.0,,2011,Hungary,14.620875686304906,12.345483131902348,17.194132299129272,True
HU,T,PED,124.0,,9985722.0,,2011,Hungary,12.417730034943894,10.32842537685984,14.805570802931737,True
HU,T,UNK,0.0,,9985722.0,,2011,Hungary,0.0,0.0,0.369415396714823,True
HU,M,TOTAL,467.0,,4743901.0,,2011,Hungary,98.44218924467437,89.71514816117248,107.78883573838357,True
HU,M,DRIV,321.0,,4743901.0,,2011,Hungary,67.66583029451921,60.465193304823835,75.48801300920043,True
HU,M,PAS,73.0,,4743901.0,,2011,Hungary,15.388179475077578,12.0618762749263,19.348325393590958,True
HU,M,PED,73.0,,4743901.0,,2011,Hungary,15.388179475077578,12.0618762749263,19.348325393590958,True
HU,M,UNK,0.0,,4743901.0,,2011,Hungary,0.0,0.0,0.7776046452305677,True
HU,F,TOTAL,169.0,,5241821.0,,2011,Hungary,32.24070413697835,27.56302236356257,37.48475616774681,True
HU,F,DRIV,47.0,,5241821.0,,2011,Hungary,8.966349671230665,6.588136482925639,11.923344261592865,True
HU,F,PAS,71.0,,5241821.0,,2011,Hungary,13.544911205476112,10.578688027404795,17.085062444349134,True
HU,F,PED,51.0,,5241821.0,,2011,Hungary,9.729443260271573,7.244209567303188,12.792421064474308,True
HU,F,UNK,0.0,,5241821.0,,2011,Hungary,0.0,0.0,0.7037400655447669,True
HU,UNK,TOTAL,2.0,,,,2011,Hungary,,,,False
HU,UNK,DRIV,0.0,,,,2011,Hungary,,,,False
HU,UNK,PAS,2.0,,,,2011,Hungary,,,,False
HU,UNK,PED,0.0,,,,2011,Hungary,,,,False
HU,UNK,UNK,0.0,,,,2011,Hungary,,,,False
HU,T,TOTAL,605.0,,9931925.0,b,2012,Hungary,60.91467666137229,56.15681647900846,65.96793899984358,True
HU,T,DRIV,328.0,,9931925.0,b,2012,Hungary,33.02481643790101,29.547139836306943,36.799311078919814,True
HU,T,PAS,121.0,,9931925.0,b,2012,Hungary,12.18293533227446,10.10907669588135,14.557053124287,True
HU,T,PED,156.0,,9931925.0,b,2012,Hungary,15.706924891196822,13.33885659852447,18.37421144814378,True
HU,T,UNK,0.0,,9931925.0,b,2012,Hungary,0.0,0.0,0.3714163622977354,True
HU,M,TOTAL,438.0,,4724666.0,b,2012,Hungary,92.70496581133989,84.22525589859296,101.8071118982794,True
HU,M,DRIV,280.0,,4724666.0,b,2012,Hungary,59.26344846387025,52.524497679692026,66.627279587054,True
HU,M,PAS,57.0,,4724666.0,b,2012,Hungary,12.0643448658593,9.137416986285325,15.630758111359153,True
HU,M,PED,101.0,,4724666.0,b,2012,Hungary,21.37717248161034,17.41205807839939,25.97520241765884,True
HU,M,UNK,0.0,,4724666.0,b,2012,Hungary,0.0,0.0,0.7807704193511109,True
HU,F,TOTAL,163.0,,5207259.0,b,2012,Hungary,31.30245682037325,26.681415633260755,36.49388498949861,True
HU,F,DRIV,48.0,,5207259.0,b,2012,Hungary,9.21790139495654,6.796552816651379,12.221599920827304,True
HU,F,PAS,64.0,,5207259.0,b,2012,Hungary,12.290535193275387,9.465209728618348,15.69473905732075,True
HU,F,PED,51.0,,5207259.0,b,2012,Hungary,9.794020232141325,7.29229136447616,12.877327856479537,True
HU,F,UNK,0.0,,5207259.0,b,2012,Hungary,0.0,0.0,0.7084109805396535,True
HU,UNK,TOTAL,4.0,,,,2012,Hungary,,,,False
HU,UNK,DRIV,0.0,,,,2012,Hungary,,,,False
HU,UNK,PAS,0.0,,,,2012,Hungary,,,,False
HU,UNK,PED,4.0,,,,2012,Hungary,,,,False
HU,UNK,UNK,0.0,,,,2012,Hungary,,,,False
HU,T,TOTAL,591.0,,9895250.0,,2013,Hungary,59.725625931633864,55.00683872574561,64.74095698291191,True
HU,T,DRIV,325.0,,9895250.0,,2013,Hungary,32.84404133296279,29.36992221439249,36.616103350598934,True
HU,T,PAS,119.0,,9895250.0,,2013,Hungary,12.02597205730022,9.96252072228921,14.390868534922058,True
HU,T,PED,147.0,,9895250.0,,2013,Hungary,14.85561254137086,12.551229319709632,17.460555991283524,True
HU,T,UNK,0.0,,9895250.0,,2013,Hungary,0.0,0.0,0.3727929515791855,True
HU,M,TOTAL,429.0,,4713025.0,,2013,Hungary,91.02434211573247,82.61358698509642,100.05917299113756,True
HU,M,DRIV,266.0,,4713025.0,,2013,Hungary,56.43933567082712,49.85999163576058,63.64542028728611,True
HU,M,PAS,67.0,,4713025.0,,2013,Hungary,14.215922894531644,11.017144981238278,18.053719559687536,True
HU,M,PED,96.0,,4713025.0,,2013,Hungary,20.3690835503737,16.4990230722295,24.874137310820224,True
HU,M,UNK,0.0,,4713025.0,,2013,Hungary,0.0,0.0,0.7826988938344133,True
HU,F,TOTAL,159.0,,5182225.0,,2013,Hungary,30.681801735740923,26.098083049782485,35.838843342782575,True
HU,F,DRIV,57.0,,5182225.0,,2013,Hungary,10.99913647130335,8.330638550608038,14.2506570831955,True
HU,F,PAS,51.0,,5182225.0,,2013,Hungary,9.841332632218787,7.327518553959114,12.939534924979865,True
HU,F,PED,51.0,,5182225.0,,2013,Hungary,9.841332632218787,7.327518553959114,12.939534924979865,True
HU,F,UNK,0.0,,5182225.0,,2013,Hungary,0.0,0.0,0.711833132315547,True
HU,UNK,TOTAL,3.0,,,,2013,Hungary,,,,False
HU,UNK,DRIV,2.0,,,,2013,Hungary,,,,False
HU,UNK,PAS,1.0,,,,2013,Hungary,,,,False
HU,UNK,PED,0.0,,,,2013,Hungary,,,,False
HU,UNK,UNK,0.0,,,,2013,Hungary,,,,False
HU,T,TOTAL,626.0,,9850217.0,,2014,Hungary,63.55189941500781,58.67034519589076,68.73123856263484,True
HU,T,DRIV,360.0,,9850217.0,,2014,Hungary,36.547418193934206,32.869156058757554,40.524714757156715,True
HU,T,PAS,114.0,,9850217.0,,2014,Hungary,11.573349094745831,9.546585842926648,13.903127574350433,True
HU,T,PED,152.0,,9850217.0,,2014,Hungary,15.431132126327775,13.075506307523439,18.088559709150537,True
HU,T,UNK,0.0,,9850217.0,,2014,Hungary,0.0,0.0,0.3744972779903159,True
HU,M,TOTAL,457.0,,4697447.0,,2014,Hungary,97.28688796275935,88.57062142895998,106.62899089087138,True
HU,M,DRIV,309.0,,4697447.0,,2014,Hungary,65.78041221114363,58.64966348341029,73.53907334841757,True
HU,M,PAS,50.0,,4697447.0,,2014,Hungary,10.64407964581612,7.90024107509076,14.032892050583394,True
HU,M,PED,98.0,,4697447.0,,2014,Hungary,20.862396105799597,16.937101594621,25.42457856217117,True
HU,M,UNK,0.0,,4697447.0,,2014,Hungary,0.0,0.0,0.7852945342680685,True
HU,F,TOTAL,167.0,,5152770.0,,2014,Hungary,32.40975242442414,27.680590918199066,37.71515750891661,True
HU,F,DRIV,51.0,,5152770.0,,2014,Hungary,9.897589063746295,7.3694051623283725,13.013501743063204,True
HU,F,PAS,64.0,,5152770.0,,2014,Hungary,12.420503923132607,9.565301487595109,15.860706223814567,True
HU,F,PED,52.0,,5152770.0,,2014,Hungary,10.091659437545243,7.5369339598820115,13.233868723205749,True
HU,F,UNK,0.0,,5152770.0,,2014,Hungary,0.0,0.0,0.7159022145591469,True
HU,UNK,TOTAL,2.0,,,,2014,Hungary,,,,False
HU,UNK,DRIV,0.0,,,,2014,Hungary,,,,False
HU,UNK,PAS,0.0,,,,2014,Hungary,,,,False
HU,UNK,PED,2.0,,,,2014,Hungary,,,,False
HU,UNK,UNK,0.0,,,,2014,Hungary,,,,False
HU,T,TOTAL,644.0,,9815858.0,,2015,Hungary,65.60812106287601,60.63815422816929,70.87685968184017,True
HU,T,DRIV,353.0,,9815858.0,,2015,Hungary,35.96221542732179,32.30810054676085,39.91646254360381,True
HU,T,PAS,142.0,,9815858.0,,2015,Hungary,14.466386942435394,12.184917107277633,17.050987894181397,True
HU,T,PED,149.0,,9815858.0,,2015,Hungary,15.179518693118828,12.840075119949374,17.821899462579598,True
HU,T,UNK,0.0,,9815858.0,,2015,Hungary,0.0,0.0,0.37580815188177497,True
HU,M,TOTAL,468.0,,4687436.0,,2015,Hungary,99.84136316741179,90.99952489715166,109.31026043614365,True
HU,M,DRIV,294.0,,4687436.0,,2015,Hungary,62.72085634875868,55.75554769584972,70.3157127995363,True
HU,M,PAS,80.0,,4687436.0,,2015,Hungary,17.066899686737056,13.532990016501634,21.241234006701845,True
HU,M,PED,94.0,,4687436.0,,2015,Hungary,20.053607131916042,16.205355848931102,24.540536388941046,True
HU,M,UNK,0.0,,4687436.0,,2015,Hungary,0.0,0.0,0.7869716949978486,True
HU,F,TOTAL,173.0,,5128422.0,,2015,Hungary,33.73357340718061,28.89397869761344,39.151895067788395,True
HU,F,DRIV,58.0,,5128422.0,,2015,Hungary,11.309521720326448,8.58779399984045,14.620179412828074,True
HU,F,PAS,62.0,,5128422.0,,2015,Hungary,12.089488735521375,9.26894169125953,15.498178947782817,True
HU,F,PED,53.0,,5128422.0,,2015,Hungary,10.334562951332789,7.741296822367088,13.517862790777407,True
HU,F,UNK,0.0,,5128422.0,,2015,Hungary,0.0,0.0,0.7193010743097848,True
HU,UNK,TOTAL,3.0,,,,2015,Hungary,,,,False
HU,UNK,DRIV,1.0,,,,2015,Hungary,,,,False
HU,UNK,PAS,0.0,,,,2015,Hungary,,,,False
HU,UNK,PED,2.0,,,,2015,Hungary,,,,False
HU,UNK,UNK,0.0,,,,2015,Hungary,,,,False
HU,T,TOTAL,607.0,,9779652.0,,2016,Hungary,62.06764821488535,57.2275639503652,67.20772752645425,True
HU,T,DRIV,336.0,,9779652.0,,2016,Hungary,34.35705074168283,30.781217211193777,38.234258726178005,True
HU,T,PAS,119.0,,9779652.0,,2016,Hungary,12.168122137679337,10.080280277583732,14.560972299442504,True
HU,T,PED,152.0,,9779652.0,,2016,Hungary,15.542475335523186,13.169852517653451,18.219077565601484,True
HU,T,UNK,0.0,,9779652.0,,2016,Hungary,0.0,0.0,0.3771994600742374,True
HU,M,TOTAL,461.0,,4678478.0,,2016,Hungary,98.53631886267286,89.74559659853345,107.95537298522744,True
HU,M,DRIV,286.0,,4678478.0,,2016,Hungary,61.13099174560616,54.25077923309004,68.64212409418423,True
HU,M,PAS,69.0,,4678478.0,,2016,Hungary,14.748386120443444,11.475124721510891,18.665026552448314,True
HU,M,PED,106.0,,4678478.0,,2016,Hungary,22.65694099662326,18.549646865246675,27.402917471867404,True
HU,M,UNK,0.0,,4678478.0,,2016,Hungary,0.0,0.0,0.7884785295803327,True
HU,F,TOTAL,145.0,,5101174.0,,2016,Hungary,28.42482926479277,23.986606084441153,33.44618478181312,True
HU,F,DRIV,50.0,,5101174.0,,2016,Hungary,9.801665263721645,7.274984883374271,12.92227370882405,True
HU,F,PAS,50.0,,5101174.0,,2016,Hungary,9.801665263721645,7.274984883374271,12.92227370882405,True
HU,F,PED,45.0,,5101174.0,,2016,Hungary,8.821498737349481,6.434461711800943,11.803859365894754,True
HU,F,UNK,0.0,,5101174.0,,2016,Hungary,0.0,0.0,0.7231432321489005,True
HU,UNK,TOTAL,1.0,,,,2016,Hungary,,,,False
HU,UNK,DRIV,0.0,,,,2016,Hungary,,,,False
HU,UNK,PAS,0.0,,,,2016,Hungary,,,,False
HU,UNK,PED,1.0,,,,2016,Hungary,,,,False
HU,UNK,UNK,0.0,,,,2016,Hungary,,,,False
HU,T,TOTAL,625.0,,9739857.0,,2017,Hungary,64.16931993970753,59.23647755542869,69.40332456021497,True
HU,T,DRIV,347.0,,9739857.0,,2017,Hungary,35.626806430525626,31.97645497878131,39.57967742930321,True
HU,T,PAS,108.0,,9739857.0,,2017,Hungary,11.088458485581462,9.096077417644192,13.38753847107805,True
HU,T,PED,170.0,,9739857.0,,2017,Hungary,17.45405502360045,14.928876364391686,20.284022021757902,True
HU,T,UNK,0.0,,9739857.0,,2017,Hungary,0.0,0.0,0.3787406174560813,True
HU,M,TOTAL,455.0,,4663753.0,,2017,Hungary,97.56091285280331,88.80135819332784,106.95084663327412,True
HU,M,DRIV,306.0,,4663753.0,,2017,Hungary,65.61239413836881,58.4660866399565,73.39120793152199,True
HU,M,PAS,45.0,,4663753.0,,2017,Hungary,9.64888149093659,7.037960369735375,12.910962586774815,True
HU,M,PED,104.0,,4663753.0,,2017,Hungary,22.2996372234979,18.22041954411618,27.01974289697704,True
HU,M,UNK,0.0,,4663753.0,,2017,Hungary,0.0,0.0,0.7909680152688051,True
HU,F,TOTAL,168.0,,5076104.0,,2017,Hungary,33.096248619019626,28.280736817916853,38.496663742570775,True
HU,F,DRIV,41.0,,5076104.0,,2017,Hungary,8.077060674879789,5.796238191426984,10.957444836775393,True
HU,F,PAS,63.0,,5076104.0,,2017,Hungary,12.41109323213236,9.537024811841373,15.879179639914883,True
HU,F,PED,64.0,,5076104.0,,2017,Hungary,12.608094712007476,9.709769253395015,16.100255473269456,True
HU,F,UNK,0.0,,5076104.0,,2017,Hungary,0.0,0.0,0.7267147115413584,True
HU,UNK,TOTAL,2.0,,,,2017,Hungary,,,,False
HU,UNK,DRIV,0.0,,,,2017,Hungary,,,,False
HU,UNK,PAS,0.0,,,,2017,Hungary,,,,False
HU,UNK,PED,2.0,,,,2017,Hungary,,,,False
HU,UNK,UNK,0.0,,,,2017,Hungary,,,,False
HU,T,TOTAL,633.0,,9713655.0,,2018,Hungary,65.16599570398579,60.18766172798763,70.44627900466539,True
HU,T,DRIV,338.0,,9713655.0,,2018,Hungary,34.79637685299715,31.18525413533655,38.71090560059407,True
HU,T,PAS,130.0,,9713655.0,,2018,Hungary,13.383221866537363,11.181646733245524,15.891489196010868,True
HU,T,PED,165.0,,9713655.0,,2018,Hungary,16.98639698445127,14.493403050783646,19.785114934669757,True
HU,T,UNK,0.0,,9713655.0,,2018,Hungary,0.0,0.0,0.37976224748706183,True
HU,M,TOTAL,467.0,,4658683.0,,2018,Hungary,100.24292273159604,91.35624404513771,109.76054083271035,True
HU,M,DRIV,294.0,,4658683.0,,2018,Hungary,63.1079642036172,56.09966625100764,70.74969547020204,True
HU,M,PAS,73.0,,4658683.0,,2018,Hungary,15.669664581170258,12.282515664298074,19.702250653882555,True
HU,M,PED,100.0,,4658683.0,,2018,Hungary,21.465293946808572,17.465019888866266,26.107548805623043,True
HU,M,UNK,0.0,,4658683.0,,2018,Hungary,0.0,0.0,0.7918288181689838,True
HU,F,TOTAL,163.0,,5054972.0,,2018,Hungary,32.24548029148332,27.485224782459284,37.59330636381993,True
HU,F,DRIV,43.0,,5054972.0,,2018,Hungary,8.506476395912777,6.156179146386407,11.45816788112449,True
HU,F,PAS,57.0,,5054972.0,,2018,Hungary,11.276026850396006,8.540352619742452,14.60940068569377,True
HU,F,PED,63.0,,5054972.0,,2018,Hungary,12.462977045174533,9.57689375836053,15.945561575195766,True
HU,F,UNK,0.0,,5054972.0,,2018,Hungary,0.0,0.0,0.7297526977625071,True
HU,UNK,TOTAL,3.0,,,,2018,Hungary,,,,False
HU,UNK,DRIV,1.0,,,,2018,Hungary,,,,False
HU,UNK,PAS,0.0,,,,2018,Hungary,,,,False
HU,UNK,PED,2.0,,,,2018,Hungary,,,,False
HU,UNK,UNK,0.0,,,,2018,Hungary,,,,False
HU,T,TOTAL,602.0,,9700272.0,,2019,Hungary,62.0601154276911,57.20097134077321,67.22172629167783,True
HU,T,DRIV,323.0,,9700272.0,,2019,Hungary,33.298035354060175,29.76531358508574,37.13470578171762,True
HU,T,PAS,135.0,,9700272.0,,2019,Hungary,13.917135519498835,11.66861111084951,16.472614219951048,True
HU,T,PED,144.0,,9700272.0,,2019,Hungary,14.84494455413209,12.519383085120237,17.477191665093628,True
HU,T,UNK,0.0,,9700272.0,,2019,Hungary,0.0,0.0,0.3802861872444335,True
HU,M,TOTAL,431.0,,4660856.0,,2019,Hungary,92.47228406112525,83.94710421423557,101.62850169995598,True
HU,M,DRIV,275.0,,4660856.0,,2019,Hungary,59.00203739398943,52.23395475253666,66.40366699312611,True
HU,M,PAS,62.0,,4660856.0,,2019,Hungary,13.30227752155398,10.198779899265839,17.052919437061828,True
HU,M,PED,94.0,,4660856.0,,2019,Hungary,20.167969145581843,16.29777199705166,24.68048653054981,True
HU,M,UNK,0.0,,4660856.0,,2019,Hungary,0.0,0.0,0.7914596490674536,True
HU,F,TOTAL,169.0,,5039416.0,,2019,Hungary,33.53563190655425,28.67007396269566,38.99030801584444,True
HU,F,DRIV,47.0,,5039416.0,,2019,Hungary,9.326477512473668,6.852744875014437,12.402237945953852,True
HU,F,PAS,73.0,,5039416.0,,2019,Hungary,14.485805498097399,11.354559124013408,18.213725594985913,True
HU,F,PED,49.0,,5039416.0,,2019,Hungary,9.723348895983186,7.193387041043871,12.854782894073102,True
HU,F,UNK,0.0,,5039416.0,,2019,Hungary,0.0,0.0,0.7320053462770162,True
HU,UNK,TOTAL,2.0,,,,2019,Hungary,,,,False
HU,UNK,DRIV,1.0,,,,2019,Hungary,,,,False
HU,UNK,PAS,0.0,,,,2019,Hungary,,,,False
HU,UNK,PED,1.0,,,,2019,Hungary,,,,False
HU,UNK,UNK,0.0,,,,2019,Hungary,,,,False
HU,T,TOTAL,460.0,,9689376.0,,2020,Hungary,47.47467741988751,43.23482489907278,52.017922611839104,True
HU,T,DRIV,277.0,,9689376.0,,2020,Hungary,28.588012272410523,25.320199115124442,32.16055726813925,True
HU,T,PAS,74.0,,9689376.0,,2020,Hungary,7.637230715373208,5.996868760520902,9.587843789104339,True
HU,T,PED,109.0,,9689376.0,,2020,Hungary,11.249434432103781,9.236956223566906,13.570166084733959,True
HU,T,UNK,0.0,,9689376.0,,2020,Hungary,0.0,0.0,0.38071383070632575,True
HU,M,TOTAL,342.0,,4663876.0,,2020,Hungary,73.32956536580303,65.76293162493273,81.52804995780988,True
HU,M,DRIV,236.0,,4663876.0,,2020,Hungary,50.60168838108046,44.35120276336533,57.486298201933344,True
HU,M,PAS,36.0,,4663876.0,,2020,Hungary,7.718901617452951,5.406223796969566,10.686213460485696,True
HU,M,PED,70.0,,4663876.0,,2020,Hungary,15.008975367269628,11.700232619380424,18.962937443456678,True
HU,M,UNK,0.0,,4663876.0,,2020,Hungary,0.0,0.0,0.7909471551374727,True
HU,F,TOTAL,117.0,,5025500.0,,2020,Hungary,23.281265545716845,19.25424091914828,27.901985713392996,True
HU,F,DRIV,41.0,,5025500.0,,2020,Hungary,8.158392199781117,5.8546030978918076,11.067780233953819,True
HU,F,PAS,38.0,,5025500.0,,2020,Hungary,7.561436672967864,5.350922623658572,10.378662604568621,True
HU,F,PED,38.0,,5025500.0,,2020,Hungary,7.561436672967864,5.350922623658572,10.378662604568621,True
HU,F,UNK,0.0,,5025500.0,,2020,Hungary,0.0,0.0,0.7340323259603891,True
HU,UNK,TOTAL,1.0,,,,2020,Hungary,,,,False
HU,UNK,DRIV,0.0,,,,2020,Hungary,,,,False
HU,UNK,PAS,0.0,,,,2020,Hungary,,,,False
HU,UNK,PED,1.0,,,,2020,Hungary,,,,False
HU,UNK,UNK,0.0,,,,2020,Hungary,,,,False
HU,T,TOTAL,544.0,,9651461.0,,2021,Hungary,56.364523464374976,51.72694319793953,61.30631253704944,True
HU,T,DRIV,321.0,,9651461.0,,2021,Hungary,33.25921329423597,29.719945092659763,37.10398460941395,True
HU,T,PAS,126.0,,9651461.0,,2021,Hungary,13.055018302410382,10.875178888664502,15.543662515720579,True
HU,T,PED,97.0,,9651461.0,,2021,Hungary,10.050291867728626,8.150109664664482,12.26050376543135,True
HU,T,UNK,0.0,,9651461.0,,2021,Hungary,0.0,0.0,0.38220943483208764,True
HU,M,TOTAL,409.0,,4647359.0,,2021,Hungary,88.0069734229699,79.68346464349564,96.963618303789,True
HU,M,DRIV,272.0,,4647359.0,,2021,Hungary,58.527864965887076,51.77839008154949,65.91279540732671,True
HU,M,PAS,78.0,,4647359.0,,2021,Hungary,16.783725982864677,13.266838908941688,20.946849608749787,True
HU,M,PED,59.0,,4647359.0,,2021,Hungary,12.695382474218153,9.664313350591906,16.376118428246187,True
HU,M,UNK,0.0,,4647359.0,,2021,Hungary,0.0,0.0,0.7937582300213811,True
HU,F,TOTAL,135.0,,5004102.0,,2021,Hungary,26.977867357619807,22.619183549308627,31.931571036040634,True
HU,F,DRIV,49.0,,5004102.0,,2021,Hungary,9.791966670543486,7.2441508484097925,12.945499231014534,True
HU,F,PAS,48.0,,5004102.0,,2021,Hungary,9.5921306160426,7.072479902184896,12.717773574984536,True
HU,F,PED,38.0,,5004102.0,,2021,Hungary,7.593770071033724,5.373803660516143,10.423042719604759,True
HU,F,UNK,0.0,,5004102.0,,2021,Hungary,0.0,0.0,0.7371711156395164,True
HU,UNK,TOTAL,0.0,,,,2021,Hungary,,,,False
HU,UNK,DRIV,0.0,,,,2021,Hungary,,,,False
HU,UNK,PAS,0.0,,,,2021,Hungary,,,,False
HU,UNK,PED,0.0,,,,2021,Hungary,,,,False
HU,UNK,UNK,0.0,,,,2021,Hungary,,,,False
HU,T,TOTAL,537.0,,9610403.0,,2022,Hungary,55.87694917684513,51.250263707104054,60.809171145385186,True
HU,T,DRIV,296.0,,9610403.0,,2022,Hungary,30.799957088167893,27.390778044297797,34.51617581014251,True
HU,T,PAS,115.0,,9610403.0,,2022,Hungary,11.966199544389553,9.879324962860386,14.363610310508369,True
HU,T,PED,126.0,,9610403.0,,2022,Hungary,13.110792544287685,10.921640321635708,15.61006885638813,True
HU,T,UNK,0.0,,9610403.0,,2022,Hungary,0.0,0.0,0.38384232733153184,True
HU,M,TOTAL,388.0,,4628875.0,,2022,Hungary,83.82166293105776,75.68769725522982,92.59156827337527,True
HU,M,DRIV,249.0,,4628875.0,,2022,Hungary,53.79276822122006,47.3182053750108,60.905892829714034,True
HU,M,PAS,59.0,,4628875.0,,2022,Hungary,12.746077610650536,9.702904837286262,16.441511460684456,True
HU,M,PED,80.0,,4628875.0,,2022,Hungary,17.282817099187167,13.704199096106581,21.509961916759142,True
HU,M,UNK,0.0,,4628875.0,,2022,Hungary,0.0,0.0,0.7969278613300069,True
HU,F,TOTAL,145.0,,4981528.0,,2022,Hungary,29.10753487684903,24.5627147546281,34.24949296845883,True
HU,F,DRIV,44.0,,4981528.0,,2022,Hungary,8.83263127297488,6.41780340452655,11.857395216951051,True
HU,F,PAS,55.0,,4981528.0,,2022,Hungary,11.040789091218597,8.3174333199449,14.371104604041042,True
HU,F,PED,46.0,,4981528.0,,2022,Hungary,9.234114512655555,6.76053239266584,12.317014721303584,True
HU,F,UNK,0.0,,4981528.0,,2022,Hungary,0.0,0.0,0.7405116370145738,True
HU,UNK,TOTAL,4.0,,,,2022,Hungary,,,,False
HU,UNK,DRIV,3.0,,,,2022,Hungary,,,,False
HU,UNK,PAS,1.0,,,,2022,Hungary,,,,False
HU,UNK,PED,0.0,,,,2022,Hungary,,,,False
HU,UNK,UNK,0.0,,,,2022,Hungary,,,,False
HU,T,TOTAL,472.0,,9599744.0,,2023,Hungary,49.167977812741675,44.83177919191815,53.81034180957623,True
HU,T,DRIV,278.0,,9599744.0,,2023,Hungary,28.959105576148698,25.65465116398563,32.571126243974255,True
HU,T,PAS,91.0,,9599744.0,,2023,Hungary,9.479419451185365,7.632237223912541,11.63862650051373,True
HU,T,PED,103.0,,9599744.0,,2023,Hungary,10.729452785407611,8.757727116975035,13.012581944584266,True
HU,T,UNK,0.0,,9599744.0,,2023,Hungary,0.0,0.0,0.3842685236308318,True
HU,M,TOTAL,344.0,,4625260.0,,2023,Hungary,74.37419734241966,66.72150417754803,82.66398383466296,True
HU,M,DRIV,242.0,,4625260.0,,2023,Hungary,52.32138301414407,45.93645156088283,59.3455643254851,True
HU,M,PAS,43.0,,4625260.0,,2023,Hungary,9.296774667802458,6.728121924382021,12.522694466988586,True
HU,M,PED,59.0,,4625260.0,,2023,Hungary,12.75603966047314,9.710488411179792,16.454361779137987,True
HU,M,UNK,0.0,,4625260.0,,2023,Hungary,0.0,0.0,0.7975507223624047,True
HU,F,TOTAL,125.0,,4974484.0,,2023,Hungary,25.12823440581978,20.91652100449016,29.939156894852328,True
HU,F,DRIV,35.0,,4974484.0,,2023,Hungary,7.035905633629539,4.900766069911928,9.785241518332972,True
HU,F,PAS,47.0,,4974484.0,,2023,Hungary,9.448216136588236,6.94219383700214,12.564124508320255,True
HU,F,PED,43.0,,4974484.0,,2023,Hungary,8.644112635602005,6.255787175507487,11.643562992741282,True
HU,F,UNK,0.0,,4974484.0,,2023,Hungary,0.0,0.0,0.7415602209422999,True
HU,UNK,TOTAL,3.0,,,,2023,Hungary,,,,False
HU,UNK,DRIV,1.0,,,,2023,Hungary,,,,False
HU,UNK,PAS,1.0,,,,2023,Hungary,,,,False
HU,UNK,PED,1.0,,,,2023,Hungary,,,,False
HU,UNK,UNK,0.0,,,,2023,Hungary,,,,False
HU,T,TOTAL,497.0,,9584627.0,,2024,Hungary,51.853869743705204,47.394674348446756,56.6195951443078,True
HU,T,DRIV,309.0,,9584627.0,,2024,Hungary,32.239126259164806,28.744330455546702,36.041663330592215,True
HU,T,PAS,97.0,,9584627.0,,2024,Hungary,10.120372968087334,8.206940716027063,12.345996764653838,True
HU,T,PED,91.0,,9584627.0,,2024,Hungary,9.494370516453065,7.644274889031266,11.656983095591272,True
HU,T,UNK,0.0,,9584627.0,,2024,Hungary,0.0,0.0,0.3848745970097674,True
HU,M,TOTAL,366.0,,4623378.0,,2024,Hungary,79.16289777733942,71.25950581914891,87.70329922671748,True
HU,M,DRIV,267.0,,4623378.0,,2024,Hungary,57.7499828047804,51.03007760501458,65.1087571436869,True
HU,M,PAS,43.0,,4623378.0,,2024,Hungary,9.300559028485234,6.730860684972587,12.52779197599323,True
HU,M,PED,56.0,,4623378.0,,2024,Hungary,12.112355944073792,9.14954351182841,15.728901683484445,True
HU,M,UNK,0.0,,4623378.0,,2024,Hungary,0.0,0.0,0.7978753746965823,True
HU,F,TOTAL,122.0,,4961249.0,,2024,Hungary,24.590581928058842,20.42099204484312,29.36118905776893,True
HU,F,DRIV,37.0,,4961249.0,,2024,Hungary,7.457799437198173,5.250979051264315,10.279594138881324,True
HU,F,PAS,54.0,,4961249.0,,2024,Hungary,10.884355935370307,8.176663169404469,14.201723476026038,True
HU,F,PED,31.0,,4961249.0,,2024,Hungary,6.2484265554903615,4.245502690782473,8.869142730640762,True
HU,F,UNK,0.0,,4961249.0,,2024,Hungary,0.0,0.0,0.7435384626157517,True
HU,UNK,TOTAL,9.0,,,,2024,Hungary,,,,False
HU,UNK,DRIV,5.0,,,,2024,Hungary,,,,False
HU,UNK,PAS,0.0,,,,2024,Hungary,,,,False
HU,UNK,PED,4.0,,,,2024,Hungary,,,,False
HU,UNK,UNK,0.0,,,,2024,Hungary,,,,False
IE,T,TOTAL,212.0,,4549428.0,,2010,Ireland,46.599264786694064,40.53721127317845,53.31215128256556,True
IE,T,DRIV,113.0,,4549428.0,,2010,Ireland,24.838287362719004,20.47026427524509,29.862471772508627,True
IE,T,PAS,55.0,,4549428.0,,2010,Ireland,12.089431902208366,9.107414596173076,15.736057362806788,True
IE,T,PED,44.0,,4549428.0,,2010,Ireland,9.671545521766692,7.027359781964751,12.983598439256042,True
IE,T,UNK,0.0,,4549428.0,,2010,Ireland,0.0,0.0,0.8108446719266544,True
IE,M,TOTAL,161.0,,2260974.0,,2010,Ireland,71.20824918818172,60.63365152073096,83.09671258032554,True
IE,M,DRIV,91.0,,2260974.0,,2010,Ireland,40.24814084549402,32.40529236374725,49.41579819871776,True
IE,M,PAS,38.0,,2260974.0,,2010,Ireland,16.806915957459044,11.893574028359525,23.06880526678308,True
IE,M,PED,32.0,,2260974.0,,2010,Ireland,14.153192385228667,9.680773114279317,19.980084724291597,True
IE,M,UNK,0.0,,2260974.0,,2010,Ireland,0.0,0.0,1.631544393749745,True
IE,F,TOTAL,46.0,,2288454.0,,2010,Ireland,20.100906550885444,14.716389933541105,26.811792463639648,True
IE,F,DRIV,21.0,,2288454.0,,2010,Ireland,9.176500816708574,5.680398637716199,14.02725627648334,True
IE,F,PAS,13.0,,2288454.0,,2010,Ireland,5.680690981771973,3.0247286993768725,9.714154585654278,True
IE,F,PED,12.0,,2288454.0,,2010,Ireland,5.243714752404899,2.709503930916776,9.159714395909623,True
IE,F,UNK,0.0,,2288454.0,,2010,Ireland,0.0,0.0,1.6119526344483812,True
IE,UNK,TOTAL,5.0,,,,2010,Ireland,,,,False
IE,UNK,DRIV,1.0,,,,2010,Ireland,,,,False
IE,UNK,PAS,4.0,,,,2010,Ireland,,,,False
IE,UNK,PED,0.0,,,,2010,Ireland,,,,False
IE,UNK,UNK,0.0,,,,2010,Ireland,,,,False
IE,T,TOTAL,186.0,,4570881.0,,2011,Ireland,40.69237418344516,35.05430056338611,46.97919960329636,True
IE,T,DRIV,105.0,,4570881.0,,2011,Ireland,22.971501555170654,18.78841241333523,27.80840320910473,True
IE,T,PAS,34.0,,4570881.0,,2011,Ireland,7.4383909797695456,5.151301988516496,10.39440582574849,True
IE,T,PED,47.0,,4570881.0,,2011,Ireland,10.28248164850496,7.555180755540508,13.673520780927566,True
IE,T,UNK,0.0,,4570881.0,,2011,Ireland,0.0,0.0,0.8070390487334795,True
IE,M,TOTAL,130.0,,2269426.0,,2011,Ireland,57.28320729558928,47.85996930440739,68.01915704071291,True
IE,M,DRIV,81.0,,2269426.0,,2011,Ireland,35.69184454571332,28.34447653025274,44.361703875838664,True
IE,M,PAS,16.0,,2269426.0,,2011,Ireland,7.05024089791868,4.029821837610713,11.449149519552934,True
IE,M,PED,33.0,,2269426.0,,2011,Ireland,14.541121851957278,10.009439203009855,20.421141411603326,True
IE,M,UNK,0.0,,2269426.0,,2011,Ireland,0.0,0.0,1.6254680496803753,True
IE,F,TOTAL,56.0,,2301455.0,,2011,Ireland,24.332433178141653,18.38045852846578,31.597688422143793,True
IE,F,DRIV,24.0,,2301455.0,,2011,Ireland,10.428185647774994,6.681535313393685,15.516313633659234,True
IE,F,PAS,18.0,,2301455.0,,2011,Ireland,7.821139235831246,4.635302789061496,12.36077188888246,True
IE,F,PED,14.0,,2301455.0,,2011,Ireland,6.083108294535413,3.3256919106828504,10.206422077266588,True
IE,F,UNK,0.0,,2301455.0,,2011,Ireland,0.0,0.0,1.602846657490125,True
IE,UNK,TOTAL,0.0,,,,2011,Ireland,,,,False
IE,UNK,DRIV,0.0,,,,2011,Ireland,,,,False
IE,UNK,PAS,0.0,,,,2011,Ireland,,,,False
IE,UNK,PED,0.0,,,,2011,Ireland,,,,False
IE,UNK,UNK,0.0,,,,2011,Ireland,,,,False
IE,T,TOTAL,163.0,,4589287.0,,2012,Ireland,35.51749977719851,30.274210719233242,41.40798147000428,True
IE,T,DRIV,101.0,,4589287.0,,2012,Ireland,22.00777593556472,17.925694948483052,26.74144277876509,True
IE,T,PAS,33.0,,4589287.0,,2012,Ireland,7.190659464095403,4.949719111646284,10.098359346270847,True
IE,T,PED,29.0,,4589287.0,,2012,Ireland,6.319064377538385,4.231976587550079,9.07523051807102,True
IE,T,UNK,0.0,,4589287.0,,2012,Ireland,0.0,0.0,0.8038023017767107,True
IE,M,TOTAL,108.0,,2273999.0,,2012,Ireland,47.49342457934238,38.9597767232016,57.34070696174398,True
IE,M,DRIV,67.0,,2273999.0,,2012,Ireland,29.463513396443886,22.83381818778308,37.41762051249642,True
IE,M,PAS,21.0,,2273999.0,,2012,Ireland,9.234832557094352,5.716506904390101,14.116422537979746,True
IE,M,PED,20.0,,2273999.0,,2012,Ireland,8.795078625804145,5.372262514365198,13.58328561387872,True
IE,M,UNK,0.0,,2273999.0,,2012,Ireland,0.0,0.0,1.6221992420022768,True
IE,F,TOTAL,54.0,,2315288.0,,2012,Ireland,23.32323235813428,17.521129972834807,30.431758983638623,True
IE,F,DRIV,34.0,,2315288.0,,2012,Ireland,14.68499815141788,10.169788114727961,20.52081300261699,True
IE,F,PAS,11.0,,2315288.0,,2012,Ireland,4.7510288136940195,2.3716964659415325,8.500902917175727,True
IE,F,PED,9.0,,2315288.0,,2012,Ireland,3.8872053930223798,1.7774778331586971,7.379126679453773,True
IE,F,UNK,0.0,,2315288.0,,2012,Ireland,0.0,0.0,1.593270234249016,True
IE,UNK,TOTAL,1.0,,,,2012,Ireland,,,,False
IE,UNK,DRIV,0.0,,,,2012,Ireland,,,,False
IE,UNK,PAS,1.0,,,,2012,Ireland,,,,False
IE,UNK,PED,0.0,,,,2012,Ireland,,,,False
IE,UNK,UNK,0.0,,,,2012,Ireland,,,,False
IE,T,TOTAL,188.0,,4609779.0,,2013,Ireland,40.78286616343213,35.161261747868636,47.04766688350876,True
IE,T,DRIV,124.0,,4609779.0,,2013,Ireland,26.89933725673183,22.373477017242607,32.07188763049012,True
IE,T,PAS,33.0,,4609779.0,,2013,Ireland,7.1586945925173415,4.927715964849908,10.053468782162723,True
IE,T,PED,31.0,,4609779.0,,2013,Ireland,6.724834314182957,4.569198649033251,9.54536551605809,True
IE,T,UNK,0.0,,4609779.0,,2013,Ireland,0.0,0.0,0.800229133351932,True
IE,M,TOTAL,142.0,,2283462.0,,2013,Ireland,62.18627680250427,52.37898246907897,73.29663288857166,True
IE,M,DRIV,101.0,,2283462.0,,2013,Ireland,44.231084204598105,36.02694452241331,53.744776880819785,True
IE,M,PAS,23.0,,2283462.0,,2013,Ireland,10.072425115898579,6.3850535008004,15.113583188523846,True
IE,M,PED,18.0,,2283462.0,,2013,Ireland,7.8827674820075835,4.671827593539777,12.458171087378718,True
IE,M,UNK,0.0,,2283462.0,,2013,Ireland,0.0,0.0,1.6154766114408454,True
IE,F,TOTAL,46.0,,2326317.0,,2013,Ireland,19.77374536660309,14.476866828111506,26.375405291104354,True
IE,F,DRIV,23.0,,2326317.0,,2013,Ireland,9.886872683301545,6.267429175406741,14.835163434232323,True
IE,F,PAS,10.0,,2326317.0,,2013,Ireland,4.298640297087628,2.061365108939338,7.905352556000655,True
IE,F,PED,13.0,,2326317.0,,2013,Ireland,5.5882323862139165,2.9754983912355026,9.556047571401006,True
IE,F,UNK,0.0,,2326317.0,,2013,Ireland,0.0,0.0,1.5857165872552776,True
IE,UNK,TOTAL,0.0,,,,2013,Ireland,,,,False
IE,UNK,DRIV,0.0,,,,2013,Ireland,,,,False
IE,UNK,PAS,0.0,,,,2013,Ireland,,,,False
IE,UNK,PED,0.0,,,,2013,Ireland,,,,False
IE,UNK,UNK,0.0,,,,2013,Ireland,,,,False
IE,T,TOTAL,192.0,,4637852.0,,2014,Ireland,41.39847498367779,35.74955330140715,47.68654198171278,True
IE,T,DRIV,112.0,,4637852.0,,2014,Ireland,24.149110407145375,19.884302804953325,29.057654986001147,True
IE,T,PAS,39.0,,4637852.0,,2014,Ireland,8.40906523105955,5.979667417036265,11.495468994231132,True
IE,T,PED,41.0,,4637852.0,,2014,Ireland,8.840299345472861,6.343951438824542,11.992864275473844,True
IE,T,UNK,0.0,,4637852.0,,2014,Ireland,0.0,0.0,0.7953853322861393,True
IE,M,TOTAL,132.0,,2295850.0,,2014,Ireland,57.49504540801882,48.10562903424111,68.18178818827755,True
IE,M,DRIV,87.0,,2295850.0,,2014,Ireland,37.89446174619422,30.351910419156177,46.7426785645943,True
IE,M,PAS,25.0,,2295850.0,,2014,Ireland,10.88921314545811,7.046924602142704,16.074626694919253,True
IE,M,PED,20.0,,2295850.0,,2014,Ireland,8.711370516366488,5.321131426445084,13.45400522798728,True
IE,M,UNK,0.0,,2295850.0,,2014,Ireland,0.0,0.0,1.606759785749912,True
IE,F,TOTAL,58.0,,2342002.0,,2014,Ireland,24.76513683592072,18.805206690792645,32.01468220125114,True
IE,F,DRIV,24.0,,2342002.0,,2014,Ireland,10.24764282865685,6.565858122532116,15.247680229885889,True
IE,F,PAS,13.0,,2342002.0,,2014,Ireland,5.550806532189127,2.9555707001974385,9.492048221205136,True
IE,F,PED,21.0,,2342002.0,,2014,Ireland,8.966687475074744,5.5505208723460475,13.706534296274471,True
IE,F,UNK,0.0,,2342002.0,,2014,Ireland,0.0,0.0,1.575096628488761,True
IE,UNK,TOTAL,2.0,,,,2014,Ireland,,,,False
IE,UNK,DRIV,1.0,,,,2014,Ireland,,,,False
IE,UNK,PAS,1.0,,,,2014,Ireland,,,,False
IE,UNK,PED,0.0,,,,2014,Ireland,,,,False
IE,UNK,UNK,0.0,,,,2014,Ireland,,,,False
IE,T,TOTAL,162.0,,4677627.0,,2015,Ireland,34.63294529469751,29.505122288539297,40.395787602640716,True
IE,T,DRIV,104.0,,4677627.0,,2015,Ireland,22.233495744744076,18.166377163063764,26.939601425039953,True
IE,T,PAS,27.0,,4677627.0,,2015,Ireland,5.77215754911625,3.8038881962509565,8.39818618396938,True
IE,T,PED,31.0,,4677627.0,,2015,Ireland,6.627292000837176,4.5029233795558845,9.406911988332705,True
IE,T,UNK,0.0,,4677627.0,,2015,Ireland,0.0,0.0,0.7886219773645773,True
IE,M,TOTAL,122.0,,2313342.0,,2015,Ireland,52.73755458553037,43.79535164341714,62.96871359775902,True
IE,M,DRIV,85.0,,2313342.0,,2015,Ireland,36.74337819483674,29.34930546576965,45.43375614971715,True
IE,M,PAS,15.0,,2313342.0,,2015,Ireland,6.484125563794718,3.62911585610053,10.694579042565191,True
IE,M,PED,22.0,,2313342.0,,2015,Ireland,9.510050826898919,5.959898221806205,14.398331239879463,True
IE,M,UNK,0.0,,2313342.0,,2015,Ireland,0.0,0.0,1.5946105046784849,True
IE,F,TOTAL,40.0,,2364285.0,,2015,Ireland,16.918434114330548,12.086777373196956,23.038105373922377,True
IE,F,DRIV,19.0,,2364285.0,,2015,Ireland,8.03625620430701,4.838351198931912,12.5496095316705,True
IE,F,PAS,12.0,,2364285.0,,2015,Ireland,5.075530234299165,2.622600536196871,8.865929889237956,True
IE,F,PED,9.0,,2364285.0,,2015,Ireland,3.8066476757243732,1.7406417150970943,7.226203038728058,True
IE,F,UNK,0.0,,2364285.0,,2015,Ireland,0.0,0.0,1.5602516000033564,True
IE,UNK,TOTAL,0.0,,,,2015,Ireland,,,,False
IE,UNK,DRIV,0.0,,,,2015,Ireland,,,,False
IE,UNK,PAS,0.0,,,,2015,Ireland,,,,False
IE,UNK,PED,0.0,,,,2015,Ireland,,,,False
IE,UNK,UNK,0.0,,,,2015,Ireland,,,,False
IE,T,TOTAL,182.0,,4726286.0,,2016,Ireland,38.50803781235414,33.11652127721661,44.5271368639898,True
IE,T,DRIV,108.0,,4726286.0,,2016,Ireland,22.850923537001357,18.745055485170322,27.58883196875916,True
IE,T,PAS,39.0,,4726286.0,,2016,Ireland,8.251722388361602,5.867781274649159,11.28037614859381,True
IE,T,PED,35.0,,4726286.0,,2016,Ireland,7.405391886991181,5.158126783381236,10.299107453311771,True
IE,T,UNK,0.0,,4726286.0,,2016,Ireland,0.0,0.0,0.7805027994738227,True
IE,M,TOTAL,133.0,,2339141.0,,2016,Ireland,56.8584792451588,47.6064164811632,67.38372497810033,True
IE,M,DRIV,89.0,,2339141.0,,2016,Ireland,38.04815528435439,30.55579297799951,46.82152909711575,True
IE,M,PAS,19.0,,2339141.0,,2016,Ireland,8.122639892165543,4.890359821988813,12.684508360798082,True
IE,M,PED,25.0,,2339141.0,,2016,Ireland,10.687684068638871,6.916505609464896,15.77713002231604,True
IE,M,UNK,0.0,,2339141.0,,2016,Ireland,0.0,0.0,1.5770231269145107,True
IE,F,TOTAL,48.0,,2387145.0,,2016,Ireland,20.10770187818503,14.825832039311916,26.659895474354204,True
IE,F,DRIV,19.0,,2387145.0,,2016,Ireland,7.959298660114907,4.792017730119761,12.429430793515094,True
IE,F,PAS,19.0,,2387145.0,,2016,Ireland,7.959298660114907,4.792017730119761,12.429430793515094,True
IE,F,PED,10.0,,2387145.0,,2016,Ireland,4.189104557955214,2.008838464413529,7.703912431803588,True
IE,F,UNK,0.0,,2387145.0,,2016,Ireland,0.0,0.0,1.5453101734976031,True
IE,UNK,TOTAL,1.0,,,,2016,Ireland,,,,False
IE,UNK,DRIV,0.0,,,,2016,Ireland,,,,False
IE,UNK,PAS,1.0,,,,2016,Ireland,,,,False
IE,UNK,PED,0.0,,,,2016,Ireland,,,,False
IE,UNK,UNK,0.0,,,,2016,Ireland,,,,False
IE,T,TOTAL,154.0,,4799157.0,,2017,Ireland,32.08896895850667,27.221038050725927,37.57623953214582,True
IE,T,DRIV,96.0,,4799157.0,,2017,Ireland,20.003513116991172,16.202909847499143,24.427713241998227,True
IE,T,PAS,27.0,,4799157.0,,2017,Ireland,5.625988064153767,3.70756158462096,8.1855172575438,True
IE,T,PED,31.0,,4799157.0,,2017,Ireland,6.459467777361732,4.38889496199892,9.168698899254338,True
IE,T,UNK,0.0,,4799157.0,,2017,Ireland,0.0,0.0,0.7686515473684098,True
IE,M,TOTAL,114.0,,2374956.0,,2017,Ireland,48.00088927963297,39.59481445633325,57.66373085902872,True
IE,M,DRIV,76.0,,2374956.0,,2017,Ireland,32.00059285308865,25.212827469836743,40.05351381807982,True
IE,M,PAS,14.0,,2374956.0,,2017,Ireland,5.894846051884751,3.2227671907608393,9.890550023594363,True
IE,M,PED,24.0,,2374956.0,,2017,Ireland,10.105450374659572,6.474752734234428,15.036109129496804,True
IE,M,UNK,0.0,,2374956.0,,2017,Ireland,0.0,0.0,1.5532411775687363,True
IE,F,TOTAL,40.0,,2424201.0,,2017,Ireland,16.500281948567796,11.788043335428442,22.46870080656846,True
IE,F,DRIV,20.0,,2424201.0,,2017,Ireland,8.250140974283898,5.039400439734141,12.74167360820105,True
IE,F,PAS,13.0,,2424201.0,,2017,Ireland,5.362591633284533,2.8553541934038478,9.170195011947802,True
IE,F,PED,7.0,,2424201.0,,2017,Ireland,2.8875493409993642,1.160944596392736,5.949455248018781,True
IE,F,UNK,0.0,,2424201.0,,2017,Ireland,0.0,0.0,1.52168877667897,True
IE,UNK,TOTAL,0.0,,,,2017,Ireland,,,,False
IE,UNK,DRIV,0.0,,,,2017,Ireland,,,,False
IE,UNK,PAS,0.0,,,,2017,Ireland,,,,False
IE,UNK,PED,0.0,,,,2017,Ireland,,,,False
IE,UNK,UNK,0.0,,,,2017,Ireland,,,,False
IE,T,TOTAL,134.0,,4855733.0,,2018,Ireland,27.596245510204124,23.121792924052283,32.68396196437492,True
IE,T,DRIV,76.0,,4855733.0,,2018,Ireland,15.651601931160547,12.331682132533562,19.590313751462773,True
IE,T,PAS,19.0,,4855733.0,,2018,Ireland,3.912900482790137,2.3558216986738634,6.110478803423827,True
IE,T,PED,39.0,,4855733.0,,2018,Ireland,8.03174309625344,5.7113544936339125,10.979657214643565,True
IE,T,UNK,0.0,,4855733.0,,2018,Ireland,0.0,0.0,0.7596956945766861,True
IE,M,TOTAL,104.0,,2404390.0,,2018,Ireland,43.25421416658695,35.341827369990085,52.40972013483892,True
IE,M,DRIV,67.0,,2404390.0,,2018,Ireland,27.865695665012748,21.595531392661147,35.38844847458039,True
IE,M,PAS,11.0,,2404390.0,,2018,Ireland,4.574964959927466,2.283806024495543,8.1858760489363,True
IE,M,PED,26.0,,2404390.0,,2018,Ireland,10.813553541646737,7.063772189867843,15.844361390259065,True
IE,M,UNK,0.0,,2404390.0,,2018,Ireland,0.0,0.0,1.5342267494516013,True
IE,F,TOTAL,30.0,,2451343.0,,2018,Ireland,12.23818943330248,8.257055018992004,17.47077638454009,True
IE,F,DRIV,9.0,,2451343.0,,2018,Ireland,3.6714568299907437,1.6788238518144272,6.969568702306926,True
IE,F,PAS,8.0,,2451343.0,,2018,Ireland,3.2635171822139943,1.4089550816627874,6.430429858323912,True
IE,F,PED,13.0,,2451343.0,,2018,Ireland,5.303215421097741,2.823738861107483,9.068659880791417,True
IE,F,UNK,0.0,,2451343.0,,2018,Ireland,0.0,0.0,1.5048401852021263,True
IE,UNK,TOTAL,0.0,,,,2018,Ireland,,,,False
IE,UNK,DRIV,0.0,,,,2018,Ireland,,,,False
IE,UNK,PAS,0.0,,,,2018,Ireland,,,,False
IE,UNK,PED,0.0,,,,2018,Ireland,,,,False
IE,UNK,UNK,0.0,,,,2018,Ireland,,,,False
IE,T,TOTAL,140.0,,4940311.0,,2019,Ireland,28.338296920983314,23.838695829726166,33.44030171395506,True
IE,T,DRIV,98.0,,4940311.0,,2019,Ireland,19.83680784468832,16.104479469885124,24.174714971007955,True
IE,T,PAS,15.0,,4940311.0,,2019,Ireland,3.036246098676784,1.6993638928365669,5.007826201930576,True
IE,T,PED,27.0,,4940311.0,,2019,Ireland,5.46524297761821,3.601629559710871,7.951641596078088,True
IE,T,UNK,0.0,,4940311.0,,2019,Ireland,0.0,0.0,0.7466897234028254,True
IE,M,TOTAL,105.0,,2446814.0,,2019,Ireland,42.91294720399671,35.098539292434225,51.94873900052715,True
IE,M,DRIV,75.0,,2446814.0,,2019,Ireland,30.652105145711936,24.109825144637664,38.422679226468695,True
IE,M,PAS,10.0,,2446814.0,,2019,Ireland,4.086947352761591,1.9598501137121307,7.516041694226769,True
IE,M,PED,20.0,,2446814.0,,2019,Ireland,8.173894705523182,4.992827237952679,12.623917430043557,True
IE,M,UNK,0.0,,2446814.0,,2019,Ireland,0.0,0.0,1.5076256119647573,True
IE,F,TOTAL,35.0,,2493497.0,,2019,Ireland,14.036511774427641,9.776944749690802,19.521389987268112,True
IE,F,DRIV,23.0,,2493497.0,,2019,Ireland,9.223993451766736,5.847220605055744,13.840519116258426,True
IE,F,PAS,5.0,,2493497.0,,2019,Ireland,2.0052159677753774,0.6510881665862926,4.679505160552697,True
IE,F,PED,7.0,,2493497.0,,2019,Ireland,2.807302354885528,1.1286811460049349,5.784115786665224,True
IE,F,UNK,0.0,,2493497.0,,2019,Ireland,0.0,0.0,1.4793999969175562,True
IE,UNK,TOTAL,0.0,,,,2019,Ireland,,,,False
IE,UNK,DRIV,0.0,,,,2019,Ireland,,,,False
IE,UNK,PAS,0.0,,,,2019,Ireland,,,,False
IE,UNK,PED,0.0,,,,2019,Ireland,,,,False
IE,UNK,UNK,0.0,,,,2019,Ireland,,,,False
IE,T,TOTAL,141.0,,5012600.0,,2020,Ireland,28.129114631129553,23.6779011036829,33.17398720090324,True
IE,T,DRIV,85.0,,5012600.0,,2020,Ireland,16.95726768543271,13.544863145831403,20.96792409506024,True
IE,T,PAS,25.0,,5012600.0,,2020,Ireland,4.987431672186091,3.227602810483447,7.362433008325094,True
IE,T,PED,31.0,,5012600.0,,2020,Ireland,6.184415273510753,4.202010130300015,8.778283825409718,True
IE,T,UNK,0.0,,5012600.0,,2020,Ireland,0.0,0.0,0.7359213689729752,True
IE,M,TOTAL,104.0,,2481712.0,,2020,Ireland,41.906554829891626,34.240692034422395,50.77680528401577,True
IE,M,DRIV,76.0,,2481712.0,,2020,Ireland,30.624020837228493,24.128245290530728,38.330528668649535,True
IE,M,PAS,11.0,,2481712.0,,2020,Ireland,4.432424068546229,2.2126501250897923,7.930831020401221,True
IE,M,PED,17.0,,2481712.0,,2020,Ireland,6.8501099241169,3.9904414652495106,10.967689569098516,True
IE,M,UNK,0.0,,2481712.0,,2020,Ireland,0.0,0.0,1.486425279852753,True
IE,F,TOTAL,37.0,,2530888.0,,2020,Ireland,14.619374701685732,10.293388947715597,20.15088227607497,True
IE,F,DRIV,9.0,,2530888.0,,2020,Ireland,3.5560641166262594,1.6260589553462397,6.7505173881337965,True
IE,F,PAS,14.0,,2530888.0,,2020,Ireland,5.531655292529736,3.024207422967986,9.281177642722861,True
IE,F,PED,14.0,,2530888.0,,2020,Ireland,5.531655292529736,3.024207422967986,9.281177642722861,True
IE,F,UNK,0.0,,2530888.0,,2020,Ireland,0.0,0.0,1.4575435397038254,True
IE,UNK,TOTAL,0.0,,,,2020,Ireland,,,,False
IE,UNK,DRIV,0.0,,,,2020,Ireland,,,,False
IE,UNK,PAS,0.0,,,,2020,Ireland,,,,False
IE,UNK,PED,0.0,,,,2020,Ireland,,,,False
IE,UNK,UNK,0.0,,,,2020,Ireland,,,,False
IE,T,TOTAL,132.0,,5066893.0,,2021,Ireland,26.051467832456694,21.797047701276195,30.893717000153153,True
IE,T,DRIV,95.0,,5066893.0,,2021,Ireland,18.749162455177167,15.16919205977512,22.919878833745948,True
IE,T,PAS,18.0,,5066893.0,,2021,Ireland,3.552472886244095,2.1054205763570546,5.6144387235980675,True
IE,T,PED,19.0,,5066893.0,,2021,Ireland,3.7498324910354333,2.257644115312231,5.855827934709809,True
IE,T,UNK,0.0,,5066893.0,,2021,Ireland,0.0,0.0,0.7280357911868152,True
IE,M,TOTAL,97.0,,2509184.0,,2021,Ireland,38.65798602254757,31.349022460781004,47.15946456394343,True
IE,M,DRIV,75.0,,2509184.0,,2021,Ireland,29.89019537825843,23.51053478001273,37.46761873534694,True
IE,M,PAS,9.0,,2509184.0,,2021,Ireland,3.5868234453910115,1.640124079134226,6.808908175494172,True
IE,M,PED,13.0,,2509184.0,,2021,Ireland,5.180967198898128,2.758646831401683,8.859611697730767,True
IE,M,UNK,0.0,,2509184.0,,2021,Ireland,0.0,0.0,1.4701510348041178,True
IE,F,TOTAL,35.0,,2557709.0,,2021,Ireland,13.68412121941941,9.531491816512265,19.03130003025484,True
IE,F,DRIV,20.0,,2557709.0,,2021,Ireland,7.819497839668235,4.776352425316541,12.076580214041002,True
IE,F,PAS,9.0,,2557709.0,,2021,Ireland,3.5187740278507054,1.6090075522189324,6.679729183976429,True
IE,F,PED,6.0,,2557709.0,,2021,Ireland,2.3458493519004704,0.8608853679174806,5.105926445314414,True
IE,F,UNK,0.0,,2557709.0,,2021,Ireland,0.0,0.0,1.4422592461120227,True
IE,UNK,TOTAL,0.0,,,,2021,Ireland,,,,False
IE,UNK,DRIV,0.0,,,,2021,Ireland,,,,False
IE,UNK,PAS,0.0,,,,2021,Ireland,,,,False
IE,UNK,PED,0.0,,,,2021,Ireland,,,,False
IE,UNK,UNK,0.0,,,,2021,Ireland,,,,False
IE,T,TOTAL,152.0,,5154277.0,,2022,Ireland,29.490072031441073,24.988291183026174,34.568619100717655,True
IE,T,DRIV,88.0,,5154277.0,,2022,Ireland,17.073199597150094,13.693205326585439,21.034659418276178,True
IE,T,PAS,22.0,,5154277.0,,2022,Ireland,4.268299899287523,2.674920822499375,6.462257342227675,True
IE,T,PED,42.0,,5154277.0,,2022,Ireland,8.148572535003455,5.8727743449717,11.014502864027419,True
IE,T,UNK,0.0,,5154277.0,,2022,Ireland,0.0,0.0,0.7156929001126512,True
IE,M,TOTAL,117.0,,2550232.0,,2022,Ireland,45.8781789264663,37.942503952259905,54.98379331866924,True
IE,M,DRIV,78.0,,2550232.0,,2022,Ireland,30.585452617644197,24.176531078356927,38.17202907455862,True
IE,M,PAS,12.0,,2550232.0,,2022,Ireland,4.705454248868338,2.431376874230352,8.219481618996609,True
IE,M,PED,27.0,,2550232.0,,2022,Ireland,10.587272059953762,6.977078999779147,15.403924993946484,True
IE,M,UNK,0.0,,2550232.0,,2022,Ireland,0.0,0.0,1.4464877917436278,True
IE,F,TOTAL,35.0,,2604045.0,,2022,Ireland,13.440627946137644,9.36188983006045,18.692659830795197,True
IE,F,DRIV,10.0,,2604045.0,,2022,Ireland,3.840179413182184,1.8415152949094327,7.062226667364725,True
IE,F,PAS,10.0,,2604045.0,,2022,Ireland,3.840179413182184,1.8415152949094327,7.062226667364725,True
IE,F,PED,15.0,,2604045.0,,2022,Ireland,5.760269119773276,3.2239788992829665,9.50068791879013,True
IE,F,UNK,0.0,,2604045.0,,2022,Ireland,0.0,0.0,1.4165958937399068,True
IE,UNK,TOTAL,0.0,,,,2022,Ireland,,,,False
IE,UNK,DRIV,0.0,,,,2022,Ireland,,,,False
IE,UNK,PAS,0.0,,,,2022,Ireland,,,,False
IE,UNK,PED,0.0,,,,2022,Ireland,,,,False
IE,UNK,UNK,0.0,,,,2022,Ireland,,,,False
IE,T,TOTAL,180.0,,5271395.0,,2023,Ireland,34.14655892794981,29.340222203526057,39.515655135270094,True
IE,T,DRIV,99.0,,5271395.0,,2023,Ireland,18.780607410372397,15.263950975822413,22.86471564987171,True
IE,T,PAS,36.0,,5271395.0,,2023,Ireland,6.8293117855899625,4.7831660153176205,9.454646158983758,True
IE,T,PED,45.0,,5271395.0,,2023,Ireland,8.536639731987453,6.226683598598561,11.42269560466609,True
IE,T,UNK,0.0,,5271395.0,,2023,Ireland,0.0,0.0,0.6997918869889158,True
IE,M,TOTAL,141.0,,2604547.0,,2023,Ireland,54.136093531811866,45.56947794465636,63.84523997579908,True
IE,M,DRIV,85.0,,2604547.0,,2023,Ireland,32.635233689390134,26.067865546213792,40.35397184957652,True
IE,M,PAS,24.0,,2604547.0,,2023,Ireland,9.214654218180742,5.904002828394519,13.710675059330168,True
IE,M,PED,32.0,,2604547.0,,2023,Ireland,12.28620562424099,8.403755551842437,17.344456475318154,True
IE,M,UNK,0.0,,2604547.0,,2023,Ireland,0.0,0.0,1.4163228592588022,True
IE,F,TOTAL,39.0,,2666848.0,,2023,Ireland,14.624005567621401,10.399097544905626,19.99149702788942,True
IE,F,DRIV,14.0,,2666848.0,,2023,Ireland,5.2496430242743495,2.870028691661692,8.808008976077968,True
IE,F,PAS,12.0,,2666848.0,,2023,Ireland,4.499694020806585,2.325057561856626,7.8600599089925485,True
IE,F,PED,13.0,,2666848.0,,2023,Ireland,4.874668522540468,2.5955556863397544,8.33583163275855,True
IE,F,UNK,0.0,,2666848.0,,2023,Ireland,0.0,0.0,1.383235735262728,True
IE,UNK,TOTAL,0.0,,,,2023,Ireland,,,,False
IE,UNK,DRIV,0.0,,,,2023,Ireland,,,,False
IE,UNK,PAS,0.0,,,,2023,Ireland,,,,False
IE,UNK,PED,0.0,,,,2023,Ireland,,,,False
IE,UNK,UNK,0.0,,,,2023,Ireland,,,,False
IE,T,TOTAL,171.0,,5351681.0,,2024,Ireland,31.952577143518084,27.342816929480417,37.11700047190694,True
IE,T,DRIV,102.0,,5351681.0,,2024,Ireland,19.05943198034412,15.540689027202388,23.136850012085684,True
IE,T,PAS,33.0,,5351681.0,,2024,Ireland,6.166286817170157,4.244588115907851,8.659759292298867,True
IE,T,PED,36.0,,5351681.0,,2024,Ireland,6.726858346003807,4.711408885790321,9.312807413079403,True
IE,T,UNK,0.0,,5351681.0,,2024,Ireland,0.0,0.0,0.6892935984252304,True
IE,M,TOTAL,127.0,,2643375.0,,2024,Ireland,48.04463990164089,40.0526515726767,57.16400626135267,True
IE,M,DRIV,84.0,,2643375.0,,2024,Ireland,31.777557100297916,25.347024065743984,39.342777990216184,True
IE,M,PAS,16.0,,2643375.0,,2024,Ireland,6.0528680191043644,3.459737061007814,9.829478449921384,True
IE,M,PED,27.0,,2643375.0,,2024,Ireland,10.214214782238615,6.731231903065124,14.86114624113572,True
IE,M,UNK,0.0,,2643375.0,,2024,Ireland,0.0,0.0,1.395518779633588,True
IE,F,TOTAL,44.0,,2708306.0,,2024,Ireland,16.246317808992043,11.80459939096407,21.809923354417016,True
IE,F,DRIV,18.0,,2708306.0,,2024,Ireland,6.6462209218603805,3.938971733769938,10.503894415006274,True
IE,F,PAS,17.0,,2708306.0,,2024,Ireland,6.2769864262014705,3.656575907451851,10.050063329589277,True
IE,F,PED,9.0,,2708306.0,,2024,Ireland,3.3231104609301902,1.5195377100587355,6.308298785816362,True
IE,F,UNK,0.0,,2708306.0,,2024,Ireland,0.0,0.0,1.3620615447862743,True
IE,UNK,TOTAL,0.0,,,,2024,Ireland,,,,False
IE,UNK,DRIV,0.0,,,,2024,Ireland,,,,False
IE,UNK,PAS,0.0,,,,2024,Ireland,,,,False
IE,UNK,PED,0.0,,,,2024,Ireland,,,,False
IE,UNK,UNK,0.0,,,,2024,Ireland,,,,False
IT,T,TOTAL,4114.0,,59690316.0,,2010,Italy,68.9224027562528,66.8322279357749,71.06132167882011,True
IT,T,DRIV,2852.0,,59690316.0,,2010,Italy,47.77994474011496,46.042312753435795,49.566372035403276,True
IT,T,PAS,641.0,,59690316.0,,2010,Italy,10.738760371112795,9.923410557061468,11.603243626041385,True
IT,T,PED,621.0,,59690316.0,,2010,Italy,10.403697645025032,9.601421623686972,11.255117344144782,True
IT,T,UNK,0.0,,59690316.0,,2010,Italy,0.0,0.0,0.061800300305227665,True
IT,M,TOTAL,3268.0,,28903027.0,,2010,Italy,113.0677420050156,109.22406183985856,117.01215231063588,True
IT,M,DRIV,2546.0,,28903027.0,,2010,Italy,88.08765946902378,84.69890924743038,91.5772182642078,True
IT,M,PAS,326.0,,28903027.0,,2010,Italy,11.279095438688827,10.087815056622933,12.57237681336502,True
IT,M,PED,396.0,,28903027.0,,2010,Italy,13.700987097302992,12.384613798868745,15.119190139640045,True
IT,M,UNK,0.0,,28903027.0,,2010,Italy,0.0,0.0,0.12762951970788167,True
IT,F,TOTAL,846.0,,30787289.0,,2010,Italy,27.478872855612586,25.65816417306683,29.394680230628218,True
IT,F,DRIV,306.0,,30787289.0,,2010,Italy,9.939166777561999,8.856622191234736,11.117525358087212,True
IT,F,PAS,315.0,,30787289.0,,2010,Italy,10.231495212196176,9.132688148532026,11.426090540527648,True
IT,F,PED,225.0,,30787289.0,,2010,Italy,7.308210865854411,6.384415461998459,8.3281169066731,True
IT,F,UNK,0.0,,30787289.0,,2010,Italy,0.0,0.0,0.11981826181947802,True
IT,UNK,TOTAL,0.0,,,,2010,Italy,,,,False
IT,UNK,DRIV,0.0,,,,2010,Italy,,,,False
IT,UNK,PAS,0.0,,,,2010,Italy,,,,False
IT,UNK,PED,0.0,,,,2010,Italy,,,,False
IT,UNK,UNK,0.0,,,,2010,Italy,,,,False
IT,T,TOTAL,3860.0,,59948497.0,,2011,Italy,64.3886034373806,62.37319844686274,66.4525508175805,True
IT,T,DRIV,2690.0,,59948497.0,,2011,Italy,44.871850582008754,43.19201696473457,46.600278393342634,True
IT,T,PAS,581.0,,59948497.0,,2011,Italy,9.691652486300033,8.919511526387959,10.512747411907792,True
IT,T,PED,589.0,,59948497.0,,2011,Italy,9.825100369071805,9.047551650302305,10.651598489014383,True
IT,T,UNK,0.0,,59948497.0,,2011,Italy,0.0,0.0,0.06153414411897492,True
IT,M,TOTAL,3005.0,,29014829.0,,2011,Italy,103.56773083170678,99.89751088819365,107.33831795791943,True
IT,M,DRIV,2373.0,,29014829.0,,2011,Italy,81.78576547874881,78.52791586984371,85.14405904999505,True
IT,M,PAS,299.0,,29014829.0,,2011,Italy,10.305075380592456,9.169997780857928,11.541842142450868,True
IT,M,PED,333.0,,29014829.0,,2011,Italy,11.47688997236551,10.277171701957668,12.778196763772652,True
IT,M,UNK,0.0,,29014829.0,,2011,Italy,0.0,0.0,0.1271377285771333,True
IT,F,TOTAL,855.0,,30933668.0,,2011,Italy,27.63978717299222,25.81791642716967,29.5563009118958,True
IT,F,DRIV,317.0,,30933668.0,,2011,Italy,10.247733957705888,9.150561241620979,11.440236122713552,True
IT,F,PAS,282.0,,30933668.0,,2011,Italy,9.116280681618488,8.083223490373047,10.244772615720107,True
IT,F,PED,256.0,,30933668.0,,2011,Italy,8.275772533667848,7.292966420750062,9.35410511970142,True
IT,F,UNK,0.0,,30933668.0,,2011,Italy,0.0,0.0,0.11925127838424902,True
IT,UNK,TOTAL,0.0,,,,2011,Italy,,,,False
IT,UNK,DRIV,0.0,,,,2011,Italy,,,,False
IT,UNK,PAS,0.0,,,,2011,Italy,,,,False
IT,UNK,PED,0.0,,,,2011,Italy,,,,False
IT,UNK,UNK,0.0,,,,2011,Italy,,,,False
IT,T,TOTAL,3753.0,,60105185.0,,2012,Italy,62.44053653607422,60.45866342842955,64.47082918591043,True
IT,T,DRIV,2622.0,,60105185.0,,2012,Italy,43.62352432656184,41.969584004940984,45.32593618992071,True
IT,T,PAS,555.0,,60105185.0,,2012,Italy,9.233812357453022,8.481475215938405,10.034991313483774,True
IT,T,PED,576.0,,60105185.0,,2012,Italy,9.583199852059352,8.816461701158024,10.39876724394559,True
IT,T,UNK,0.0,,60105185.0,,2012,Italy,0.0,0.0,0.06137373097036363,True
IT,M,TOTAL,3015.0,,29090347.0,,2012,Italy,103.64262756989457,99.9757950221708,107.40956573433303,True
IT,M,DRIV,2349.0,,29090347.0,,2012,Italy,80.7484352111716,77.51568278111296,84.08137435584798,True
IT,M,PAS,302.0,,29090347.0,,2012,Italy,10.381450589090601,9.243487995326628,11.62082883227632,True
IT,M,PED,364.0,,29090347.0,,2012,Italy,12.51274176963238,11.26016971850353,13.866559569761316,True
IT,M,UNK,0.0,,29090347.0,,2012,Italy,0.0,0.0,0.12680768139733553,True
IT,F,TOTAL,738.0,,31014838.0,,2012,Italy,23.7950622215083,22.1090531794355,25.575548206161834,True
IT,F,DRIV,273.0,,31014838.0,,2012,Italy,8.802238464053882,7.7889616375350785,9.910730464719178,True
IT,F,PAS,253.0,,31014838.0,,2012,Italy,8.15738582932466,7.183095727777419,9.2269638468048,True
IT,F,PED,212.0,,31014838.0,,2012,Italy,6.835437928129755,5.946222385817836,7.820121252451477,True
IT,F,UNK,0.0,,31014838.0,,2012,Italy,0.0,0.0,0.11893918175919331,True
IT,UNK,TOTAL,0.0,,,,2012,Italy,,,,False
IT,UNK,DRIV,0.0,,,,2012,Italy,,,,False
IT,UNK,PAS,0.0,,,,2012,Italy,,,,False
IT,UNK,PED,0.0,,,,2012,Italy,,,,False
IT,UNK,UNK,0.0,,,,2012,Italy,,,,False
IT,T,TOTAL,3401.0,,60277309.0,,2013,Italy,56.422558611566416,54.54206190620232,58.351349926683994,True
IT,T,DRIV,2308.0,,60277309.0,,2013,Italy,38.289698699057716,36.743358956889104,39.88439235878983,True
IT,T,PAS,542.0,,60277309.0,,2013,Italy,8.991774997785651,8.250612152872215,9.781648309951143,True
IT,T,PED,551.0,,60277309.0,,2013,Italy,9.14108491472305,8.393661950286482,9.937212692799468,True
IT,T,UNK,0.0,,60277309.0,,2013,Italy,0.0,0.0,0.06119847609842595,True
IT,M,TOTAL,2703.0,,29193899.0,,2013,Italy,92.58783830142045,89.12996360720437,96.14549766834435,True
IT,M,DRIV,2050.0,,29193899.0,,2013,Italy,70.22015113500255,67.2130082268788,73.3271738815372,True
IT,M,PAS,302.0,,29193899.0,,2013,Italy,10.34462714281501,9.210700950715283,11.579609258719534,True
IT,M,PED,351.0,,29193899.0,,2013,Italy,12.023060023602877,10.798017032471243,13.349021408530875,True
IT,M,UNK,0.0,,29193899.0,,2013,Italy,0.0,0.0,0.1263578891642372,True
IT,F,TOTAL,698.0,,31083410.0,,2013,Italy,22.455708688332457,20.820493059086843,24.18522526575004,True
IT,F,DRIV,258.0,,31083410.0,,2013,Italy,8.300247624054117,7.318241563465252,9.37731246082373,True
IT,F,PAS,240.0,,31083410.0,,2013,Italy,7.721160580515458,6.775135935644801,8.762314862780414,True
IT,F,PED,200.0,,31083410.0,,2013,Italy,6.434300483762882,5.573419476224047,7.3905012888048605,True
IT,F,UNK,0.0,,31083410.0,,2013,Italy,0.0,0.0,0.11867679428074125,True
IT,UNK,TOTAL,0.0,,,,2013,Italy,,,,False
IT,UNK,DRIV,0.0,,,,2013,Italy,,,,False
IT,UNK,PAS,0.0,,,,2013,Italy,,,,False
IT,UNK,PED,0.0,,,,2013,Italy,,,,False
IT,UNK,UNK,0.0,,,,2013,Italy,,,,False
IT,T,TOTAL,3381.0,,60345917.0,,2014,Italy,56.02698853677209,54.154207397103946,57.94801019782257,True
IT,T,DRIV,2291.0,,60345917.0,,2014,Italy,37.96445747936849,36.42563309733498,39.551582049116135,True
IT,T,PAS,512.0,,60345917.0,,2014,Italy,8.484418258156554,7.765325601033417,9.252185885453079,True
IT,T,PED,578.0,,60345917.0,,2014,Italy,9.578112799247048,8.81308101109905,10.391777881581563,True
IT,T,UNK,0.0,,60345917.0,,2014,Italy,0.0,0.0,0.06112889881371652,True
IT,M,TOTAL,2662.0,,29241521.0,,2014,Italy,91.03493624698935,87.60922369493296,94.5602758826659,True
IT,M,DRIV,2047.0,,29241521.0,,2014,Italy,70.00319853402975,67.00317444881192,73.1029403346219,True
IT,M,PAS,259.0,,29241521.0,,2014,Italy,8.857268402693553,7.811321831367312,10.004257436082897,True
IT,M,PED,356.0,,29241521.0,,2014,Italy,12.174469310266042,10.942506847849021,13.507173410625354,True
IT,M,UNK,0.0,,29241521.0,,2014,Italy,0.0,0.0,0.12615210590837378,True
IT,F,TOTAL,719.0,,31104396.0,,2014,Italy,23.11570364523394,21.456730795042247,24.86889647009185,True
IT,F,DRIV,244.0,,31104396.0,,2014,Italy,7.844550333014022,6.891059931241139,8.893089782339324,True
IT,F,PAS,253.0,,31104396.0,,2014,Italy,8.13389850103503,7.162413645180853,9.200396913044308,True
IT,F,PED,222.0,,31104396.0,,2014,Italy,7.137254811184889,6.229202165682829,8.140452103775552,True
IT,F,UNK,0.0,,31104396.0,,2014,Italy,0.0,0.0,0.11859672356646744,True
IT,UNK,TOTAL,0.0,,,,2014,Italy,,,,False
IT,UNK,DRIV,0.0,,,,2014,Italy,,,,False
IT,UNK,PAS,0.0,,,,2014,Italy,,,,False
IT,UNK,PED,0.0,,,,2014,Italy,,,,False
IT,UNK,UNK,0.0,,,,2014,Italy,,,,False
IT,T,TOTAL,3428.0,,60295497.0,,2015,Italy,56.85333350847079,54.96589395834349,58.78905200606357,True
IT,T,DRIV,2349.0,,60295497.0,,2015,Italy,38.95813314218142,37.39844967269282,40.56615299561291,True
IT,T,PAS,477.0,,60295497.0,,2015,Italy,7.911038530787796,7.216933974204178,8.653884297068382,True
IT,T,PED,602.0,,60295497.0,,2015,Italy,9.98416183550158,9.202428179167423,10.814556008035332,True
IT,T,UNK,0.0,,60295497.0,,2015,Italy,0.0,0.0,0.06118001571682767,True
IT,M,TOTAL,2759.0,,29228315.0,,2015,Italy,94.39476753962724,90.90503414469936,97.98416156976452,True
IT,M,DRIV,2103.0,,29228315.0,,2015,Italy,71.95077786728383,68.90817704897401,75.09313158525583,True
IT,M,PAS,269.0,,29228315.0,,2015,Italy,9.203404301616429,8.136342340217247,10.371516027591746,True
IT,M,PED,387.0,,29228315.0,,2015,Italy,13.240585370726981,11.954116533150248,14.627769849045235,True
IT,M,UNK,0.0,,29228315.0,,2015,Italy,0.0,0.0,0.12620910422355636,True
IT,F,TOTAL,669.0,,31067182.0,,2015,Italy,21.533977558698435,19.932904175817022,23.229426461095336,True
IT,F,DRIV,246.0,,31067182.0,,2015,Italy,7.9183235866066,6.959659126413671,8.972142885962693,True
IT,F,PAS,208.0,,31067182.0,,2015,Italy,6.695167910626719,5.816161063511867,7.669501976290456,True
IT,F,PED,215.0,,31067182.0,,2015,Italy,6.920486061465118,6.026289704980213,7.909974504550021,True
IT,F,UNK,0.0,,31067182.0,,2015,Italy,0.0,0.0,0.11873878532381649,True
IT,UNK,TOTAL,0.0,,,,2015,Italy,,,,False
IT,UNK,DRIV,0.0,,,,2015,Italy,,,,False
IT,UNK,PAS,0.0,,,,2015,Italy,,,,False
IT,UNK,PED,0.0,,,,2015,Italy,,,,False
IT,UNK,UNK,0.0,,,,2015,Italy,,,,False
IT,T,TOTAL,3283.0,,60163712.0,,2016,Italy,54.56777666909914,52.71697924470672,56.46696484037041,True
IT,T,DRIV,2261.0,,60163712.0,,2016,Italy,37.580792887247384,36.04755143764441,39.162483037685014,True
IT,T,PAS,452.0,,60163712.0,,2016,Italy,7.512834314478468,6.836108800755581,8.238427866445337,True
IT,T,PED,570.0,,60163712.0,,2016,Italy,9.47414946737329,8.712240607296767,10.284843585890618,True
IT,T,UNK,0.0,,60163712.0,,2016,Italy,0.0,0.0,0.06131402686911897,True
IT,M,TOTAL,2619.0,,29193044.0,,2016,Italy,89.7131522153017,86.3098429887161,93.21625925262315,True
IT,M,DRIV,2022.0,,29193044.0,,2016,Italy,69.26307513529594,66.27667605091416,72.34936206640795,True
IT,M,PAS,234.0,,29193044.0,,2016,Italy,8.015608101710805,7.021412687216725,9.111120226951039,True
IT,M,PED,363.0,,29193044.0,,2016,Italy,12.434468978294966,11.18806441011977,13.781765510600014,True
IT,M,UNK,0.0,,29193044.0,,2016,Italy,0.0,0.0,0.12636158990867605,True
IT,F,TOTAL,664.0,,30970668.0,,2016,Italy,21.439640888598205,19.8397071309597,23.13424881306244,True
IT,F,DRIV,239.0,,30970668.0,,2016,Italy,7.716979175263511,6.769556072812335,8.759882397221428,True
IT,F,PAS,218.0,,30970668.0,,2016,Italy,7.038918243545797,6.135481308061866,8.037929639343243,True
IT,F,PED,207.0,,30970668.0,,2016,Italy,6.683743469788898,5.80419488494664,7.658921520430153,True
IT,F,UNK,0.0,,30970668.0,,2016,Italy,0.0,0.0,0.11910881141194422,True
IT,UNK,TOTAL,0.0,,,,2016,Italy,,,,False
IT,UNK,DRIV,0.0,,,,2016,Italy,,,,False
IT,UNK,PAS,0.0,,,,2016,Italy,,,,False
IT,UNK,PED,0.0,,,,2016,Italy,,,,False
IT,UNK,UNK,0.0,,,,2016,Italy,,,,False
IT,T,TOTAL,3378.0,,60066734.0,,2017,Italy,56.237450832602285,54.35680718767376,58.166559339042166,True
IT,T,DRIV,2319.0,,60066734.0,,2017,Italy,38.60705994103159,37.05156793430667,40.2110745773258,True
IT,T,PAS,459.0,,60066734.0,,2017,Italy,7.641500868017895,6.958330710831962,8.373612169817324,True
IT,T,PED,600.0,,60066734.0,,2017,Italy,9.988890023552804,9.205510334189787,10.82111664562841,True
IT,T,UNK,0.0,,60066734.0,,2017,Italy,0.0,0.0,0.061413018628812675,True
IT,M,TOTAL,2709.0,,29178654.0,,2017,Italy,92.84184253324365,89.37828724882027,96.40523391313863,True
IT,M,DRIV,2070.0,,29178654.0,,2017,Italy,70.94227170314299,67.91875741295723,74.06571444671968,True
IT,M,PAS,257.0,,29178654.0,,2017,Italy,8.807808612419201,7.763791742207351,9.953093595319942,True
IT,M,PED,382.0,,29178654.0,,2017,Italy,13.09176221768146,11.811669735468437,14.472752719897095,True
IT,M,UNK,0.0,,29178654.0,,2017,Italy,0.0,0.0,0.1264239074946341,True
IT,F,TOTAL,669.0,,30888080.0,,2017,Italy,21.658840562443505,20.048483486790612,23.364120386325883,True
IT,F,DRIV,249.0,,30888080.0,,2017,Italy,8.061362182434129,7.091086849854478,9.127332118802547,True
IT,F,PAS,202.0,,30888080.0,,2017,Italy,6.539739601814033,5.668937022702963,7.506453872871353,True
IT,F,PED,218.0,,30888080.0,,2017,Italy,7.0577387781953425,6.1518862490705075,8.059421312929109,True
IT,F,UNK,0.0,,30888080.0,,2017,Italy,0.0,0.0,0.1194272824375596,True
IT,UNK,TOTAL,0.0,,,,2017,Italy,,,,False
IT,UNK,DRIV,0.0,,,,2017,Italy,,,,False
IT,UNK,PAS,0.0,,,,2017,Italy,,,,False
IT,UNK,PED,0.0,,,,2017,Italy,,,,False
IT,UNK,UNK,0.0,,,,2017,Italy,,,,False
IT,T,TOTAL,3334.0,,59937769.0,,2018,Italy,55.62435932508599,53.75208779964906,57.54520183242792,True
IT,T,DRIV,2258.0,,59937769.0,,2018,Italy,37.67240652550815,36.134417255912396,39.2590273564033,True
IT,T,PAS,464.0,,59937769.0,,2018,Italy,7.741362545542861,7.052916324750137,8.478851149795,True
IT,T,PED,612.0,,59937769.0,,2018,Italy,10.210590254034981,9.417553717874119,11.052572327463455,True
IT,T,UNK,0.0,,59937769.0,,2018,Italy,0.0,0.0,0.061545157847198745,True
IT,M,TOTAL,2673.0,,29156469.0,,2018,Italy,91.67776797663667,88.2349035558152,95.22054876775441,True
IT,M,DRIV,2034.0,,29156469.0,,2018,Italy,69.76153388121175,66.76243181496145,72.86064690333825,True
IT,M,PAS,249.0,,29156469.0,,2018,Italy,8.5401287789684,7.512228517974968,9.669406973531073,True
IT,M,PED,390.0,,29156469.0,,2018,Italy,13.37610531645653,12.081349561031821,14.771818408368702,True
IT,M,UNK,0.0,,29156469.0,,2018,Italy,0.0,0.0,0.12652010276395045,True
IT,F,TOTAL,661.0,,30781300.0,,2018,Italy,21.474076793377797,19.868011377328507,23.175401584435406,True
IT,F,DRIV,224.0,,30781300.0,,2018,Italy,7.277145539662068,6.355296005931846,8.295129044656054,True
IT,F,PAS,215.0,,30781300.0,,2018,Italy,6.9847602278006455,6.082259003009834,7.983438566539273,True
IT,F,PED,222.0,,30781300.0,,2018,Italy,7.212171025915085,6.294587003325276,8.225898381643006,True
IT,F,UNK,0.0,,30781300.0,,2018,Italy,0.0,0.0,0.11984157440114405,True
IT,UNK,TOTAL,0.0,,,,2018,Italy,,,,False
IT,UNK,DRIV,0.0,,,,2018,Italy,,,,False
IT,UNK,PAS,0.0,,,,2018,Italy,,,,False
IT,UNK,PED,0.0,,,,2018,Italy,,,,False
IT,UNK,UNK,0.0,,,,2018,Italy,,,,False
IT,T,TOTAL,3173.0,,59816673.0,b,2019,Italy,53.045410934172146,51.21559688710396,54.923901366445996,True
IT,T,DRIV,2222.0,,59816673.0,b,2019,Italy,37.14683362613631,35.61819296616172,38.72420706446822,True
IT,T,PAS,417.0,,59816673.0,b,2019,Italy,6.971300459990478,6.318168335920659,7.673615370058196,True
IT,T,PED,534.0,,59816673.0,b,2019,Italy,8.927276848045361,8.186057988884128,9.717586467848411,True
IT,T,UNK,0.0,,59816673.0,b,2019,Italy,0.0,0.0,0.06166975308228754,True
IT,M,TOTAL,2566.0,,29131195.0,b,2019,Italy,88.08426842771125,84.7087519796868,91.55980128490472,True
IT,M,DRIV,1987.0,,29131195.0,b,2019,Italy,68.20866771857453,65.24222766030907,71.27521421514561,True
IT,M,PAS,243.0,,29131195.0,b,2019,Italy,8.341573354611784,7.325654842226873,9.458983399290554,True
IT,M,PED,336.0,,29131195.0,b,2019,Italy,11.534027354524934,10.333582005883578,12.83564731278563,True
IT,M,UNK,0.0,,29131195.0,b,2019,Italy,0.0,0.0,0.12662987062885459,True
IT,F,TOTAL,607.0,,30685478.0,b,2019,Italy,19.78134412636492,18.23877927670923,21.4195192566185,True
IT,F,DRIV,235.0,,30685478.0,b,2019,Italy,7.658345749086913,6.710418255542664,8.702657907105644,True
IT,F,PAS,174.0,,30685478.0,b,2019,Italy,5.670434724855842,4.859174150946439,6.578410322668365,True
IT,F,PED,198.0,,30685478.0,b,2019,Italy,6.452563652422166,5.58504837054325,7.416645972316893,True
IT,F,UNK,0.0,,30685478.0,b,2019,Italy,0.0,0.0,0.12021580547364899,True
IT,UNK,TOTAL,0.0,,,,2019,Italy,,,,False
IT,UNK,DRIV,0.0,,,,2019,Italy,,,,False
IT,UNK,PAS,0.0,,,,2019,Italy,,,,False
IT,UNK,PED,0.0,,,,2019,Italy,,,,False
IT,UNK,UNK,0.0,,,,2019,Italy,,,,False
IT,T,TOTAL,2395.0,,59641488.0,,2020,Italy,40.15661044540002,38.56430402341136,41.79778004007863,True
IT,T,DRIV,1697.0,,59641488.0,,2020,Italy,28.453347776970286,27.11554140004957,29.840080035953836,True
IT,T,PAS,289.0,,59641488.0,,2020,Italy,4.845620216584805,4.303005278052566,5.4377216547066025,True
IT,T,PED,409.0,,59641488.0,,2020,Italy,6.857642451844931,6.209061493605445,7.555558375684366,True
IT,T,UNK,0.0,,59641488.0,,2020,Italy,0.0,0.0,0.06185089570726229,True
IT,M,TOTAL,1947.0,,29050096.0,,2020,Italy,67.0221537305763,64.07785884516208,70.06684220484829,True
IT,M,DRIV,1516.0,,29050096.0,,2020,Italy,52.18571394738248,49.591528740988096,54.880393916367495,True
IT,M,PAS,166.0,,29050096.0,,2020,Italy,5.71426683065006,4.878045945918158,6.652706762163304,True
IT,M,PED,265.0,,29050096.0,,2020,Italy,9.122172952543771,8.05682532237282,10.289205449951393,True
IT,M,UNK,0.0,,29050096.0,,2020,Italy,0.0,0.0,0.12698338257174557,True
IT,F,TOTAL,448.0,,30591392.0,,2020,Italy,14.644642519045881,13.319776470300935,16.065623350332935,True
IT,F,DRIV,181.0,,30591392.0,,2020,Italy,5.91669708916809,5.08610150879013,6.844258841788462,True
IT,F,PAS,123.0,,30591392.0,,2020,Italy,4.0207389058987575,3.3416271312771038,4.7973109498626,True
IT,F,PED,144.0,,30591392.0,,2020,Italy,4.707206523979033,3.9697906259991522,5.541869848470481,True
IT,F,UNK,0.0,,30591392.0,,2020,Italy,0.0,0.0,0.12058553772623147,True
IT,UNK,TOTAL,0.0,,,,2020,Italy,,,,False
IT,UNK,DRIV,0.0,,,,2020,Italy,,,,False
IT,UNK,PAS,0.0,,,,2020,Italy,,,,False
IT,UNK,PED,0.0,,,,2020,Italy,,,,False
IT,UNK,UNK,0.0,,,,2020,Italy,,,,False
IT,T,TOTAL,2875.0,,59236213.0,,2021,Italy,48.53450034018886,46.776436828557316,50.34173198881944,True
IT,T,DRIV,2072.0,,59236213.0,,2021,Italy,34.97860337560742,33.48854952186317,36.51787994779651,True
IT,T,PAS,332.0,,59236213.0,,2021,Italy,5.6046796914583314,5.017946304814923,6.241174075360032,True
IT,T,PED,471.0,,59236213.0,,2021,Italy,7.951217273123115,7.249260560121389,8.702791547411731,True
IT,T,UNK,0.0,,59236213.0,,2021,Italy,0.0,0.0,0.06227405952021166,True
IT,M,TOTAL,2396.0,,28866226.0,,2021,Italy,83.00357656730048,79.71296463696417,86.39514621109069,True
IT,M,DRIV,1870.0,,28866226.0,,2021,Italy,64.78158939100663,61.878383296194635,67.78584413127243,True
IT,M,PAS,196.0,,28866226.0,,2021,Italy,6.789941989645616,5.8725924021040905,7.80995661771129,True
IT,M,PED,330.0,,28866226.0,,2021,Italy,11.43204518664823,10.231746016224841,12.73446415074799,True
IT,M,UNK,0.0,,28866226.0,,2021,Italy,0.0,0.0,0.12779223214402657,True
IT,F,TOTAL,479.0,,30369987.0,,2021,Italy,15.772150314058416,14.391147360014024,17.24991929494118,True
IT,F,DRIV,202.0,,30369987.0,,2021,Italy,6.651303472734447,5.765645545788707,7.634509285155774,True
IT,F,PAS,136.0,,30369987.0,,2021,Italy,4.4781053083756674,3.7571456086419435,5.297097252321434,True
IT,F,PED,141.0,,30369987.0,,2021,Italy,4.6427415329483015,3.9080638089282322,5.475403339594698,True
IT,F,UNK,0.0,,30369987.0,,2021,Italy,0.0,0.0,0.1214646372457761,True
IT,UNK,TOTAL,0.0,,,,2021,Italy,,,,False
IT,UNK,DRIV,0.0,,,,2021,Italy,,,,False
IT,UNK,PAS,0.0,,,,2021,Italy,,,,False
IT,UNK,PED,0.0,,,,2021,Italy,,,,False
IT,UNK,UNK,0.0,,,,2021,Italy,,,,False
IT,T,TOTAL,3159.0,,59030133.0,,2022,Italy,53.51504120785227,51.66497677197081,55.414431260678306,True
IT,T,DRIV,2245.0,,59030133.0,,2022,Italy,38.03142371371584,36.47433512246101,39.637892619763214,True
IT,T,PAS,429.0,,59030133.0,,2022,Italy,7.267474731930555,6.595951610009655,7.98882468698751,True
IT,T,PED,485.0,,59030133.0,,2022,Italy,8.216142762205871,7.5011026702647,8.980962666486757,True
IT,T,UNK,0.0,,59030133.0,,2022,Italy,0.0,0.0,0.06249146438673847,True
IT,M,TOTAL,2579.0,,28818956.0,,2022,Italy,89.48970948149544,86.06890493352728,93.01161238206186,True
IT,M,DRIV,2014.0,,28818956.0,,2022,Italy,69.88455792777503,66.8654495530132,73.00485224653409,True
IT,M,PAS,240.0,,28818956.0,,2022,Italy,8.327851987421058,7.307493307300271,9.45081513115525,True
IT,M,PED,325.0,,28818956.0,,2022,Italy,11.277299566299348,10.084429248303348,12.572471281749904,True
IT,M,UNK,0.0,,28818956.0,,2022,Italy,0.0,0.0,0.12800184205541434,True
IT,F,TOTAL,580.0,,30211177.0,,2022,Italy,19.19819277481311,17.66736827012659,20.82615852182555,True
IT,F,DRIV,231.0,,30211177.0,,2022,Italy,7.646176777554876,6.691870646332383,8.698398638152112,True
IT,F,PAS,189.0,,30211177.0,,2022,Italy,6.255962817999444,5.39582542861464,7.214236331047251,True
IT,F,PED,160.0,,30211177.0,,2022,Italy,5.296053179258789,4.50722270061494,6.183219820471645,True
IT,F,UNK,0.0,,30211177.0,,2022,Italy,0.0,0.0,0.12210313600539084,True
IT,UNK,TOTAL,0.0,,,,2022,Italy,,,,False
IT,UNK,DRIV,0.0,,,,2022,Italy,,,,False
IT,UNK,PAS,0.0,,,,2022,Italy,,,,False
IT,UNK,PED,0.0,,,,2022,Italy,,,,False
IT,UNK,UNK,0.0,,,,2022,Italy,,,,False
IT,T,TOTAL,3039.0,,58997201.0,,2023,Italy,51.51091828915748,49.6956299424295,53.375565534825476,True
IT,T,DRIV,2135.0,,58997201.0,,2023,Italy,36.18815746869076,34.669248604566974,37.75648307427526,True
IT,T,PAS,419.0,,58997201.0,,2023,Italy,7.102031840459685,6.438202465841846,7.815725235700024,True
IT,T,PED,485.0,,58997201.0,,2023,Italy,8.220728980007035,7.505289755566207,8.985975803678347,True
IT,T,UNK,0.0,,58997201.0,,2023,Italy,0.0,0.0,0.06252634687048858,True
IT,M,TOTAL,2416.0,,28814832.0,,2023,Italy,83.84570834908911,80.53535971793477,87.25719189651998,True
IT,M,DRIV,1907.0,,28814832.0,,2023,Italy,66.18119446262952,63.24385211081413,69.21975807382309,True
IT,M,PAS,195.0,,28814832.0,,2023,Italy,6.76734814903658,5.850795773528876,7.786754759884073,True
IT,M,PED,314.0,,28814832.0,,2023,Italy,10.897165737423006,9.725060472116306,12.171619242297732,True
IT,M,UNK,0.0,,28814832.0,,2023,Italy,0.0,0.0,0.12802016177342057,True
IT,F,TOTAL,623.0,,30182369.0,,2023,Italy,20.64118956335071,19.051960189857276,22.327606113773186,True
IT,F,DRIV,228.0,,30182369.0,,2023,Italy,7.5540790055280285,6.605294138866057,8.600886780788693,True
IT,F,PAS,224.0,,30182369.0,,2023,Italy,7.42155130367666,6.481408830015627,8.459735405867955,True
IT,F,PED,171.0,,30182369.0,,2023,Italy,5.665559254146022,4.848195774426411,6.581270880443329,True
IT,F,UNK,0.0,,30182369.0,,2023,Italy,0.0,0.0,0.12221967911511306,True
IT,UNK,TOTAL,0.0,,,,2023,Italy,,,,False
IT,UNK,DRIV,0.0,,,,2023,Italy,,,,False
IT,UNK,PAS,0.0,,,,2023,Italy,,,,False
IT,UNK,PED,0.0,,,,2023,Italy,,,,False
IT,UNK,UNK,0.0,,,,2023,Italy,,,,False
IT,T,TOTAL,3030.0,,58971230.0,,2024,Italy,51.380986966017154,49.56761428608653,53.24374072764007,True
IT,T,DRIV,2175.0,,58971230.0,,2024,Italy,36.88239163402222,35.34849406165685,38.46572440921807,True
IT,T,PAS,385.0,,58971230.0,,2024,Italy,6.528607254757956,5.8926779198197785,7.2144571307112475,True
IT,T,PED,470.0,,58971230.0,,2024,Italy,7.969988077236985,7.265643431851313,8.724174039757903,True
IT,T,UNK,0.0,,58971230.0,,2024,Italy,0.0,0.0,0.0625538835481969,True
IT,M,TOTAL,2427.0,,28846728.0,,2024,Italy,84.13432539038743,80.8200427316679,87.54962958102566,True
IT,M,DRIV,1939.0,,28846728.0,,2024,Italy,67.21732877295477,64.258442628214,70.27731785259047,True
IT,M,PAS,197.0,,28846728.0,,2024,Italy,6.829197404988184,5.908803261135236,7.85231995315783,True
IT,M,PED,291.0,,28846728.0,,2024,Italy,10.087799212444475,8.961935347079532,11.315971166358013,True
IT,M,UNK,0.0,,28846728.0,,2024,Italy,0.0,0.0,0.1278786091134473,True
IT,F,TOTAL,603.0,,30124502.0,,2024,Italy,20.01692841262571,18.450929098788052,21.6803227731245,True
IT,F,DRIV,236.0,,30124502.0,,2024,Italy,7.834154403614705,6.866454095712296,8.90002983328455,True
IT,F,PAS,188.0,,30124502.0,,2024,Italy,6.240767067286291,5.380525328479393,7.199433431251216,True
IT,F,PED,179.0,,30124502.0,,2024,Italy,5.9420069417247126,5.10338990533899,6.879106153833136,True
IT,F,UNK,0.0,,30124502.0,,2024,Italy,0.0,0.0,0.12245445432140042,True
IT,UNK,TOTAL,0.0,,,,2024,Italy,,,,False
IT,UNK,DRIV,0.0,,,,2024,Italy,,,,False
IT,UNK,PAS,0.0,,,,2024,Italy,,,,False
IT,UNK,PED,0.0,,,,2024,Italy,,,,False
IT,UNK,UNK,0.0,,,,2024,Italy,,,,False
LT,T,TOTAL,299.0,,3141976.0,,2010,Lithuania,95.16304389339702,84.68107889492863,106.58406560336729,True
LT,T,DRIV,,,3141976.0,,2010,Lithuania,,,,False
LT,T,PAS,,,3141976.0,,2010,Lithuania,,,,False
LT,T,PED,,,3141976.0,,2010,Lithuania,,,,False
LT,T,UNK,299.0,,3141976.0,,2010,Lithuania,95.16304389339702,84.68107889492863,106.58406560336729,True
LT,M,TOTAL,,,1450199.0,,2010,Lithuania,,,,False
LT,M,DRIV,,,1450199.0,,2010,Lithuania,,,,False
LT,M,PAS,,,1450199.0,,2010,Lithuania,,,,False
LT,M,PED,,,1450199.0,,2010,Lithuania,,,,False
LT,M,UNK,,,1450199.0,,2010,Lithuania,,,,False
LT,F,TOTAL,,,1691777.0,,2010,Lithuania,,,,False
LT,F,DRIV,,,1691777.0,,2010,Lithuania,,,,False
LT,F,PAS,,,1691777.0,,2010,Lithuania,,,,False
LT,F,PED,,,1691777.0,,2010,Lithuania,,,,False
LT,F,UNK,,,1691777.0,,2010,Lithuania,,,,False
LT,UNK,TOTAL,299.0,,,,2010,Lithuania,,,,False
LT,UNK,DRIV,,,,,2010,Lithuania,,,,False
LT,UNK,PAS,,,,,2010,Lithuania,,,,False
LT,UNK,PED,,,,,2010,Lithuania,,,,False
LT,UNK,UNK,299.0,,,,2010,Lithuania,,,,False
LT,T,TOTAL,296.0,,3052588.0,,2011,Lithuania,96.96690152749078,86.23384992971658,108.66660012891388,True
LT,T,DRIV,,,3052588.0,,2011,Lithuania,,,,False
LT,T,PAS,,,3052588.0,,2011,Lithuania,,,,False
LT,T,PED,,,3052588.0,,2011,Lithuania,,,,False
LT,T,UNK,296.0,,3052588.0,,2011,Lithuania,96.96690152749078,86.23384992971658,108.66660012891388,True
LT,M,TOTAL,,,1407223.0,,2011,Lithuania,,,,False
LT,M,DRIV,,,1407223.0,,2011,Lithuania,,,,False
LT,M,PAS,,,1407223.0,,2011,Lithuania,,,,False
LT,M,PED,,,1407223.0,,2011,Lithuania,,,,False
LT,M,UNK,,,1407223.0,,2011,Lithuania,,,,False
LT,F,TOTAL,,,1645365.0,,2011,Lithuania,,,,False
LT,F,DRIV,,,1645365.0,,2011,Lithuania,,,,False
LT,F,PAS,,,1645365.0,,2011,Lithuania,,,,False
LT,F,PED,,,1645365.0,,2011,Lithuania,,,,False
LT,F,UNK,,,1645365.0,,2011,Lithuania,,,,False
LT,UNK,TOTAL,296.0,,,,2011,Lithuania,,,,False
LT,UNK,DRIV,,,,,2011,Lithuania,,,,False
LT,UNK,PAS,,,,,2011,Lithuania,,,,False
LT,UNK,PED,,,,,2011,Lithuania,,,,False
LT,UNK,UNK,296.0,,,,2011,Lithuania,,,,False
LT,T,TOTAL,302.0,,3003641.0,,2012,Lithuania,100.5446389898127,89.52343947708331,112.54805190051772,True
LT,T,DRIV,,,3003641.0,,2012,Lithuania,,,,False
LT,T,PAS,,,3003641.0,,2012,Lithuania,,,,False
LT,T,PED,,,3003641.0,,2012,Lithuania,,,,False
LT,T,UNK,302.0,,3003641.0,,2012,Lithuania,100.5446389898127,89.52343947708331,112.54805190051772,True
LT,M,TOTAL,,,1383511.0,,2012,Lithuania,,,,False
LT,M,DRIV,,,1383511.0,,2012,Lithuania,,,,False
LT,M,PAS,,,1383511.0,,2012,Lithuania,,,,False
LT,M,PED,,,1383511.0,,2012,Lithuania,,,,False
LT,M,UNK,,,1383511.0,,2012,Lithuania,,,,False
LT,F,TOTAL,,,1620130.0,,2012,Lithuania,,,,False
LT,F,DRIV,,,1620130.0,,2012,Lithuania,,,,False
LT,F,PAS,,,1620130.0,,2012,Lithuania,,,,False
LT,F,PED,,,1620130.0,,2012,Lithuania,,,,False
LT,F,UNK,,,1620130.0,,2012,Lithuania,,,,False
LT,UNK,TOTAL,302.0,,,,2012,Lithuania,,,,False
LT,UNK,DRIV,,,,,2012,Lithuania,,,,False
LT,UNK,PAS,,,,,2012,Lithuania,,,,False
LT,UNK,PED,,,,,2012,Lithuania,,,,False
LT,UNK,UNK,302.0,,,,2012,Lithuania,,,,False
LT,T,TOTAL,256.0,,2974637.0,,2013,Lithuania,86.06092104683698,75.8405822272199,97.27465307865933,True
LT,T,DRIV,105.0,,2974637.0,,2013,Lithuania,35.29842464811673,28.870614236385197,42.73089518782824,True
LT,T,PAS,52.0,,2974637.0,,2013,Lithuania,17.48112458763876,13.055739977839727,22.924169147654954,True
LT,T,PED,96.0,,2974637.0,,2013,Lithuania,32.272845392563866,26.141108382298224,39.410667923288955,True
LT,T,UNK,3.0,,2974637.0,,2013,Lithuania,1.0085264185176208,0.20798239344686476,2.947342169731071,True
LT,M,TOTAL,194.0,,1369412.0,,2013,Lithuania,141.6666423253192,122.43210607488867,163.06554116592136,True
LT,M,DRIV,93.0,,1369412.0,,2013,Lithuania,67.91235946523034,54.81403896215993,83.1972284639923,True
LT,M,PAS,38.0,,1369412.0,,2013,Lithuania,27.749136125577984,19.636940267206764,38.0878573572158,True
LT,M,PED,61.0,,1369412.0,,2013,Lithuania,44.54466588579624,34.07313983007491,57.21948684167809,True
LT,M,UNK,2.0,,1369412.0,,2013,Lithuania,1.4604808487146308,0.17687100634722427,5.275758988327808,True
LT,F,TOTAL,61.0,,1605225.0,,2013,Lithuania,38.00090330016042,29.067679958250427,48.813750044284184,True
LT,F,DRIV,12.0,,1605225.0,,2013,Lithuania,7.4755875344577865,3.862745165769421,13.058346990719032,True
LT,F,PAS,14.0,,1605225.0,,2013,Lithuania,8.72151879020075,4.76813548026015,14.633226570627528,True
LT,F,PED,34.0,,1605225.0,,2013,Lithuania,21.180831347630395,14.668341437849692,29.598088800761943,True
LT,F,UNK,1.0,,1605225.0,,2013,Lithuania,0.6229656278714822,0.01577212414726278,3.4709423233122445,True
LT,UNK,TOTAL,1.0,,,,2013,Lithuania,,,,False
LT,UNK,DRIV,0.0,,,,2013,Lithuania,,,,False
LT,UNK,PAS,0.0,,,,2013,Lithuania,,,,False
LT,UNK,PED,1.0,,,,2013,Lithuania,,,,False
LT,UNK,UNK,0.0,,,,2013,Lithuania,,,,False
LT,T,TOTAL,267.0,,2947862.0,,2014,Lithuania,90.57411778434675,80.03472962347529,102.11549773546551,True
LT,T,DRIV,97.0,,2947862.0,,2014,Lithuania,32.90520383925706,26.68390364753585,40.1415581639893,True
LT,T,PAS,61.0,,2947862.0,,2014,Lithuania,20.69296323912042,15.828477235699141,26.580976963927103,True
LT,T,PED,109.0,,2947862.0,,2014,Lithuania,36.975950705969275,30.361103045420652,44.6040016722069,True
LT,T,UNK,0.0,,2947862.0,,2014,Lithuania,0.0,0.0,1.2513745399594471,True
LT,M,TOTAL,192.0,,1356415.0,,2014,Lithuania,141.54959949572955,122.23481550855581,163.04974812499904,True
LT,M,DRIV,86.0,,1356415.0,,2014,Lithuania,63.40242477412886,50.71375592585602,78.30147881138677,True
LT,M,PAS,41.0,,1356415.0,,2014,Lithuania,30.226737392317247,21.6912286198953,41.00598236213468,True
LT,M,PED,65.0,,1356415.0,,2014,Lithuania,47.920437329283445,36.98398184127591,61.07853113971136,True
LT,M,UNK,0.0,,1356415.0,,2014,Lithuania,0.0,0.0,2.719580256863818,True
LT,F,TOTAL,75.0,,1591447.0,,2014,Lithuania,47.12692285699744,37.06831437141888,59.07400588824684,True
LT,F,DRIV,11.0,,1591447.0,,2014,Lithuania,6.911948685692957,3.4504198802956294,12.367385475797782,True
LT,F,PAS,20.0,,1591447.0,,2014,Lithuania,12.56717942853265,7.6763596810977335,19.408989367961734,True
LT,F,PED,44.0,,1591447.0,,2014,Lithuania,27.64779474277183,20.088929985192305,37.11587396897775,True
LT,F,UNK,0.0,,1591447.0,,2014,Lithuania,0.0,0.0,2.31794049950387,True
LT,UNK,TOTAL,0.0,,,,2014,Lithuania,,,,False
LT,UNK,DRIV,0.0,,,,2014,Lithuania,,,,False
LT,UNK,PAS,0.0,,,,2014,Lithuania,,,,False
LT,UNK,PED,0.0,,,,2014,Lithuania,,,,False
LT,UNK,UNK,0.0,,,,2014,Lithuania,,,,False
LT,T,TOTAL,242.0,,2926644.0,,2015,Lithuania,82.68856751965733,72.5978396916362,93.78956403720207,True
LT,T,DRIV,103.0,,2926644.0,,2015,Lithuania,35.19389444018473,28.726397315429683,42.68283243436207,True
LT,T,PAS,56.0,,2926644.0,,2015,Lithuania,19.134544550003348,14.454029319121222,24.847797684851642,True
LT,T,PED,81.0,,2926644.0,,2015,Lithuania,27.6767519383977,21.979336056638715,34.39967559434254,True
LT,T,UNK,2.0,,2926644.0,,2015,Lithuania,0.6833765910715481,0.08276007554863696,2.468591214962927,True
LT,M,TOTAL,165.0,,1346390.0,,2015,Lithuania,122.54992981231293,104.56399483898412,142.74153893799684,True
LT,M,DRIV,85.0,,1346390.0,,2015,Lithuania,63.13178202452484,50.4274251923993,78.0634261387109,True
LT,M,PAS,35.0,,1346390.0,,2015,Lithuania,25.995439657157288,18.106776195990587,36.15336371265612,True
LT,M,PED,45.0,,1346390.0,,2015,Lithuania,33.422708130630795,24.378752655793985,44.722213100928265,True
LT,M,UNK,0.0,,1346390.0,,2015,Lithuania,0.0,0.0,2.739829807198461,True
LT,F,TOTAL,74.0,,1580254.0,,2015,Lithuania,46.82791500606864,36.76998523233669,58.788159056643195,True
LT,F,DRIV,17.0,,1580254.0,,2015,Lithuania,10.757764258150905,6.2667941163935,17.22422269831724,True
LT,F,PAS,21.0,,1580254.0,,2015,Lithuania,13.289002907127589,8.226102249433437,20.31365257417061,True
LT,F,PED,35.0,,1580254.0,,2015,Lithuania,22.14833817854598,15.42712905806267,30.8029768436486,True
LT,F,UNK,1.0,,1580254.0,,2015,Lithuania,0.6328096622441709,0.016021353519301264,3.5257897723650107,True
LT,UNK,TOTAL,3.0,,,,2015,Lithuania,,,,False
LT,UNK,DRIV,1.0,,,,2015,Lithuania,,,,False
LT,UNK,PAS,0.0,,,,2015,Lithuania,,,,False
LT,UNK,PED,1.0,,,,2015,Lithuania,,,,False
LT,UNK,UNK,1.0,,,,2015,Lithuania,,,,False
LT,T,TOTAL,188.0,,2895573.0,,2016,Lithuania,64.92670017298822,55.97705394366784,74.90032086864815,True
LT,T,DRIV,88.0,,2895573.0,,2016,Lithuania,30.391221357568952,24.374648220264802,37.442834714391346,True
LT,T,PAS,28.0,,2895573.0,,2016,Lithuania,9.669934068317394,6.425600962523664,13.975747095054484,True
LT,T,PED,72.0,,2895573.0,,2016,Lithuania,24.86554474710187,19.455757354481598,31.314038376741994,True
LT,T,UNK,0.0,,2895573.0,,2016,Lithuania,0.0,0.0,1.273972182401872,True
LT,M,TOTAL,138.0,,1331734.0,,2016,Lithuania,103.62429734466492,87.05710876051,122.42664961900435,True
LT,M,DRIV,71.0,,1331734.0,,2016,Lithuania,53.31395008312471,41.63863733635924,67.24829365856893,True
LT,M,PAS,13.0,,1331734.0,,2016,Lithuania,9.761709170149594,5.197699008213203,16.692819976180584,True
LT,M,PED,54.0,,1331734.0,,2016,Lithuania,40.54863809139062,30.46138491060884,52.9071769540394,True
LT,M,UNK,0.0,,1331734.0,,2016,Lithuania,0.0,0.0,2.769982184215418,True
LT,F,TOTAL,49.0,,1563839.0,,2016,Lithuania,31.333148744851613,23.180435932873614,41.42408431617212,True
LT,F,DRIV,16.0,,1563839.0,,2016,Lithuania,10.231232243216853,5.84803323976543,16.61488017472447,True
LT,F,PAS,15.0,,1563839.0,,2016,Lithuania,9.5917802280158,5.368446580999267,15.820182813886753,True
LT,F,PED,18.0,,1563839.0,,2016,Lithuania,11.51013627361896,6.821636230071974,18.190977631027224,True
LT,F,UNK,0.0,,1563839.0,,2016,Lithuania,0.0,0.0,2.3588614007669175,True
LT,UNK,TOTAL,1.0,,,,2016,Lithuania,,,,False
LT,UNK,DRIV,1.0,,,,2016,Lithuania,,,,False
LT,UNK,PAS,0.0,,,,2016,Lithuania,,,,False
LT,UNK,PED,0.0,,,,2016,Lithuania,,,,False
LT,UNK,UNK,0.0,,,,2016,Lithuania,,,,False
LT,T,TOTAL,191.0,,2859077.0,,2017,Lithuania,66.80477650654389,57.66615736295035,76.98024848850639,True
LT,T,DRIV,86.0,,2859077.0,,2017,Lithuania,30.0796375893339,24.05982743527719,37.148107722159004,True
LT,T,PAS,34.0,,2859077.0,,2017,Lithuania,11.89194974462038,8.2355208987279,16.617807808325235,True
LT,T,PED,69.0,,2859077.0,,2017,Lithuania,24.13366271702371,18.7774301135803,30.54269475605074,True
LT,T,UNK,2.0,,2859077.0,,2017,Lithuania,0.6995264555659046,0.0847158990625174,2.526930078386822,True
LT,M,TOTAL,135.0,,1314678.0,,2017,Lithuania,102.68674154431731,86.09614037616997,121.54218636395605,True
LT,M,DRIV,73.0,,1314678.0,,2017,Lithuania,55.52690468692714,43.52422944819884,69.81674614086607,True
LT,M,PAS,17.0,,1314678.0,,2017,Lithuania,12.930923009284403,7.532739172335198,20.70366037608191,True
LT,M,PED,43.0,,1314678.0,,2017,Lithuania,32.70762878818996,23.670673132103214,44.05696133226815,True
LT,M,UNK,2.0,,1314678.0,,2017,Lithuania,1.521285059915812,0.18423467841096078,5.495404705733237,True
LT,F,TOTAL,53.0,,1544399.0,,2017,Lithuania,34.317556538174394,25.70620476467381,44.88820889498391,True
LT,F,DRIV,13.0,,1544399.0,,2017,Lithuania,8.417513867854097,4.481971621973209,14.394205071460727,True
LT,F,PAS,17.0,,1544399.0,,2017,Lithuania,11.007518134886126,6.412284953310183,17.624102849008978,True
LT,F,PED,23.0,,1544399.0,,2017,Lithuania,14.892524535434172,9.440583059847024,22.346098964602437,True
LT,F,UNK,0.0,,1544399.0,,2017,Lithuania,0.0,0.0,2.38855338168047,True
LT,UNK,TOTAL,3.0,,,,2017,Lithuania,,,,False
LT,UNK,DRIV,0.0,,,,2017,Lithuania,,,,False
LT,UNK,PAS,0.0,,,,2017,Lithuania,,,,False
LT,UNK,PED,3.0,,,,2017,Lithuania,,,,False
LT,UNK,UNK,0.0,,,,2017,Lithuania,,,,False
LT,T,TOTAL,173.0,,2826200.0,,2018,Lithuania,61.2129360979407,52.431008428409925,71.04502158634828,True
LT,T,DRIV,70.0,,2826200.0,,2018,Lithuania,24.768240039629184,19.308058208175463,31.293181244087098,True
LT,T,PAS,31.0,,2826200.0,,2018,Lithuania,10.968792017550067,7.452762005216139,15.569324712776432,True
LT,T,PED,71.0,,2826200.0,,2018,Lithuania,25.122072040195317,19.620546689724375,31.688075545644548,True
LT,T,UNK,1.0,,2826200.0,,2018,Lithuania,0.3538320005661312,0.008958250649030464,1.971425727456973,True
LT,M,TOTAL,121.0,,1300044.0,,2018,Lithuania,93.07377288768687,77.23014879707254,111.21128196540592,True
LT,M,DRIV,61.0,,1300044.0,,2018,Lithuania,46.92148881114793,35.891221036351496,60.27261532289375,True
LT,M,PAS,17.0,,1300044.0,,2018,Lithuania,13.076480488352702,7.6175317678534675,20.936712000445073,True
LT,M,PED,42.0,,1300044.0,,2018,Lithuania,32.30659885357726,23.283754805589425,43.66913641268345,True
LT,M,UNK,1.0,,1300044.0,,2018,Lithuania,0.7692047346089824,0.01947457777143689,4.285734475863046,True
LT,F,TOTAL,51.0,,1526156.0,,2018,Lithuania,33.41729154817725,24.881368509045448,43.93756691753909,True
LT,F,DRIV,8.0,,1526156.0,,2018,Lithuania,5.241928085988588,2.2630924864486346,10.328688037260486,True
LT,F,PAS,14.0,,1526156.0,,2018,Lithuania,9.17337415048003,5.015169010442314,15.391363085972584,True
LT,F,PED,29.0,,1526156.0,,2018,Lithuania,19.001989311708634,12.725930466838212,27.290026339762516,True
LT,F,UNK,0.0,,1526156.0,,2018,Lithuania,0.0,0.0,2.4171051020432612,True
LT,UNK,TOTAL,1.0,,,,2018,Lithuania,,,,False
LT,UNK,DRIV,1.0,,,,2018,Lithuania,,,,False
LT,UNK,PAS,0.0,,,,2018,Lithuania,,,,False
LT,UNK,PED,0.0,,,,2018,Lithuania,,,,False
LT,UNK,UNK,0.0,,,,2018,Lithuania,,,,False
LT,T,TOTAL,186.0,,2812200.0,,2019,Lithuania,66.1403883080862,56.97640154095401,76.35884036054152,True
LT,T,DRIV,87.0,,2812200.0,,2019,Lithuania,30.936633240879026,24.778975014515222,38.16022280866362,True
LT,T,PAS,37.0,,2812200.0,,2019,Lithuania,13.15695896451177,9.263713308835086,18.13513482040069,True
LT,T,PED,59.0,,2812200.0,,2019,Lithuania,20.980015646113362,15.970959970376732,27.06269161602154,True
LT,T,UNK,3.0,,2812200.0,,2019,Lithuania,1.0667804565820354,0.21999577657904895,3.1175851894397,True
LT,M,TOTAL,138.0,,1295184.0,,2019,Lithuania,106.54856761664752,89.51385415359441,125.88152092962478,True
LT,M,DRIV,77.0,,1295184.0,,2019,Lithuania,59.45101236581057,46.917809249069265,74.30356497619096,True
LT,M,PAS,21.0,,1295184.0,,2019,Lithuania,16.213912463402885,10.036667364695816,24.784687530839946,True
LT,M,PED,37.0,,1295184.0,,2019,Lithuania,28.567369578376507,20.114064539946472,39.37635590150189,True
LT,M,UNK,3.0,,1295184.0,,2019,Lithuania,2.3162732090575546,0.4776712211512815,6.76913324264531,True
LT,F,TOTAL,48.0,,1517016.0,,2019,Lithuania,31.641063772564035,23.3296226430593,41.951460091473834,True
LT,F,DRIV,10.0,,1517016.0,,2019,Lithuania,6.591888285950841,3.1610666572616464,12.122717256784224,True
LT,F,PAS,16.0,,1517016.0,,2019,Lithuania,10.547021257521344,6.028533946669996,17.127701749725077,True
LT,F,PED,22.0,,1517016.0,,2019,Lithuania,14.502154229091849,9.088422846054103,21.956435783884437,True
LT,F,UNK,0.0,,1517016.0,,2019,Lithuania,0.0,0.0,2.4316681261858384,True
LT,UNK,TOTAL,0.0,,,,2019,Lithuania,,,,False
LT,UNK,DRIV,0.0,,,,2019,Lithuania,,,,False
LT,UNK,PAS,0.0,,,,2019,Lithuania,,,,False
LT,UNK,PED,0.0,,,,2019,Lithuania,,,,False
LT,UNK,UNK,0.0,,,,2019,Lithuania,,,,False
LT,T,TOTAL,175.0,,2809977.0,,2020,Lithuania,62.278089820664015,53.39255829297613,72.21969377493922,True
LT,T,DRIV,86.0,,2809977.0,,2020,Lithuania,30.60523271186917,24.480235690245863,37.797213422724525,True
LT,T,PAS,35.0,,2809977.0,,2020,Lithuania,12.455617964132802,8.675794286757425,17.322749392284376,True
LT,T,PED,52.0,,2809977.0,,2020,Lithuania,18.505489546711594,13.82078472544837,24.267487506436133,True
LT,T,UNK,2.0,,2809977.0,,2020,Lithuania,0.7117495979504459,0.08619617831176735,2.5710842714100366,True
LT,M,TOTAL,117.0,,1299477.0,,2020,Lithuania,90.03622226480346,74.46240890695232,107.90604928186994,True
LT,M,DRIV,70.0,,1299477.0,,2020,Lithuania,53.86782528663455,41.99261249560053,68.05875658594877,True
LT,M,PAS,15.0,,1299477.0,,2020,Lithuania,11.543105418564545,6.460588477351513,19.038596967461405,True
LT,M,PED,30.0,,1299477.0,,2020,Lithuania,23.08621083712909,15.576169506209741,32.95700146659591,True
LT,M,UNK,2.0,,1299477.0,,2020,Lithuania,1.5390807224752727,0.1863898157058302,5.559688757649393,True
LT,F,TOTAL,57.0,,1510500.0,,2020,Lithuania,37.735849056603776,28.580763563670796,48.891169416062766,True
LT,F,DRIV,16.0,,1510500.0,,2020,Lithuania,10.592519033432637,6.054539856763674,17.201587287362422,True
LT,F,PAS,20.0,,1510500.0,,2020,Lithuania,13.240648791790798,8.087732264418369,20.4491081778713,True
LT,F,PED,21.0,,1510500.0,,2020,Lithuania,13.902681231380338,8.605978804419852,21.251725081061505,True
LT,F,UNK,0.0,,1510500.0,,2020,Lithuania,0.0,0.0,2.442157864358779,True
LT,UNK,TOTAL,1.0,,,,2020,Lithuania,,,,False
LT,UNK,DRIV,0.0,,,,2020,Lithuania,,,,False
LT,UNK,PAS,0.0,,,,2020,Lithuania,,,,False
LT,UNK,PED,1.0,,,,2020,Lithuania,,,,False
LT,UNK,UNK,0.0,,,,2020,Lithuania,,,,False
LT,T,TOTAL,148.0,,2810761.0,,2021,Lithuania,52.65477925729011,44.513502469325594,61.854079911555644,True
LT,T,DRIV,83.0,,2810761.0,,2021,Lithuania,29.52936944834513,23.519977934019686,36.60609628398362,True
LT,T,PAS,37.0,,2810761.0,,2021,Lithuania,13.163694814322527,9.268455968723783,18.144419302078983,True
LT,T,PED,28.0,,2810761.0,,2021,Lithuania,9.961714994622453,6.619487269055439,14.397451773120586,True
LT,T,UNK,0.0,,2810761.0,,2021,Lithuania,0.0,0.0,1.3124130632643385,True
LT,M,TOTAL,112.0,,1304965.0,,2021,Lithuania,85.82605663753434,70.66890953593268,103.27104810637479,True
LT,M,DRIV,75.0,,1304965.0,,2021,Lithuania,57.472805784063176,45.20600759518566,72.04265972561161,True
LT,M,PAS,20.0,,1304965.0,,2021,Lithuania,15.326081542416846,9.361568766521666,23.669889922468876,True
LT,M,PED,17.0,,1304965.0,,2021,Lithuania,13.027169311054319,7.588806189903402,20.85776002874147,True
LT,M,UNK,0.0,,1304965.0,,2021,Lithuania,0.0,0.0,2.826803365694816,True
LT,F,TOTAL,36.0,,1505796.0,,2021,Lithuania,23.907620952639004,16.744603795809812,33.098224785585955,True
LT,F,DRIV,8.0,,1505796.0,,2021,Lithuania,5.312804656142001,2.293691958770313,10.468343135586304,True
LT,F,PAS,17.0,,1505796.0,,2021,Lithuania,11.289709894301751,6.57667205226159,18.075919192179164,True
LT,F,PED,11.0,,1505796.0,,2021,Lithuania,7.305106402195251,3.6466827958347867,13.0708532319796,True
LT,F,UNK,0.0,,1505796.0,,2021,Lithuania,0.0,0.0,2.449786992470385,True
LT,UNK,TOTAL,0.0,,,,2021,Lithuania,,,,False
LT,UNK,DRIV,0.0,,,,2021,Lithuania,,,,False
LT,UNK,PAS,0.0,,,,2021,Lithuania,,,,False
LT,UNK,PED,0.0,,,,2021,Lithuania,,,,False
LT,UNK,UNK,0.0,,,,2021,Lithuania,,,,False
LT,T,TOTAL,120.0,,2805998.0,,2022,Lithuania,42.7655329761461,35.4568768851363,51.1370946698295,True
LT,T,DRIV,57.0,,2805998.0,,2022,Lithuania,20.313628163669396,15.38534359715322,26.318661454128907,True
LT,T,PAS,32.0,,2805998.0,,2022,Lithuania,11.404142126972292,7.800424772677872,16.099246000681564,True
LT,T,PED,31.0,,2805998.0,,2022,Lithuania,11.04776268550441,7.506418742686863,15.681417272303385,True
LT,T,UNK,0.0,,2805998.0,,2022,Lithuania,0.0,0.0,1.3146407994994778,True
LT,M,TOTAL,87.0,,1306599.0,,2022,Lithuania,66.5850808090317,53.33192014980855,82.13245118243915,True
LT,M,DRIV,54.0,,1306599.0,,2022,Lithuania,41.32867084698519,31.047369523889696,53.92495049644972,True
LT,M,PAS,17.0,,1306599.0,,2022,Lithuania,13.010877859236079,7.579315818860487,20.831675836202702,True
LT,M,PED,16.0,,1306599.0,,2022,Lithuania,12.245532102810426,6.999379651784158,19.885976950511164,True
LT,M,UNK,0.0,,1306599.0,,2022,Lithuania,0.0,0.0,2.823268236171875,True
LT,F,TOTAL,31.0,,1499399.0,,2022,Lithuania,20.67495043013901,14.047625734805647,29.34644180985098,True
LT,F,DRIV,2.0,,1499399.0,,2022,Lithuania,1.3338677696863876,0.16153757508439387,4.818389013013855,True
LT,F,PAS,15.0,,1499399.0,,2022,Lithuania,10.004008272647907,5.599167488295852,16.50009028383095,True
LT,F,PED,14.0,,1499399.0,,2022,Lithuania,9.337074387804714,5.104665453492099,15.666024268280541,True
LT,F,UNK,0.0,,1499399.0,,2022,Lithuania,0.0,0.0,2.4602387050504473,True
LT,UNK,TOTAL,2.0,,,,2022,Lithuania,,,,False
LT,UNK,DRIV,1.0,,,,2022,Lithuania,,,,False
LT,UNK,PAS,0.0,,,,2022,Lithuania,,,,False
LT,UNK,PED,1.0,,,,2022,Lithuania,,,,False
LT,UNK,UNK,0.0,,,,2022,Lithuania,,,,False
LT,T,TOTAL,159.0,,2857279.0,,2023,Lithuania,55.647348403848554,47.33389299142962,65.00063519945076,True
LT,T,DRIV,97.0,,2857279.0,,2023,Lithuania,33.94838235958056,27.529851153573848,41.414147492216834,True
LT,T,PAS,23.0,,2857279.0,,2023,Lithuania,8.049616435776835,5.102766316150674,12.078376978528535,True
LT,T,PED,34.0,,2857279.0,,2023,Lithuania,11.89943299201793,8.240703265089714,16.628264896498763,True
LT,T,UNK,5.0,,2857279.0,,2023,Lithuania,1.7499166164732252,0.5681931621372716,4.083721638426863,True
LT,M,TOTAL,123.0,,1335816.0,,2023,Lithuania,92.07854974038341,76.52627718992237,109.86275041857498,True
LT,M,DRIV,86.0,,1335816.0,,2023,Lithuania,64.38012420872336,51.495789273500236,79.50892965943453,True
LT,M,PAS,11.0,,1335816.0,,2023,Lithuania,8.234667049952987,4.11071612200845,14.734094001944843,True
LT,M,PED,21.0,,1335816.0,,2023,Lithuania,15.720728004455703,9.731378411455012,24.03080269658651,True
LT,M,UNK,5.0,,1335816.0,,2023,Lithuania,3.743030477251358,1.2153518075232075,8.734984518318893,True
LT,F,TOTAL,36.0,,1521463.0,,2023,Lithuania,23.66143639378677,16.57217915737368,32.757401585997286,True
LT,F,DRIV,11.0,,1521463.0,,2023,Lithuania,7.229883342545957,3.609131715484924,12.936258399515436,True
LT,F,PAS,12.0,,1521463.0,,2023,Lithuania,7.88714546459559,4.075403153886897,13.777255870288636,True
LT,F,PED,13.0,,1521463.0,,2023,Lithuania,8.544407586645223,4.549537182963898,14.61119719517259,True
LT,F,UNK,0.0,,1521463.0,,2023,Lithuania,0.0,0.0,2.4245607379962153,True
LT,UNK,TOTAL,0.0,,,,2023,Lithuania,,,,False
LT,UNK,DRIV,0.0,,,,2023,Lithuania,,,,False
LT,UNK,PAS,0.0,,,,2023,Lithuania,,,,False
LT,UNK,PED,0.0,,,,2023,Lithuania,,,,False
LT,UNK,UNK,0.0,,,,2023,Lithuania,,,,False
LT,T,TOTAL,124.0,,2885891.0,,2024,Lithuania,42.967665791951255,35.738281352645544,51.230040943817045,True
LT,T,DRIV,72.0,,2885891.0,,2024,Lithuania,24.948967234036214,19.52103031271394,31.419095192665957,True
LT,T,PAS,17.0,,2885891.0,,2024,Lithuania,5.890728374702995,3.431566358399293,9.431626771734141,True
LT,T,PED,35.0,,2885891.0,,2024,Lithuania,12.127970183212048,8.447575602307838,16.867070644415563,True
LT,T,UNK,0.0,,2885891.0,,2024,Lithuania,0.0,0.0,1.2782462865416384,True
LT,M,TOTAL,100.0,,1365905.0,,2024,Lithuania,73.21153374502619,59.567825910969766,89.04484118033565,True
LT,M,DRIV,63.0,,1365905.0,,2024,Lithuania,46.1232662593665,35.44238420350408,59.01169355620669,True
LT,M,PAS,13.0,,1365905.0,,2024,Lithuania,9.517499386853405,5.067667583765929,16.275213809275808,True
LT,M,PED,24.0,,1365905.0,,2024,Lithuania,17.570768098806287,11.257922662766783,26.14391015023242,True
LT,M,UNK,0.0,,1365905.0,,2024,Lithuania,0.0,0.0,2.700685226361962,True
LT,F,TOTAL,23.0,,1519986.0,,2024,Lithuania,15.131718318458196,9.592211400002817,22.70500708219223,True
LT,F,DRIV,9.0,,1519986.0,,2024,Lithuania,5.9211071680923375,2.7075072384734686,11.24010579796075,True
LT,F,PAS,4.0,,1519986.0,,2024,Lithuania,2.631603185818817,0.717023297337163,6.737949346509569,True
LT,F,PED,10.0,,1519986.0,,2024,Lithuania,6.579007964547042,3.1548900424954134,12.099029887129076,True
LT,F,UNK,0.0,,1519986.0,,2024,Lithuania,0.0,0.0,2.4269167308869526,True
LT,UNK,TOTAL,1.0,,,,2024,Lithuania,,,,False
LT,UNK,DRIV,0.0,,,,2024,Lithuania,,,,False
LT,UNK,PAS,0.0,,,,2024,Lithuania,,,,False
LT,UNK,PED,1.0,,,,2024,Lithuania,,,,False
LT,UNK,UNK,0.0,,,,2024,Lithuania,,,,False
LU,T,TOTAL,32.0,,502066.0,,2010,Luxembourg,63.736640202682516,43.59581471616195,89.97711870435455,True
LU,T,DRIV,25.0,,502066.0,,2010,Luxembourg,49.79425015834572,32.224213246524016,73.50613604093957,True
LU,T,PAS,6.0,,502066.0,,2010,Luxembourg,11.950620038002972,4.385666931221894,26.011468656548512,True
LU,T,PED,1.0,,502066.0,,2010,Luxembourg,1.9917700063338286,0.05042725056922775,11.097432192060202,True
LU,T,UNK,0.0,,502066.0,,2010,Luxembourg,0.0,0.0,7.347399453685243,True
LU,M,TOTAL,24.0,,249406.0,,2010,Luxembourg,96.22863924685052,61.65550489838441,143.18058745079594,True
LU,M,DRIV,21.0,,249406.0,,2010,Luxembourg,84.2000593409942,52.12116382154474,128.70873489388148,True
LU,M,PAS,2.0,,249406.0,,2010,Luxembourg,8.019053270570877,0.9711445536352977,28.96757763535745,True
LU,M,PED,1.0,,249406.0,,2010,Luxembourg,4.009526635285439,0.10151242546005268,22.339652578281587,True
LU,M,UNK,0.0,,249406.0,,2010,Luxembourg,0.0,0.0,14.790660425627031,True
LU,F,TOTAL,8.0,,252660.0,,2010,Luxembourg,31.663104567402833,13.669881171331046,62.388938574342255,True
LU,F,DRIV,4.0,,252660.0,,2010,Luxembourg,15.831552283701416,4.313565161190236,40.53506164570448,True
LU,F,PAS,4.0,,252660.0,,2010,Luxembourg,15.831552283701416,4.313565161190236,40.53506164570448,True
LU,F,PED,0.0,,252660.0,,2010,Luxembourg,0.0,0.0,14.600171986519179,True
LU,F,UNK,0.0,,252660.0,,2010,Luxembourg,0.0,0.0,14.600171986519179,True
LU,UNK,TOTAL,0.0,,,,2010,Luxembourg,,,,False
LU,UNK,DRIV,0.0,,,,2010,Luxembourg,,,,False
LU,UNK,PAS,0.0,,,,2010,Luxembourg,,,,False
LU,UNK,PED,0.0,,,,2010,Luxembourg,,,,False
LU,UNK,UNK,0.0,,,,2010,Luxembourg,,,,False
LU,T,TOTAL,33.0,,511840.0,,2011,Luxembourg,64.47327289778056,44.38043445750594,90.54444605573869,True
LU,T,DRIV,22.0,,511840.0,,2011,Luxembourg,42.9821819318537,26.93670458000471,65.07553998735003,True
LU,T,PAS,5.0,,511840.0,,2011,Luxembourg,9.768677711784933,3.1718630629071995,22.7968351033969,True
LU,T,PED,6.0,,511840.0,,2011,Luxembourg,11.72241325414192,4.301919063556681,25.51475856228252,True
LU,T,UNK,0.0,,511840.0,,2011,Luxembourg,0.0,0.0,7.207094900972835,True
LU,M,TOTAL,22.0,,254619.0,,2011,Luxembourg,86.40360695784682,54.14868046858094,130.81609929787342,True
LU,M,DRIV,18.0,,254619.0,,2011,Luxembourg,70.69386023823832,41.89766191996483,111.72677713575177,True
LU,M,PAS,1.0,,254619.0,,2011,Luxembourg,3.927436679902128,0.09943408773221911,21.8822766209077,True
LU,M,PED,3.0,,254619.0,,2011,Luxembourg,11.782310039706385,2.4297955882931026,34.43290983682413,True
LU,M,UNK,0.0,,254619.0,,2011,Luxembourg,0.0,0.0,14.487840475824411,True
LU,F,TOTAL,11.0,,257221.0,,2011,Luxembourg,42.76478203568138,21.34802511162323,76.51800791265859,True
LU,F,DRIV,4.0,,257221.0,,2011,Luxembourg,15.550829831156864,4.2370777410332945,39.816300672976524,True
LU,F,PAS,4.0,,257221.0,,2011,Luxembourg,15.550829831156864,4.2370777410332945,39.816300672976524,True
LU,F,PED,3.0,,257221.0,,2011,Luxembourg,11.66312237336765,2.405216226107516,34.08459289771179,True
LU,F,UNK,0.0,,257221.0,,2011,Luxembourg,0.0,0.0,14.34128416464416,True
LU,UNK,TOTAL,0.0,,,,2011,Luxembourg,,,,False
LU,UNK,DRIV,0.0,,,,2011,Luxembourg,,,,False
LU,UNK,PAS,0.0,,,,2011,Luxembourg,,,,False
LU,UNK,PED,0.0,,,,2011,Luxembourg,,,,False
LU,UNK,UNK,0.0,,,,2011,Luxembourg,,,,False
LU,T,TOTAL,34.0,,524853.0,b,2012,Luxembourg,64.78004317399348,44.86206306255708,90.52361727036539,True
LU,T,DRIV,21.0,,524853.0,b,2012,Luxembourg,40.01120313687833,24.76756536416137,61.16137420371686,True
LU,T,PAS,7.0,,524853.0,b,2012,Luxembourg,13.337067712292775,5.362192940727913,27.47945684163447,True
LU,T,PED,6.0,,524853.0,b,2012,Luxembourg,11.43177232482238,4.195258964873691,24.882155617894316,True
LU,T,UNK,0.0,,524853.0,b,2012,Luxembourg,0.0,0.0,7.028405008857596,True
LU,M,TOTAL,26.0,,261820.0,b,2012,Luxembourg,99.30486593843098,64.86923541210123,145.50463709084482,True
LU,M,DRIV,20.0,,261820.0,b,2012,Luxembourg,76.38835841417767,46.659993833182895,117.97562410310364,True
LU,M,PAS,2.0,,261820.0,b,2012,Luxembourg,7.638835841417768,0.92509845903279,27.594101549629364,True
LU,M,PED,4.0,,261820.0,b,2012,Luxembourg,15.277671682835535,4.16265133918847,39.11690732336603,True
LU,M,UNK,0.0,,261820.0,b,2012,Luxembourg,0.0,0.0,14.08937229437757,True
LU,F,TOTAL,8.0,,263033.0,b,2012,Luxembourg,30.41443469070421,13.13079414654626,59.928561131847765,True
LU,F,DRIV,1.0,,263033.0,b,2012,Luxembourg,3.801804336338026,0.09625335218124684,21.182298004200604,True
LU,F,PAS,5.0,,263033.0,b,2012,Luxembourg,19.00902168169013,6.172177597937981,44.360715497001024,True
LU,F,PED,2.0,,263033.0,b,2012,Luxembourg,7.603608672676052,0.9208322854697513,27.466848903840813,True
LU,F,UNK,0.0,,263033.0,b,2012,Luxembourg,0.0,0.0,14.02439790487861,True
LU,UNK,TOTAL,0.0,,,,2012,Luxembourg,,,,False
LU,UNK,DRIV,0.0,,,,2012,Luxembourg,,,,False
LU,UNK,PAS,0.0,,,,2012,Luxembourg,,,,False
LU,UNK,PED,0.0,,,,2012,Luxembourg,,,,False
LU,UNK,UNK,0.0,,,,2012,Luxembourg,,,,False
LU,T,TOTAL,45.0,,537039.0,,2013,Luxembourg,83.79279717115517,61.119041239527235,112.12135524041794,True
LU,T,DRIV,35.0,,537039.0,,2013,Luxembourg,65.17217557756513,45.394808202979235,90.63871966297248,True
LU,T,PAS,5.0,,537039.0,,2013,Luxembourg,9.310310796795019,3.023032573273861,21.727159627741504,True
LU,T,PED,5.0,,537039.0,,2013,Luxembourg,9.310310796795019,3.023032573273861,21.727159627741504,True
LU,T,UNK,0.0,,537039.0,,2013,Luxembourg,0.0,0.0,6.8689228419424575,True
LU,M,TOTAL,34.0,,268412.0,,2013,Luxembourg,126.67093870616813,87.72330739524415,177.0099402977627,True
LU,M,DRIV,28.0,,268412.0,,2013,Luxembourg,104.31724364037376,69.31805081686934,150.76746175010132,True
LU,M,PAS,4.0,,268412.0,,2013,Luxembourg,14.90246337719625,4.060419704135154,38.15622503987785,True
LU,M,PED,2.0,,268412.0,,2013,Luxembourg,7.451231688598125,0.9023787257796413,26.916410844984426,True
LU,M,UNK,0.0,,268412.0,,2013,Luxembourg,0.0,0.0,13.743347741956155,True
LU,F,TOTAL,11.0,,268627.0,,2013,Luxembourg,40.94897385594151,20.441580210614863,73.26902550116688,True
LU,F,DRIV,7.0,,268627.0,,2013,Luxembourg,26.058437908326415,10.476843547074074,53.69034148355294,True
LU,F,PAS,1.0,,268627.0,,2013,Luxembourg,3.7226339869037735,0.09424893247622129,20.741189050016928,True
LU,F,PED,3.0,,268627.0,,2013,Luxembourg,11.16790196071132,2.3030898714410744,32.63734870188895,True
LU,F,UNK,0.0,,268627.0,,2013,Luxembourg,0.0,0.0,13.732348029475576,True
LU,UNK,TOTAL,0.0,,,,2013,Luxembourg,,,,False
LU,UNK,DRIV,0.0,,,,2013,Luxembourg,,,,False
LU,UNK,PAS,0.0,,,,2013,Luxembourg,,,,False
LU,UNK,PED,0.0,,,,2013,Luxembourg,,,,False
LU,UNK,UNK,0.0,,,,2013,Luxembourg,,,,False
LU,T,TOTAL,35.0,,549680.0,,2014,Luxembourg,63.67340998399069,44.350863052175384,88.55429953624487,True
LU,T,DRIV,27.0,,549680.0,,2014,Luxembourg,49.11948770193567,32.370051906135885,71.4662757334488,True
LU,T,PAS,5.0,,549680.0,,2014,Luxembourg,9.096201426284384,2.9535118434696934,21.22749978045894,True
LU,T,PED,3.0,,549680.0,,2014,Luxembourg,5.4577208557706305,1.1255132493370714,15.949776360322959,True
LU,T,UNK,0.0,,549680.0,,2014,Luxembourg,0.0,0.0,6.710958110380468,True
LU,M,TOTAL,29.0,,275117.0,,2014,Luxembourg,105.409698419218,70.59452937313193,151.38591013491205,True
LU,M,DRIV,24.0,,275117.0,,2014,Luxembourg,87.23561248487007,55.89350296305376,129.79967647856444,True
LU,M,PAS,2.0,,275117.0,,2014,Luxembourg,7.269634373739173,0.8803864484708872,26.2604189044078,True
LU,M,PED,3.0,,275117.0,,2014,Luxembourg,10.90445156060876,2.248760065338025,31.867434835878278,True
LU,M,UNK,0.0,,275117.0,,2014,Luxembourg,0.0,0.0,13.408402440103432,True
LU,F,TOTAL,6.0,,274563.0,,2014,Luxembourg,21.852908075742178,8.019632119006754,47.564580888607296,True
LU,F,DRIV,3.0,,274563.0,,2014,Luxembourg,10.926454037871089,2.2532975051103077,31.931735411334827,True
LU,F,PAS,3.0,,274563.0,,2014,Luxembourg,10.926454037871089,2.2532975051103077,31.931735411334827,True
LU,F,PED,0.0,,274563.0,,2014,Luxembourg,0.0,0.0,13.435457268874304,True
LU,F,UNK,0.0,,274563.0,,2014,Luxembourg,0.0,0.0,13.435457268874304,True
LU,UNK,TOTAL,0.0,,,,2014,Luxembourg,,,,False
LU,UNK,DRIV,0.0,,,,2014,Luxembourg,,,,False
LU,UNK,PAS,0.0,,,,2014,Luxembourg,,,,False
LU,UNK,PED,0.0,,,,2014,Luxembourg,,,,False
LU,UNK,UNK,0.0,,,,2014,Luxembourg,,,,False
LU,T,TOTAL,36.0,,562958.0,,2015,Luxembourg,63.947932172559945,44.78834552011914,88.53089304927933,True
LU,T,DRIV,26.0,,562958.0,,2015,Luxembourg,46.18461768018218,30.16932562570626,67.67116566977465,True
LU,T,PAS,3.0,,562958.0,,2015,Luxembourg,5.328994347713328,1.0989667486661552,15.573582877838708,True
LU,T,PED,7.0,,562958.0,,2015,Luxembourg,12.434320144664433,4.9992415979875355,25.61945182713875,True
LU,T,UNK,0.0,,562958.0,,2015,Luxembourg,0.0,0.0,6.552672586789664,True
LU,M,TOTAL,29.0,,281972.0,,2015,Luxembourg,102.84709120054474,68.87831110020832,147.70557870493028,True
LU,M,DRIV,23.0,,281972.0,,2015,Luxembourg,81.5683826762941,51.70735759949457,122.39262371736568,True
LU,M,PAS,3.0,,281972.0,,2015,Luxembourg,10.639354262125318,2.194090629195812,31.092708033926503,True
LU,M,PED,3.0,,281972.0,,2015,Luxembourg,10.639354262125318,2.194090629195812,31.092708033926503,True
LU,M,UNK,0.0,,281972.0,,2015,Luxembourg,0.0,0.0,13.082431780864539,True
LU,F,TOTAL,7.0,,280986.0,,2015,Luxembourg,24.91227320934139,10.01602589281981,51.32880414576661,True
LU,F,DRIV,3.0,,280986.0,,2015,Luxembourg,10.676688518289167,2.201789850368351,31.201814573474564,True
LU,F,PAS,0.0,,280986.0,,2015,Luxembourg,0.0,0.0,13.128338971030356,True
LU,F,PED,4.0,,280986.0,,2015,Luxembourg,14.235584691052223,3.878717707025706,36.44875073990766,True
LU,F,UNK,0.0,,280986.0,,2015,Luxembourg,0.0,0.0,13.128338971030356,True
LU,UNK,TOTAL,0.0,,,,2015,Luxembourg,,,,False
LU,UNK,DRIV,0.0,,,,2015,Luxembourg,,,,False
LU,UNK,PAS,0.0,,,,2015,Luxembourg,,,,False
LU,UNK,PED,0.0,,,,2015,Luxembourg,,,,False
LU,UNK,UNK,0.0,,,,2015,Luxembourg,,,,False
LU,T,TOTAL,32.0,,576249.0,,2016,Luxembourg,55.53154972937046,37.98353890641817,78.39397912954378,True
LU,T,DRIV,17.0,,576249.0,,2016,Luxembourg,29.501135793728057,17.185498750726325,47.234176225740285,True
LU,T,PAS,7.0,,576249.0,,2016,Luxembourg,12.147526503299789,4.883935679749322,25.02854731496693,True
LU,T,PED,8.0,,576249.0,,2016,Luxembourg,13.882887432342615,5.99364541500029,27.354822689832545,True
LU,T,UNK,0.0,,576249.0,,2016,Luxembourg,0.0,0.0,6.401537276618155,True
LU,M,TOTAL,21.0,,289193.0,,2016,Luxembourg,72.61586552924864,44.950365271898654,111.00106411615566,True
LU,M,DRIV,14.0,,289193.0,,2016,Luxembourg,48.41057701949909,26.46651293876615,81.22472231981955,True
LU,M,PAS,3.0,,289193.0,,2016,Luxembourg,10.373695075606948,2.1393053182324655,30.316339156695783,True
LU,M,PED,4.0,,289193.0,,2016,Luxembourg,13.831593434142597,3.7686436864873114,35.414372669475725,True
LU,M,UNK,0.0,,289193.0,,2016,Luxembourg,0.0,0.0,12.75577020921646,True
LU,F,TOTAL,11.0,,287056.0,,2016,Luxembourg,38.320049049662785,19.129230419279995,68.56515283882571,True
LU,F,DRIV,3.0,,287056.0,,2016,Luxembourg,10.45092246808985,2.1552314631834952,30.54203036948304,True
LU,F,PAS,4.0,,287056.0,,2016,Luxembourg,13.934563290786468,3.7966995068081664,35.67801639890368,True
LU,F,PED,4.0,,287056.0,,2016,Luxembourg,13.934563290786468,3.7966995068081664,35.67801639890368,True
LU,F,UNK,0.0,,287056.0,,2016,Luxembourg,0.0,0.0,12.850731056358116,True
LU,UNK,TOTAL,0.0,,,,2016,Luxembourg,,,,False
LU,UNK,DRIV,0.0,,,,2016,Luxembourg,,,,False
LU,UNK,PAS,0.0,,,,2016,Luxembourg,,,,False
LU,UNK,PED,0.0,,,,2016,Luxembourg,,,,False
LU,UNK,UNK,0.0,,,,2016,Luxembourg,,,,False
LU,T,TOTAL,25.0,,590667.0,b,2017,Luxembourg,42.32503254795003,27.390529431692183,62.48009741111382,True
LU,T,DRIV,17.0,,590667.0,b,2017,Luxembourg,28.78102213260602,16.766006006103765,46.081204495776156,True
LU,T,PAS,4.0,,590667.0,b,2017,Luxembourg,6.772005207672005,1.845143496464717,17.33902296116711,True
LU,T,PED,4.0,,590667.0,b,2017,Luxembourg,6.772005207672005,1.845143496464717,17.33902296116711,True
LU,T,UNK,0.0,,590667.0,b,2017,Luxembourg,0.0,0.0,6.245277718433458,True
LU,M,TOTAL,21.0,,296641.0,b,2017,Luxembourg,70.7926416105663,43.821760930135035,108.21407268362567,True
LU,M,DRIV,17.0,,296641.0,b,2017,Luxembourg,57.308328922839394,33.38421347557247,91.75618615062184,True
LU,M,PAS,1.0,,296641.0,b,2017,Luxembourg,3.371078171931729,0.08534830985699852,18.782445416981798,True
LU,M,PED,3.0,,296641.0,b,2017,Luxembourg,10.113234515795186,2.0855920890760262,29.55516287277323,True
LU,M,UNK,0.0,,296641.0,b,2017,Luxembourg,0.0,0.0,12.43550100665092,True
LU,F,TOTAL,4.0,,294026.0,b,2017,Luxembourg,13.604239080897608,3.706697277201081,34.83225522710132,True
LU,F,DRIV,0.0,,294026.0,b,2017,Luxembourg,0.0,0.0,12.546099508594258,True
LU,F,PAS,3.0,,294026.0,b,2017,Luxembourg,10.203179310673205,2.1041408681395573,29.818019732072415,True
LU,F,PED,1.0,,294026.0,b,2017,Luxembourg,3.401059770224402,0.08610737820563454,18.949492190958956,True
LU,F,UNK,0.0,,294026.0,b,2017,Luxembourg,0.0,0.0,12.546099508594258,True
LU,UNK,TOTAL,0.0,,,,2017,Luxembourg,,,,False
LU,UNK,DRIV,0.0,,,,2017,Luxembourg,,,,False
LU,UNK,PAS,0.0,,,,2017,Luxembourg,,,,False
LU,UNK,PED,0.0,,,,2017,Luxembourg,,,,False
LU,UNK,UNK,0.0,,,,2017,Luxembourg,,,,False
LU,T,TOTAL,36.0,,602005.0,,2018,Luxembourg,59.800167772692916,41.88330232691627,82.78863878080114,True
LU,T,DRIV,28.0,,602005.0,,2018,Luxembourg,46.51124160098338,30.90638226569137,67.22169407773723,True
LU,T,PAS,5.0,,602005.0,,2018,Luxembourg,8.30557885731846,2.696798847382366,19.382450443638625,True
LU,T,PED,3.0,,602005.0,,2018,Luxembourg,4.983347314391077,1.0276860207068073,14.563455568877872,True
LU,T,UNK,0.0,,602005.0,,2018,Luxembourg,0.0,0.0,6.127655840257034,True
LU,M,TOTAL,31.0,,302580.0,,2018,Luxembourg,102.45224403463547,69.61132916630925,145.42278241539015,True
LU,M,DRIV,25.0,,302580.0,,2018,Luxembourg,82.62277744728667,53.469105188146365,121.96751833409468,True
LU,M,PAS,3.0,,302580.0,,2018,Luxembourg,9.9147332936744,2.0446563649137466,28.975058066436393,True
LU,M,PED,3.0,,302580.0,,2018,Luxembourg,9.9147332936744,2.0446563649137466,28.975058066436393,True
LU,M,UNK,0.0,,302580.0,,2018,Luxembourg,0.0,0.0,12.191418646684962,True
LU,F,TOTAL,5.0,,299425.0,,2018,Luxembourg,16.698672455539786,5.422013492922839,38.96913109901534,True
LU,F,DRIV,3.0,,299425.0,,2018,Luxembourg,10.01920347332387,2.066200627521421,29.280364263980374,True
LU,F,PAS,2.0,,299425.0,,2018,Luxembourg,6.679468982215914,0.8089146816196546,24.128538591380014,True
LU,F,PED,0.0,,299425.0,,2018,Luxembourg,0.0,0.0,12.319877946443803,True
LU,F,UNK,0.0,,299425.0,,2018,Luxembourg,0.0,0.0,12.319877946443803,True
LU,UNK,TOTAL,0.0,,,,2018,Luxembourg,,,,False
LU,UNK,DRIV,0.0,,,,2018,Luxembourg,,,,False
LU,UNK,PAS,0.0,,,,2018,Luxembourg,,,,False
LU,UNK,PED,0.0,,,,2018,Luxembourg,,,,False
LU,UNK,UNK,0.0,,,,2018,Luxembourg,,,,False
LU,T,TOTAL,22.0,,613894.0,,2019,Luxembourg,35.836805702613155,22.45873533904813,54.25735450603074,True
LU,T,DRIV,16.0,,613894.0,,2019,Luxembourg,26.063131420082293,14.897331548510866,42.32489256705708,True
LU,T,PAS,4.0,,613894.0,,2019,Luxembourg,6.515782855020573,1.7753315289387501,16.682991974842064,True
LU,T,PED,2.0,,613894.0,,2019,Luxembourg,3.2578914275102866,0.3945457661159175,11.76862400955859,True
LU,T,UNK,0.0,,613894.0,,2019,Luxembourg,0.0,0.0,6.008984375338309,True
LU,M,TOTAL,18.0,,308720.0,,2019,Luxembourg,58.30526043016325,34.555392525264075,92.1474483918372,True
LU,M,DRIV,13.0,,308720.0,,2019,Luxembourg,42.109354755117906,22.42145792628855,72.00827908188285,True
LU,M,PAS,3.0,,308720.0,,2019,Luxembourg,9.71754340502721,2.003991069239445,28.39878553298239,True
LU,M,PED,2.0,,308720.0,,2019,Luxembourg,6.478362270018139,0.7845597257837688,23.402071999624127,True
LU,M,UNK,0.0,,308720.0,,2019,Luxembourg,0.0,0.0,11.948948737088415,True
LU,F,TOTAL,4.0,,305174.0,,2019,Luxembourg,13.107276504551502,3.5712917012141436,33.559833653599895,True
LU,F,DRIV,3.0,,305174.0,,2019,Luxembourg,9.830457378413627,2.027276645112629,28.72876807900517,True
LU,F,PAS,1.0,,305174.0,,2019,Luxembourg,3.2768191261378754,0.08296187743480735,18.257267627448268,True
LU,F,PED,0.0,,305174.0,,2019,Luxembourg,0.0,0.0,12.08779074925759,True
LU,F,UNK,0.0,,305174.0,,2019,Luxembourg,0.0,0.0,12.08779074925759,True
LU,UNK,TOTAL,0.0,,,,2019,Luxembourg,,,,False
LU,UNK,DRIV,0.0,,,,2019,Luxembourg,,,,False
LU,UNK,PAS,0.0,,,,2019,Luxembourg,,,,False
LU,UNK,PED,0.0,,,,2019,Luxembourg,,,,False
LU,UNK,UNK,0.0,,,,2019,Luxembourg,,,,False
LU,T,TOTAL,26.0,,626108.0,,2020,Luxembourg,41.526382029937324,27.126411442748445,60.84577114990544,True
LU,T,DRIV,19.0,,626108.0,,2020,Luxembourg,30.34620225264651,18.270396104772235,47.38935386799975,True
LU,T,PAS,3.0,,626108.0,,2020,Luxembourg,4.791505618838922,0.9881236510244262,14.002812725188504,True
LU,T,PED,4.0,,626108.0,,2020,Luxembourg,6.388674158451897,1.740698687169506,16.35754322801129,True
LU,T,UNK,0.0,,626108.0,,2020,Luxembourg,0.0,0.0,5.891762210535459,True
LU,M,TOTAL,19.0,,314964.0,,2020,Luxembourg,60.324354529406534,36.31920208140211,94.20395210749669,True
LU,M,DRIV,14.0,,314964.0,,2020,Luxembourg,44.449524390089024,24.30096860689031,74.5787490692129,True
LU,M,PAS,2.0,,314964.0,,2020,Luxembourg,6.349932055727003,0.7690062310104173,22.93813790694797,True
LU,M,PED,3.0,,314964.0,,2020,Luxembourg,9.524898083590505,1.964262972579728,27.835794153434435,True
LU,M,UNK,0.0,,314964.0,,2020,Luxembourg,0.0,0.0,11.712066947695405,True
LU,F,TOTAL,7.0,,311144.0,,2020,Luxembourg,22.49762167999383,9.045210743320993,46.35369912870689,True
LU,F,DRIV,5.0,,311144.0,,2020,Luxembourg,16.069729771424164,5.217797515357587,37.501388679591024,True
LU,F,PAS,1.0,,311144.0,,2020,Luxembourg,3.2139459542848328,0.08137006654246876,17.906960735025898,True
LU,F,PED,1.0,,311144.0,,2020,Luxembourg,3.2139459542848328,0.08137006654246876,17.906960735025898,True
LU,F,UNK,0.0,,311144.0,,2020,Luxembourg,0.0,0.0,11.855859197393926,True
LU,UNK,TOTAL,0.0,,,,2020,Luxembourg,,,,False
LU,UNK,DRIV,0.0,,,,2020,Luxembourg,,,,False
LU,UNK,PAS,0.0,,,,2020,Luxembourg,,,,False
LU,UNK,PED,0.0,,,,2020,Luxembourg,,,,False
LU,UNK,UNK,0.0,,,,2020,Luxembourg,,,,False
LU,T,TOTAL,24.0,,634730.0,,2021,Luxembourg,37.81135285869583,24.22644723691406,56.26029586399447,True
LU,T,DRIV,13.0,,634730.0,,2021,Luxembourg,20.481149465126904,10.90534950451972,35.02338934375069,True
LU,T,PAS,6.0,,634730.0,,2021,Luxembourg,9.452838214673957,3.4690250240115503,20.574849183934404,True
LU,T,PED,5.0,,634730.0,,2021,Luxembourg,7.877365178894963,2.557759031585747,18.38314256348789,True
LU,T,UNK,0.0,,634730.0,,2021,Luxembourg,0.0,0.0,5.811730112195635,True
LU,M,TOTAL,14.0,,319456.0,,2021,Luxembourg,43.82450165280978,23.959262860301887,73.5300671198399,True
LU,M,DRIV,11.0,,319456.0,,2021,Luxembourg,34.43353701292197,17.189097613558168,61.611109239776226,True
LU,M,PAS,3.0,,319456.0,,2021,Luxembourg,9.390964639887809,1.9366426765989728,27.444383795396938,True
LU,M,PED,0.0,,319456.0,,2021,Luxembourg,0.0,0.0,11.547378838130872,True
LU,M,UNK,0.0,,319456.0,,2021,Luxembourg,0.0,0.0,11.547378838130872,True
LU,F,TOTAL,10.0,,315274.0,,2021,Luxembourg,31.718441736394375,15.210225696164079,58.33134366302891,True
LU,F,DRIV,2.0,,315274.0,,2021,Luxembourg,6.343688347278875,0.7682500889510873,22.91558348523494,True
LU,F,PAS,3.0,,315274.0,,2021,Luxembourg,9.515532520918311,1.9623315683995555,27.808424004968135,True
LU,F,PED,5.0,,315274.0,,2021,Luxembourg,15.859220868197188,5.149445847480036,37.01013112188975,True
LU,F,UNK,0.0,,315274.0,,2021,Luxembourg,0.0,0.0,11.700550803789515,True
LU,UNK,TOTAL,0.0,,,,2021,Luxembourg,,,,False
LU,UNK,DRIV,0.0,,,,2021,Luxembourg,,,,False
LU,UNK,PAS,0.0,,,,2021,Luxembourg,,,,False
LU,UNK,PED,0.0,,,,2021,Luxembourg,,,,False
LU,UNK,UNK,0.0,,,,2021,Luxembourg,,,,False
LU,T,TOTAL,36.0,,645397.0,,2022,Luxembourg,55.77962091549852,39.06736073659349,77.22250721530499,True
LU,T,DRIV,30.0,,645397.0,,2022,Luxembourg,46.483017429582105,31.361896664256133,66.35739768670703,True
LU,T,PAS,3.0,,645397.0,,2022,Luxembourg,4.6483017429582105,0.9585915690584267,13.584310230357941,True
LU,T,PED,3.0,,645397.0,,2022,Luxembourg,4.6483017429582105,0.9585915690584267,13.584310230357941,True
LU,T,UNK,0.0,,645397.0,,2022,Luxembourg,0.0,0.0,5.715674932040179,True
LU,M,TOTAL,22.0,,325064.0,,2022,Luxembourg,67.67898013929565,42.41405653111268,102.46678926957533,True
LU,M,DRIV,21.0,,325064.0,,2022,Luxembourg,64.60266286023675,39.99006652251922,98.75203263032327,True
LU,M,PAS,0.0,,325064.0,,2022,Luxembourg,0.0,0.0,11.348163605056037,True
LU,M,PED,1.0,,325064.0,,2022,Luxembourg,3.076317279058893,0.07788561016996622,17.140142836299614,True
LU,M,UNK,0.0,,325064.0,,2022,Luxembourg,0.0,0.0,11.348163605056037,True
LU,F,TOTAL,14.0,,320333.0,,2022,Luxembourg,43.704519983891764,23.893667765420982,73.32875826666492,True
LU,F,DRIV,9.0,,320333.0,,2022,Luxembourg,28.09576284678756,12.847171841110137,53.334509561672284,True
LU,F,PAS,3.0,,320333.0,,2022,Luxembourg,9.365254282262521,1.9313405827548253,27.36924722005639,True
LU,F,PED,2.0,,320333.0,,2022,Luxembourg,6.24350285484168,0.7561171610291949,22.553679039387013,True
LU,F,UNK,0.0,,320333.0,,2022,Luxembourg,0.0,0.0,11.515764701463588,True
LU,UNK,TOTAL,0.0,,,,2022,Luxembourg,,,,False
LU,UNK,DRIV,0.0,,,,2022,Luxembourg,,,,False
LU,UNK,PAS,0.0,,,,2022,Luxembourg,,,,False
LU,UNK,PED,0.0,,,,2022,Luxembourg,,,,False
LU,UNK,UNK,0.0,,,,2022,Luxembourg,,,,False
LU,T,TOTAL,26.0,,660809.0,,2023,Luxembourg,39.34571109049665,25.70192478552251,57.650582971970714,True
LU,T,DRIV,18.0,,660809.0,,2023,Luxembourg,27.23933844726691,16.143758302927964,43.049898332994836,True
LU,T,PAS,4.0,,660809.0,,2023,Luxembourg,6.053186321614869,1.6492895430091374,15.498561120389846,True
LU,T,PED,4.0,,660809.0,,2023,Luxembourg,6.053186321614869,1.6492895430091374,15.498561120389846,True
LU,T,UNK,0.0,,660809.0,,2023,Luxembourg,0.0,0.0,5.58236866343215,True
LU,M,TOTAL,19.0,,332444.0,,2023,Luxembourg,57.152482824174896,34.409528114108646,89.25068153308705,True
LU,M,DRIV,14.0,,332444.0,,2023,Luxembourg,42.112355765181505,23.023216771247487,70.6573772480044,True
LU,M,PAS,2.0,,332444.0,,2023,Luxembourg,6.016050823597357,0.7285716648336714,21.732044096822204,True
LU,M,PED,3.0,,332444.0,,2023,Luxembourg,9.024076235396036,1.8609814672414045,26.37218018596312,True
LU,M,UNK,0.0,,332444.0,,2023,Luxembourg,0.0,0.0,11.096243139036757,True
LU,F,TOTAL,7.0,,328365.0,,2023,Luxembourg,21.317740928539887,8.570837487307926,43.9226938367438,True
LU,F,DRIV,4.0,,328365.0,,2023,Luxembourg,12.181566244879935,3.319066811707475,31.18964772556056,True
LU,F,PAS,2.0,,328365.0,,2023,Luxembourg,6.090783122439968,0.7376220929269718,22.002002855736635,True
LU,F,PED,1.0,,328365.0,,2023,Luxembourg,3.045391561219984,0.07710263878394438,16.967835764892413,True
LU,F,UNK,0.0,,328365.0,,2023,Luxembourg,0.0,0.0,11.23408235991636,True
LU,UNK,TOTAL,0.0,,,,2023,Luxembourg,,,,False
LU,UNK,DRIV,0.0,,,,2023,Luxembourg,,,,False
LU,UNK,PAS,0.0,,,,2023,Luxembourg,,,,False
LU,UNK,PED,0.0,,,,2023,Luxembourg,,,,False
LU,UNK,UNK,0.0,,,,2023,Luxembourg,,,,False
LU,T,TOTAL,18.0,,672050.0,,2024,Luxembourg,26.783721449296927,15.873730794434232,42.32982704788034,True
LU,T,DRIV,15.0,,672050.0,,2024,Luxembourg,22.319767874414104,12.492204646653244,36.81306282491756,True
LU,T,PAS,0.0,,672050.0,,2024,Luxembourg,0.0,0.0,5.488995542167897,True
LU,T,PED,3.0,,672050.0,,2024,Luxembourg,4.463953574882821,0.9205745448933881,13.045566653883377,True
LU,T,UNK,0.0,,672050.0,,2024,Luxembourg,0.0,0.0,5.488995542167897,True
LU,M,TOTAL,16.0,,338274.0,,2024,Luxembourg,47.2989351827217,27.035428243499442,76.81050745124053,True
LU,M,DRIV,13.0,,338274.0,,2024,Luxembourg,38.430384835961384,20.462561388116736,65.71712847620235,True
LU,M,PAS,0.0,,338274.0,,2024,Luxembourg,0.0,0.0,10.905004387313053,True
LU,M,PED,3.0,,338274.0,,2024,Luxembourg,8.868550346760319,1.8289082900122429,25.91766754093523,True
LU,M,UNK,0.0,,338274.0,,2024,Luxembourg,0.0,0.0,10.905004387313053,True
LU,F,TOTAL,2.0,,333776.0,,2024,Luxembourg,5.992042567470399,0.7256641536358668,21.645318020840204,True
LU,F,DRIV,2.0,,333776.0,,2024,Luxembourg,5.992042567470399,0.7256641536358668,21.645318020840204,True
LU,F,PAS,0.0,,333776.0,,2024,Luxembourg,0.0,0.0,11.051961357658836,True
LU,F,PED,0.0,,333776.0,,2024,Luxembourg,0.0,0.0,11.051961357658836,True
LU,F,UNK,0.0,,333776.0,,2024,Luxembourg,0.0,0.0,11.051961357658836,True
LU,UNK,TOTAL,0.0,,,,2024,Luxembourg,,,,False
LU,UNK,DRIV,0.0,,,,2024,Luxembourg,,,,False
LU,UNK,PAS,0.0,,,,2024,Luxembourg,,,,False
LU,UNK,PED,0.0,,,,2024,Luxembourg,,,,False
LU,UNK,UNK,0.0,,,,2024,Luxembourg,,,,False
LV,T,TOTAL,218.0,,2120504.0,,2010,Latvia,102.80574806744058,89.61075037452878,117.39664262244227,True
LV,T,DRIV,91.0,,2120504.0,,2010,Latvia,42.9143260281518,34.55193835844265,52.689282791519226,True
LV,T,PAS,48.0,,2120504.0,,2010,Latvia,22.6361280148493,16.69009387555187,30.012221708672687,True
LV,T,PED,79.0,,2120504.0,,2010,Latvia,37.25529402443947,29.495367120078466,46.431212185723645,True
LV,T,UNK,0.0,,2120504.0,,2010,Latvia,0.0,0.0,1.7396239073889677,True
LV,M,TOTAL,121.0,,970931.0,,2010,Latvia,124.62265598688269,103.4085754422728,148.90817148843138,True
LV,M,DRIV,64.0,,970931.0,,2010,Latvia,65.91611556330986,50.76344101304361,84.17340800621773,True
LV,M,PAS,16.0,,970931.0,,2010,Latvia,16.479028890827465,9.419188854451583,26.760910505031706,True
LV,M,PED,41.0,,970931.0,,2010,Latvia,42.227511532745375,30.303191337443423,57.28638756588771,True
LV,M,UNK,0.0,,970931.0,,2010,Latvia,0.0,0.0,3.7993219436952117,True
LV,F,TOTAL,26.0,,1149573.0,,2010,Latvia,22.61709347731723,14.774236360454138,33.13928222316025,True
LV,F,DRIV,7.0,,1149573.0,,2010,Latvia,6.089217474662331,2.448181239051254,12.546115263408568,True
LV,F,PAS,9.0,,1149573.0,,2010,Latvia,7.828993895994426,3.5799145399016274,14.86186910393613,True
LV,F,PED,10.0,,1149573.0,,2010,Latvia,8.698882106660474,4.171452092326832,15.997553910902376,True
LV,F,UNK,0.0,,1149573.0,,2010,Latvia,0.0,0.0,3.2089127477019166,True
LV,UNK,TOTAL,71.0,,,,2010,Latvia,,,,False
LV,UNK,DRIV,20.0,,,,2010,Latvia,,,,False
LV,UNK,PAS,23.0,,,,2010,Latvia,,,,False
LV,UNK,PED,28.0,,,,2010,Latvia,,,,False
LV,UNK,UNK,0.0,,,,2010,Latvia,,,,False
LV,T,TOTAL,179.0,,2074605.0,,2011,Latvia,86.28148490917548,74.10426534697653,99.88872440264947,True
LV,T,DRIV,81.0,,2074605.0,,2011,Latvia,39.04357697007382,31.006235883045377,48.527601244636465,True
LV,T,PAS,38.0,,2074605.0,,2011,Latvia,18.316739813121053,12.962015248780443,25.14115647039297,True
LV,T,PED,60.0,,2074605.0,,2011,Latvia,28.921168125980607,22.069898101087805,37.227276231689075,True
LV,T,UNK,0.0,,2074605.0,,2011,Latvia,0.0,0.0,1.7781117148150782,True
LV,M,TOTAL,109.0,,947939.0,,2011,Latvia,114.98630186119571,94.41571867565298,138.70770331997647,True
LV,M,DRIV,58.0,,947939.0,,2011,Latvia,61.185371632562855,46.46061790922175,79.09628124245819,True
LV,M,PAS,12.0,,947939.0,,2011,Latvia,12.659042406737143,6.541111937289445,22.112799503108278,True
LV,M,PED,39.0,,947939.0,,2011,Latvia,41.141887821895715,29.255904113488818,56.24231502853332,True
LV,M,UNK,0.0,,947939.0,,2011,Latvia,0.0,0.0,3.8914734535808058,True
LV,F,TOTAL,8.0,,1126666.0,,2011,Latvia,7.100595917512377,3.0655333317491626,13.99100462798497,True
LV,F,DRIV,0.0,,1126666.0,,2011,Latvia,0.0,0.0,3.2741552990095872,True
LV,F,PAS,2.0,,1126666.0,,2011,Latvia,1.7751489793780943,0.2149787768016121,6.412448469842846,True
LV,F,PED,6.0,,1126666.0,,2011,Latvia,5.325446938134283,1.9543451683913877,11.59125599114439,True
LV,F,UNK,0.0,,1126666.0,,2011,Latvia,0.0,0.0,3.2741552990095872,True
LV,UNK,TOTAL,62.0,,,,2011,Latvia,,,,False
LV,UNK,DRIV,23.0,,,,2011,Latvia,,,,False
LV,UNK,PAS,24.0,,,,2011,Latvia,,,,False
LV,UNK,PED,15.0,,,,2011,Latvia,,,,False
LV,UNK,UNK,0.0,,,,2011,Latvia,,,,False
LV,T,TOTAL,177.0,,2044813.0,,2012,Latvia,86.56048254779287,74.27772287821577,100.29429395235927,True
LV,T,DRIV,86.0,,2044813.0,,2012,Latvia,42.05763558819315,33.640679731677174,51.940837808614866,True
LV,T,PAS,29.0,,2044813.0,,2012,Latvia,14.182225954158156,9.498059303001272,20.3680421821392,True
LV,T,PED,62.0,,2044813.0,,2012,Latvia,30.320621005441573,23.246646263581354,38.86966772792732,True
LV,T,UNK,0.0,,2044813.0,,2012,Latvia,0.0,0.0,1.8040179977894975,True
LV,M,TOTAL,128.0,,934812.0,,2012,Latvia,136.92592735223766,114.2340211646877,162.80537521648634,True
LV,M,DRIV,72.0,,934812.0,,2012,Latvia,77.02083413563369,60.26405918001517,96.9949936935533,True
LV,M,PAS,13.0,,934812.0,,2012,Latvia,13.906539496711638,7.404646593115836,23.78060606641643,True
LV,M,PED,43.0,,934812.0,,2012,Latvia,45.99855371989234,33.289381407135544,61.95974999292224,True
LV,M,UNK,0.0,,934812.0,,2012,Latvia,0.0,0.0,3.9461190636341166,True
LV,F,TOTAL,47.0,,1110001.0,,2012,Latvia,42.34230419612235,31.111532482462408,56.30628831924203,True
LV,F,DRIV,13.0,,1110001.0,,2012,Latvia,11.711701160629586,6.2359876171316975,20.027365667381268,True
LV,F,PAS,15.0,,1110001.0,,2012,Latvia,13.513501339187982,7.563404116557834,22.288465390108517,True
LV,F,PED,19.0,,1110001.0,,2012,Latvia,17.11710169630478,10.305613386264278,26.73047463163149,True
LV,F,UNK,0.0,,1110001.0,,2012,Latvia,0.0,0.0,3.323311829551447,True
LV,UNK,TOTAL,2.0,,,,2012,Latvia,,,,False
LV,UNK,DRIV,1.0,,,,2012,Latvia,,,,False
LV,UNK,PAS,1.0,,,,2012,Latvia,,,,False
LV,UNK,PED,0.0,,,,2012,Latvia,,,,False
LV,UNK,UNK,0.0,,,,2012,Latvia,,,,False
LV,T,TOTAL,179.0,,2023825.0,,2013,Latvia,88.44638246883994,75.96362304555198,102.39504259971025,True
LV,T,DRIV,83.0,,2023825.0,,2013,Latvia,41.011451088903435,32.665391868270774,50.83986401851251,True
LV,T,PAS,26.0,,2023825.0,,2013,Latvia,12.846960582066137,8.392061179003296,18.823773835744195,True
LV,T,PED,70.0,,2023825.0,,2013,Latvia,34.58797079787037,26.963020077301888,43.6998203066169,True
LV,T,UNK,0.0,,2023825.0,,2013,Latvia,0.0,0.0,1.8227264976536686,True
LV,M,TOTAL,137.0,,926580.0,,2013,Latvia,147.85555483606382,124.13448858576548,174.78944579860712,True
LV,M,DRIV,73.0,,926580.0,,2013,Latvia,78.78434673746466,61.75435140246838,99.05948777545548,True
LV,M,PAS,15.0,,926580.0,,2013,Latvia,16.188564398109175,9.060616603837026,26.700575094957635,True
LV,M,PED,49.0,,926580.0,,2013,Latvia,52.88264370048997,39.12287093270861,69.91365947130123,True
LV,M,UNK,0.0,,926580.0,,2013,Latvia,0.0,0.0,3.9811775066523514,True
LV,F,TOTAL,39.0,,1097245.0,,2013,Latvia,35.54356593103637,25.274949978752673,48.58922470900559,True
LV,F,DRIV,8.0,,1097245.0,,2013,Latvia,7.290987883289511,3.147731068948596,14.366152700803662,True
LV,F,PAS,11.0,,1097245.0,,2013,Latvia,10.025108339523078,5.004497962840422,17.937688039865257,True
LV,F,PED,20.0,,1097245.0,,2013,Latvia,18.22746970822378,11.133812034143647,28.150848627858498,True
LV,F,UNK,0.0,,1097245.0,,2013,Latvia,0.0,0.0,3.3619469253575414,True
LV,UNK,TOTAL,3.0,,,,2013,Latvia,,,,False
LV,UNK,DRIV,2.0,,,,2013,Latvia,,,,False
LV,UNK,PAS,0.0,,,,2013,Latvia,,,,False
LV,UNK,PED,1.0,,,,2013,Latvia,,,,False
LV,UNK,UNK,0.0,,,,2013,Latvia,,,,False
LV,T,TOTAL,212.0,,2001468.0,,2014,Latvia,105.92225306624937,92.14292909410177,121.18095007521461,True
LV,T,DRIV,88.0,,2001468.0,,2014,Latvia,43.9677276878771,35.26340329752802,54.16947023007827,True
LV,T,PAS,53.0,,2001468.0,,2014,Latvia,26.480563266562342,19.835759019058745,34.63722873870792,True
LV,T,PED,71.0,,2001468.0,,2014,Latvia,35.47396211180993,27.70545872054863,44.74557630054571,True
LV,T,UNK,0.0,,2001468.0,,2014,Latvia,0.0,0.0,1.8430869012714346,True
LV,M,TOTAL,166.0,,917045.0,,2014,Latvia,181.01619876887176,154.52644419993928,210.74404211428356,True
LV,M,DRIV,79.0,,917045.0,,2014,Latvia,86.1462632695233,68.20280788793883,107.36394742316432,True
LV,M,PAS,34.0,,917045.0,,2014,Latvia,37.075606976756866,25.67593562428482,51.80944456946288,True
LV,M,PED,53.0,,917045.0,,2014,Latvia,57.794328522591584,43.29191798914717,75.59640467938243,True
LV,M,UNK,0.0,,917045.0,,2014,Latvia,0.0,0.0,4.022571906628285,True
LV,F,TOTAL,46.0,,1084423.0,,2014,Latvia,42.41887160268641,31.05594533588081,56.58083027618005,True
LV,F,DRIV,9.0,,1084423.0,,2014,Latvia,8.299344444003863,3.794988761192204,15.754740955714853,True
LV,F,PAS,19.0,,1084423.0,,2014,Latvia,17.52083827067482,10.548689177900815,27.360959304243444,True
LV,F,PED,18.0,,1084423.0,,2014,Latvia,16.598688888007725,9.837435004974559,26.233084568962465,True
LV,F,UNK,0.0,,1084423.0,,2014,Latvia,0.0,0.0,3.401697911344499,True
LV,UNK,TOTAL,0.0,,,,2014,Latvia,,,,False
LV,UNK,DRIV,0.0,,,,2014,Latvia,,,,False
LV,UNK,PAS,0.0,,,,2014,Latvia,,,,False
LV,UNK,PED,0.0,,,,2014,Latvia,,,,False
LV,UNK,UNK,0.0,,,,2014,Latvia,,,,False
LV,T,TOTAL,188.0,,1986096.0,,2015,Latvia,94.65806285295373,81.61017695963746,109.19882362111102,True
LV,T,DRIV,85.0,,1986096.0,,2015,Latvia,42.79752841755887,34.18514563485073,52.919806655317245,True
LV,T,PAS,40.0,,1986096.0,,2015,Latvia,20.14001337296888,14.388320827285773,27.424981956553996,True
LV,T,PED,63.0,,1986096.0,,2015,Latvia,31.720521062425984,24.37491933697427,40.58432587694175,True
LV,T,UNK,0.0,,1986096.0,,2015,Latvia,0.0,0.0,1.8573520384281201,True
LV,M,TOTAL,142.0,,911207.0,,2015,Latvia,155.83725761544852,131.26042278736665,183.6795326736994,True
LV,M,DRIV,78.0,,911207.0,,2015,Latvia,85.60074714088017,67.66383840885807,106.83360647017614,True
LV,M,PAS,18.0,,911207.0,,2015,Latvia,19.75401857097235,11.70748334944697,31.219865812628726,True
LV,M,PED,46.0,,911207.0,,2015,Latvia,50.482491903596,36.959528854554314,67.33656974824162,True
LV,M,UNK,0.0,,911207.0,,2015,Latvia,0.0,0.0,4.048344069035834,True
LV,F,TOTAL,46.0,,1074889.0,,2015,Latvia,42.79511651900801,31.3314039021442,57.08268826882218,True
LV,F,DRIV,7.0,,1074889.0,,2015,Latvia,6.512300339849045,2.618282493838775,13.417827665649549,True
LV,F,PAS,22.0,,1074889.0,,2015,Latvia,20.46722963952557,12.826703847773688,30.987631641151072,True
LV,F,PED,17.0,,1074889.0,,2015,Latvia,15.815586539633395,9.213161981941663,25.322286129922823,True
LV,F,UNK,0.0,,1074889.0,,2015,Latvia,0.0,0.0,3.4318701318126204,True
LV,UNK,TOTAL,0.0,,,,2015,Latvia,,,,False
LV,UNK,DRIV,0.0,,,,2015,Latvia,,,,False
LV,UNK,PAS,0.0,,,,2015,Latvia,,,,False
LV,UNK,PED,0.0,,,,2015,Latvia,,,,False
LV,UNK,UNK,0.0,,,,2015,Latvia,,,,False
LV,T,TOTAL,158.0,,1968957.0,,2016,Latvia,80.24553100956496,68.22090012357165,93.77924907363239,True
LV,T,DRIV,76.0,,1968957.0,,2016,Latvia,38.59911618181606,30.411713346941347,48.31254972217859,True
LV,T,PAS,27.0,,1968957.0,,2016,Latvia,13.71284390669781,9.036850541563261,19.951467932088985,True
LV,T,PED,55.0,,1968957.0,,2016,Latvia,27.933570921051096,21.043388439381093,36.35938213783204,True
LV,T,UNK,0.0,,1968957.0,,2016,Latvia,0.0,0.0,1.8735195609218158,True
LV,M,TOTAL,123.0,,904299.0,,2016,Latvia,136.0169589925456,113.04339105841468,162.2874954115167,True
LV,M,DRIV,72.0,,904299.0,,2016,Latvia,79.61968331270963,62.29749860409924,100.26781412415356,True
LV,M,PAS,14.0,,904299.0,,2016,Latvia,15.481605088582427,8.463937565230747,25.975502706334492,True
LV,M,PED,37.0,,904299.0,,2016,Latvia,40.91567059125356,28.808408023348505,56.396862256765544,True
LV,M,UNK,0.0,,904299.0,,2016,Latvia,0.0,0.0,4.0792696377126765,True
LV,F,TOTAL,35.0,,1064658.0,,2016,Latvia,32.87440661696056,22.898228729338214,45.72034152665276,True
LV,F,DRIV,4.0,,1064658.0,,2016,Latvia,3.75707504193835,1.0236764985810702,9.619604300539416,True
LV,F,PAS,13.0,,1064658.0,,2016,Latvia,12.210493886299638,6.501573736358344,20.88031641913072,True
LV,F,PED,18.0,,1064658.0,,2016,Latvia,16.906837688722575,10.020063513728847,26.720092525043707,True
LV,F,UNK,0.0,,1064658.0,,2016,Latvia,0.0,0.0,3.464849232442658,True
LV,UNK,TOTAL,0.0,,,,2016,Latvia,,,,False
LV,UNK,DRIV,0.0,,,,2016,Latvia,,,,False
LV,UNK,PAS,0.0,,,,2016,Latvia,,,,False
LV,UNK,PED,0.0,,,,2016,Latvia,,,,False
LV,UNK,UNK,0.0,,,,2016,Latvia,,,,False
LV,T,TOTAL,136.0,,1950116.0,,2017,Latvia,69.73944114093726,58.51162868853079,82.49395148326441,True
LV,T,DRIV,61.0,,1950116.0,,2017,Latvia,31.280190511743918,23.926867202249785,40.18071330876526,True
LV,T,PAS,24.0,,1950116.0,,2017,Latvia,12.30696020134187,7.885301620358205,18.311781244681452,True
LV,T,PED,51.0,,1950116.0,,2017,Latvia,26.152290427851472,19.472097987140646,34.38543213665432,True
LV,T,UNK,0.0,,1950116.0,,2017,Latvia,0.0,0.0,1.891620526221997,True
LV,M,TOTAL,99.0,,895683.0,,2017,Latvia,110.53017641286036,89.83347328708415,134.56652381831012,True
LV,M,DRIV,52.0,,895683.0,,2017,Latvia,58.056254277462,43.35918757022432,76.13305348083294,True
LV,M,PAS,13.0,,895683.0,,2017,Latvia,14.5140635693655,7.72812757527362,24.819490732947788,True
LV,M,PED,34.0,,895683.0,,2017,Latvia,37.95985856603285,26.28830555517105,53.04509753473393,True
LV,M,UNK,0.0,,895683.0,,2017,Latvia,0.0,0.0,4.11851006897969,True
LV,F,TOTAL,37.0,,1054433.0,,2017,Latvia,35.08994881609358,24.706562263421223,48.36687218811515,True
LV,F,DRIV,9.0,,1054433.0,,2017,Latvia,8.535392955266005,3.902925171517141,16.2028345579275,True
LV,F,PAS,11.0,,1054433.0,,2017,Latvia,10.432146945325117,5.207690168305467,18.6659925413013,True
LV,F,PED,17.0,,1054433.0,,2017,Latvia,16.122408915502454,9.391897322643823,25.81353847604031,True
LV,F,UNK,0.0,,1054433.0,,2017,Latvia,0.0,0.0,3.4984484117188437,True
LV,UNK,TOTAL,0.0,,,,2017,Latvia,,,,False
LV,UNK,DRIV,0.0,,,,2017,Latvia,,,,False
LV,UNK,PAS,0.0,,,,2017,Latvia,,,,False
LV,UNK,PED,0.0,,,,2017,Latvia,,,,False
LV,UNK,UNK,0.0,,,,2017,Latvia,,,,False
LV,T,TOTAL,148.0,,1934379.0,,2018,Latvia,76.51034259573744,64.68061156277238,89.87744154908839,True
LV,T,DRIV,72.0,,1934379.0,,2018,Latvia,37.22124774927767,29.12333399514177,46.87400144679918,True
LV,T,PAS,26.0,,1934379.0,,2018,Latvia,13.441006131683604,8.780111454682016,19.694188203617284,True
LV,T,PED,50.0,,1934379.0,,2018,Latvia,25.848088714776164,19.18494965953511,34.07748257416815,True
LV,T,UNK,0.0,,1934379.0,,2018,Latvia,0.0,0.0,1.9070096677610415,True
LV,M,TOTAL,111.0,,889641.0,,2018,Latvia,124.76942946649267,102.64064703647928,150.2545772851023,True
LV,M,DRIV,63.0,,889641.0,,2018,Latvia,70.81508158909043,54.41625306779616,90.60325152155812,True
LV,M,PAS,10.0,,889641.0,,2018,Latvia,11.240489141125465,5.390251456635243,20.67165973917319,True
LV,M,PED,38.0,,889641.0,,2018,Latvia,42.71385873627677,30.22686864161628,58.628108326009716,True
LV,M,UNK,0.0,,889641.0,,2018,Latvia,0.0,0.0,4.146480944688853,True
LV,F,TOTAL,37.0,,1044738.0,,2018,Latvia,35.4155778769414,24.935835173130517,48.81570895471479,True
LV,F,DRIV,9.0,,1044738.0,,2018,Latvia,8.61460002412088,3.939143687104646,16.35319424718845,True
LV,F,PAS,16.0,,1044738.0,,2018,Latvia,15.31484448732601,8.753756878415,24.87034797007569,True
LV,F,PED,12.0,,1044738.0,,2018,Latvia,11.486133365494506,5.935052720129084,20.063963451293013,True
LV,F,UNK,0.0,,1044738.0,,2018,Latvia,0.0,0.0,3.5309134482654363,True
LV,UNK,TOTAL,0.0,,,,2018,Latvia,,,,False
LV,UNK,DRIV,0.0,,,,2018,Latvia,,,,False
LV,UNK,PAS,0.0,,,,2018,Latvia,,,,False
LV,UNK,PED,0.0,,,,2018,Latvia,,,,False
LV,UNK,UNK,0.0,,,,2018,Latvia,,,,False
LV,T,TOTAL,132.0,,1919968.0,,2019,Latvia,68.75114585243088,57.52351519309825,81.53008717439927,True
LV,T,DRIV,71.0,,1919968.0,,2019,Latvia,36.97978299638327,28.881517324506987,46.644964451022425,True
LV,T,PAS,21.0,,1919968.0,,2019,Latvia,10.937682294704912,6.770597730835195,16.719409247937154,True
LV,T,PED,40.0,,1919968.0,,2019,Latvia,20.83368056134269,14.883886836545695,28.369559786404807,True
LV,T,UNK,0.0,,1919968.0,,2019,Latvia,0.0,0.0,1.9213234044077483,True
LV,M,TOTAL,107.0,,884909.0,,2019,Latvia,120.91638801277871,99.09389801328248,146.11507768697612,True
LV,M,DRIV,67.0,,884909.0,,2019,Latvia,75.71399997061845,58.677310011764526,96.15410356070099,True
LV,M,PAS,11.0,,884909.0,,2019,Latvia,12.430656711594073,6.205339043039271,22.241878558475452,True
LV,M,PED,29.0,,884909.0,,2019,Latvia,32.77173133056619,21.947742804681543,47.0656727850961,True
LV,M,UNK,0.0,,884909.0,,2019,Latvia,0.0,0.0,4.168654013140261,True
LV,F,TOTAL,25.0,,1035059.0,,2019,Latvia,24.153212522184727,15.630685639977361,35.6549063362865,True
LV,F,DRIV,4.0,,1035059.0,,2019,Latvia,3.864514003549556,1.0529499995906755,9.89469071367303,True
LV,F,PAS,10.0,,1035059.0,,2019,Latvia,9.66128500887389,4.632961692166759,17.767447113659973,True
LV,F,PED,11.0,,1035059.0,,2019,Latvia,10.62741350976128,5.305166533730771,19.015378363264272,True
LV,F,UNK,0.0,,1035059.0,,2019,Latvia,0.0,0.0,3.5639315769573865,True
LV,UNK,TOTAL,0.0,,,,2019,Latvia,,,,False
LV,UNK,DRIV,0.0,,,,2019,Latvia,,,,False
LV,UNK,PAS,0.0,,,,2019,Latvia,,,,False
LV,UNK,PED,0.0,,,,2019,Latvia,,,,False
LV,UNK,UNK,0.0,,,,2019,Latvia,,,,False
LV,T,TOTAL,139.0,,1907675.0,,2020,Latvia,72.86356428636954,61.25445461075383,86.03287211131753,True
LV,T,DRIV,72.0,,1907675.0,,2020,Latvia,37.74227790373098,29.531008001985843,47.53015269616572,True
LV,T,PAS,24.0,,1907675.0,,2020,Latvia,12.58075930124366,8.060729869965513,18.719172602122065,True
LV,T,PED,43.0,,1907675.0,,2020,Latvia,22.54052708139489,16.312691214157123,30.361942055320547,True
LV,T,UNK,0.0,,1907675.0,,2020,Latvia,0.0,0.0,1.9337043543129389,True
LV,M,TOTAL,94.0,,880956.0,,2020,Latvia,106.70226435826534,86.22629098285296,130.57654835069204,True
LV,M,DRIV,60.0,,880956.0,,2020,Latvia,68.10782831378638,51.97344810638359,87.66827560813856,True
LV,M,PAS,13.0,,880956.0,,2020,Latvia,14.756696134653717,7.8573191975578816,25.23439980902437,True
LV,M,PED,21.0,,880956.0,,2020,Latvia,23.837739909825235,14.755936714292414,36.438517627376854,True
LV,M,UNK,0.0,,880956.0,,2020,Latvia,0.0,0.0,4.187359475517433,True
LV,F,TOTAL,44.0,,1026719.0,,2020,Latvia,42.854958367381926,31.138478354977686,57.53078133384863,True
LV,F,DRIV,11.0,,1026719.0,,2020,Latvia,10.713739591845481,5.348260202876189,19.169839569835517,True
LV,F,PAS,11.0,,1026719.0,,2020,Latvia,10.713739591845481,5.348260202876189,19.169839569835517,True
LV,F,PED,22.0,,1026719.0,,2020,Latvia,21.427479183690963,13.428487124743588,32.441460990909135,True
LV,F,UNK,0.0,,1026719.0,,2020,Latvia,0.0,0.0,3.592881259735074,True
LV,UNK,TOTAL,1.0,,,,2020,Latvia,,,,False
LV,UNK,DRIV,1.0,,,,2020,Latvia,,,,False
LV,UNK,PAS,0.0,,,,2020,Latvia,,,,False
LV,UNK,PED,0.0,,,,2020,Latvia,,,,False
LV,UNK,UNK,0.0,,,,2020,Latvia,,,,False
LV,T,TOTAL,151.0,,1893223.0,,2021,Latvia,79.75816900597552,67.54420142846189,93.54251094893758,True
LV,T,DRIV,81.0,,1893223.0,,2021,Latvia,42.78418337406634,33.97681730791637,53.176833463426675,True
LV,T,PAS,19.0,,1893223.0,,2021,Latvia,10.035796100089636,6.042204835017711,15.672138766318383,True
LV,T,PED,46.0,,1893223.0,,2021,Latvia,24.297190558111748,17.78859722757006,32.409047275775755,True
LV,T,UNK,5.0,,1893223.0,,2021,Latvia,2.640998973707799,0.8575251780262658,6.163210609274591,True
LV,M,TOTAL,114.0,,875225.0,,2021,Latvia,130.2522208574938,107.44202023703093,156.4727054026512,True
LV,M,DRIV,68.0,,875225.0,,2021,Latvia,77.69430717815419,60.33266960224225,98.49604748039596,True
LV,M,PAS,11.0,,875225.0,,2021,Latvia,12.568196749407296,6.273998534361837,22.487975678599163,True
LV,M,PED,32.0,,875225.0,,2021,Latvia,36.56202690736668,25.008399338780958,51.61467288916618,True
LV,M,UNK,3.0,,875225.0,,2021,Latvia,3.427690022565626,0.7068720876295826,10.017164808754691,True
LV,F,TOTAL,36.0,,1017998.0,,2021,Latvia,35.363527236792216,24.768179718737393,48.958027903037326,True
LV,F,DRIV,12.0,,1017998.0,,2021,Latvia,11.787842412264071,6.090950187252057,20.590988438265065,True
LV,F,PAS,8.0,,1017998.0,,2021,Latvia,7.858561608176047,3.392769118159861,15.484499203528213,True
LV,F,PED,14.0,,1017998.0,,2021,Latvia,13.752482814308083,7.518610327624023,23.074329342332277,True
LV,F,UNK,2.0,,1017998.0,,2021,Latvia,1.9646404020440118,0.2379270671887028,7.096956642079808,True
LV,UNK,TOTAL,1.0,,,,2021,Latvia,,,,False
LV,UNK,DRIV,1.0,,,,2021,Latvia,,,,False
LV,UNK,PAS,0.0,,,,2021,Latvia,,,,False
LV,UNK,PED,0.0,,,,2021,Latvia,,,,False
LV,UNK,UNK,0.0,,,,2021,Latvia,,,,False
LV,T,TOTAL,115.0,,1875757.0,,2022,Latvia,61.308581015557984,50.61652136233443,73.59166652127145,True
LV,T,DRIV,65.0,,1875757.0,,2022,Latvia,34.65267622618495,26.744203928992007,44.167680470269644,True
LV,T,PAS,18.0,,1875757.0,,2022,Latvia,9.596125724174293,5.687272274819993,15.166015783242702,True
LV,T,PED,30.0,,1875757.0,,2022,Latvia,15.993542873623822,10.790776215373802,22.831776927825757,True
LV,T,UNK,2.0,,1875757.0,,2022,Latvia,1.0662361915749214,0.12912614935941333,3.8516117320761487,True
LV,M,TOTAL,82.0,,869057.0,,2022,Latvia,94.3551458650008,75.04344763105799,117.11961486538642,True
LV,M,DRIV,57.0,,869057.0,,2022,Latvia,65.58833310128104,49.67596298392941,84.97729309235505,True
LV,M,PAS,10.0,,869057.0,,2022,Latvia,11.506725105487902,5.517921950035997,21.161277156754707,True
LV,M,PED,13.0,,869057.0,,2022,Latvia,14.958742637134273,7.964900450722796,25.57990548164145,True
LV,M,UNK,2.0,,869057.0,,2022,Latvia,2.3013450210975805,0.27870355862039553,8.313249496550814,True
LV,F,TOTAL,33.0,,1006700.0,,2022,Latvia,32.780371510877124,22.56449942657181,46.03582921343925,True
LV,F,DRIV,8.0,,1006700.0,,2022,Latvia,7.946756729909605,3.430845511819313,15.65827875255122,True
LV,F,PAS,8.0,,1006700.0,,2022,Latvia,7.946756729909605,3.430845511819313,15.65827875255122,True
LV,F,PED,17.0,,1006700.0,,2022,Latvia,16.886858051057914,9.837217114937214,27.03749559541732,True
LV,F,UNK,0.0,,1006700.0,,2022,Latvia,0.0,0.0,3.664328453475649,True
LV,UNK,TOTAL,0.0,,,,2022,Latvia,,,,False
LV,UNK,DRIV,0.0,,,,2022,Latvia,,,,False
LV,UNK,PAS,0.0,,,,2022,Latvia,,,,False
LV,UNK,PED,0.0,,,,2022,Latvia,,,,False
LV,UNK,UNK,0.0,,,,2022,Latvia,,,,False
LV,T,TOTAL,138.0,,1895239.0,,2023,Latvia,72.81403559128954,61.17271313964572,86.02594807500012,True
LV,T,DRIV,84.0,,1895239.0,,2023,Latvia,44.321586881654504,35.35263348832839,54.873140416532,True
LV,T,PAS,17.0,,1895239.0,,2023,Latvia,8.969844964144364,5.225265240746572,14.361590710146116,True
LV,T,PED,31.0,,1895239.0,,2023,Latvia,16.35677611108678,11.113635789017561,23.21713805132163,True
LV,T,UNK,6.0,,1895239.0,,2023,Latvia,3.165827634403893,1.161802945956078,6.8906739585449035,True
LV,M,TOTAL,106.0,,877212.0,,2023,Latvia,120.83738024559628,98.93174599392795,146.1493305243741,True
LV,M,DRIV,76.0,,877212.0,,2023,Latvia,86.63812168552185,68.26098580098493,108.44052858753822,True
LV,M,PAS,8.0,,877212.0,,2023,Latvia,9.11980228268651,3.937283321190889,17.969646129092297,True
LV,M,PED,16.0,,877212.0,,2023,Latvia,18.23960456537302,10.42550997209515,29.619975100159298,True
LV,M,UNK,6.0,,877212.0,,2023,Latvia,6.839851712014884,2.510105029902522,14.887477625156388,True
LV,F,TOTAL,31.0,,1018027.0,,2023,Latvia,30.45105876366737,20.690017041927035,43.22284723612316,True
LV,F,DRIV,7.0,,1018027.0,,2023,Latvia,6.876045527279729,2.7645269246492155,14.16728177317731,True
LV,F,PAS,9.0,,1018027.0,,2023,Latvia,8.840629963645364,4.042498968473659,16.782269479512003,True
LV,F,PED,15.0,,1018027.0,,2023,Latvia,14.734383272742274,8.246722466872994,24.30212447360025,True
LV,F,UNK,0.0,,1018027.0,,2023,Latvia,0.0,0.0,3.623557581590602,True
LV,UNK,TOTAL,1.0,,,,2023,Latvia,,,,False
LV,UNK,DRIV,1.0,,,,2023,Latvia,,,,False
LV,UNK,PAS,0.0,,,,2023,Latvia,,,,False
LV,UNK,PED,0.0,,,,2023,Latvia,,,,False
LV,UNK,UNK,0.0,,,,2023,Latvia,,,,False
LV,T,TOTAL,112.0,,1878575.0,,2024,Latvia,59.61965851775947,49.09064239253604,71.73794141417585,True
LV,T,DRIV,53.0,,1878575.0,,2024,Latvia,28.21287412001118,21.133378721827697,36.90313398677415,True
LV,T,PAS,23.0,,1878575.0,,2024,Latvia,12.243322731325605,7.7612163672170045,18.370995512467182,True
LV,T,PED,34.0,,1878575.0,,2024,Latvia,18.098824907176983,12.533962383494016,25.29129371742043,True
LV,T,UNK,2.0,,1878575.0,,2024,Latvia,1.0646367592457049,0.1289324506841436,3.8458340325640235,True
LV,M,TOTAL,86.0,,870795.0,,2024,Latvia,98.7603282058349,78.99551472409694,121.96820190968849,True
LV,M,DRIV,50.0,,870795.0,,2024,Latvia,57.41879546850866,42.61733672961129,75.69952361271805,True
LV,M,PAS,13.0,,870795.0,,2024,Latvia,14.928886821812252,7.949003486473626,25.528851128174683,True
LV,M,PED,22.0,,870795.0,,2024,Latvia,25.26427000614381,15.832983506140494,38.250408405107095,True
LV,M,UNK,1.0,,870795.0,,2024,Latvia,1.1483759093701733,0.029074360767218345,6.398341045755772,True
LV,F,TOTAL,26.0,,1007780.0,,2024,Latvia,25.799281589235747,16.852947285713494,37.80192510580186,True
LV,F,DRIV,3.0,,1007780.0,,2024,Latvia,2.9768401833733553,0.6138960119228417,8.699590257538674,True
LV,F,PAS,10.0,,1007780.0,,2024,Latvia,9.922800611244517,4.758368588513796,18.24838361747383,True
LV,F,PED,12.0,,1007780.0,,2024,Latvia,11.907360733493421,6.1527070478896375,20.799762892870426,True
LV,F,UNK,1.0,,1007780.0,,2024,Latvia,0.9922800611244518,0.025122356054188312,5.528630644524497,True
LV,UNK,TOTAL,0.0,,,,2024,Latvia,,,,False
LV,UNK,DRIV,0.0,,,,2024,Latvia,,,,False
LV,UNK,PAS,0.0,,,,2024,Latvia,,,,False
LV,UNK,PED,0.0,,,,2024,Latvia,,,,False
LV,UNK,UNK,0.0,,,,2024,Latvia,,,,False
MT,T,TOTAL,13.0,,414027.0,,2010,Malta,31.398918428025226,16.718601663668796,53.69310677361349,True
MT,T,DRIV,7.0,,414027.0,,2010,Malta,16.907109922782812,6.7975350678092665,34.83510824584478,True
MT,T,PAS,4.0,,414027.0,,2010,Malta,9.661205670161609,2.632353381847863,24.73652364556827,True
MT,T,PED,2.0,,414027.0,,2010,Malta,4.830602835080804,0.585008413808677,17.449798365140342,True
MT,T,UNK,0.0,,414027.0,,2010,Malta,0.0,0.0,8.909755774657052,True
MT,M,TOTAL,8.0,,206203.0,,2010,Malta,38.79671973734621,16.749669872642503,76.4450042928246,True
MT,M,DRIV,6.0,,206203.0,,2010,Malta,29.097539803009656,10.678284280494713,63.33309419610134,True
MT,M,PAS,1.0,,206203.0,,2010,Malta,4.849589967168276,0.12278098759130517,27.02018588933671,True
MT,M,PED,1.0,,206203.0,,2010,Malta,4.849589967168276,0.12278098759130517,27.02018588933671,True
MT,M,UNK,0.0,,206203.0,,2010,Malta,0.0,0.0,17.889552790764128,True
MT,F,TOTAL,5.0,,207824.0,,2010,Malta,24.058819000692893,7.811833041989477,56.14525790728053,True
MT,F,DRIV,1.0,,207824.0,,2010,Malta,4.8117638001385785,0.12182331195766562,26.809431975801147,True
MT,F,PAS,3.0,,207824.0,,2010,Malta,14.435291400415736,2.976904125103941,42.18604718291595,True
MT,F,PED,1.0,,207824.0,,2010,Malta,4.8117638001385785,0.12182331195766562,26.809431975801147,True
MT,F,UNK,0.0,,207824.0,,2010,Malta,0.0,0.0,17.750016620380396,True
MT,UNK,TOTAL,0.0,,,,2010,Malta,,,,False
MT,UNK,DRIV,0.0,,,,2010,Malta,,,,False
MT,UNK,PAS,0.0,,,,2010,Malta,,,,False
MT,UNK,PED,0.0,,,,2010,Malta,,,,False
MT,UNK,UNK,0.0,,,,2010,Malta,,,,False
MT,T,TOTAL,16.0,,414989.0,,2011,Malta,38.555238813558915,22.037650283842535,62.611292341630595,True
MT,T,DRIV,,,414989.0,,2011,Malta,,,,False
MT,T,PAS,,,414989.0,,2011,Malta,,,,False
MT,T,PED,,,414989.0,,2011,Malta,,,,False
MT,T,UNK,16.0,,414989.0,,2011,Malta,38.555238813558915,22.037650283842535,62.611292341630595,True
MT,M,TOTAL,,,206405.0,,2011,Malta,,,,False
MT,M,DRIV,,,206405.0,,2011,Malta,,,,False
MT,M,PAS,,,206405.0,,2011,Malta,,,,False
MT,M,PED,,,206405.0,,2011,Malta,,,,False
MT,M,UNK,,,206405.0,,2011,Malta,,,,False
MT,F,TOTAL,,,208584.0,,2011,Malta,,,,False
MT,F,DRIV,,,208584.0,,2011,Malta,,,,False
MT,F,PAS,,,208584.0,,2011,Malta,,,,False
MT,F,PED,,,208584.0,,2011,Malta,,,,False
MT,F,UNK,,,208584.0,,2011,Malta,,,,False
MT,UNK,TOTAL,16.0,,,,2011,Malta,,,,False
MT,UNK,DRIV,,,,,2011,Malta,,,,False
MT,UNK,PAS,,,,,2011,Malta,,,,False
MT,UNK,PED,,,,,2011,Malta,,,,False
MT,UNK,UNK,16.0,,,,2011,Malta,,,,False
MT,T,TOTAL,9.0,,417546.0,,2012,Malta,21.554511359227487,9.8560951305445,40.91717667375371,True
MT,T,DRIV,,,417546.0,,2012,Malta,,,,False
MT,T,PAS,,,417546.0,,2012,Malta,,,,False
MT,T,PED,,,417546.0,,2012,Malta,,,,False
MT,T,UNK,9.0,,417546.0,,2012,Malta,21.554511359227487,9.8560951305445,40.91717667375371,True
MT,M,TOTAL,,,207695.0,,2012,Malta,,,,False
MT,M,DRIV,,,207695.0,,2012,Malta,,,,False
MT,M,PAS,,,207695.0,,2012,Malta,,,,False
MT,M,PED,,,207695.0,,2012,Malta,,,,False
MT,M,UNK,,,207695.0,,2012,Malta,,,,False
MT,F,TOTAL,,,209851.0,,2012,Malta,,,,False
MT,F,DRIV,,,209851.0,,2012,Malta,,,,False
MT,F,PAS,,,209851.0,,2012,Malta,,,,False
MT,F,PED,,,209851.0,,2012,Malta,,,,False
MT,F,UNK,,,209851.0,,2012,Malta,,,,False
MT,UNK,TOTAL,9.0,,,,2012,Malta,,,,False
MT,UNK,DRIV,,,,,2012,Malta,,,,False
MT,UNK,PAS,,,,,2012,Malta,,,,False
MT,UNK,PED,,,,,2012,Malta,,,,False
MT,UNK,UNK,9.0,,,,2012,Malta,,,,False
MT,T,TOTAL,17.0,,421464.0,,2013,Malta,40.335592126492415,23.496968826773564,64.58119036479181,True
MT,T,DRIV,,,421464.0,,2013,Malta,,,,False
MT,T,PAS,,,421464.0,,2013,Malta,,,,False
MT,T,PED,,,421464.0,,2013,Malta,,,,False
MT,T,UNK,17.0,,421464.0,,2013,Malta,40.335592126492415,23.496968826773564,64.58119036479181,True
MT,M,TOTAL,,,210024.0,,2013,Malta,,,,False
MT,M,DRIV,,,210024.0,,2013,Malta,,,,False
MT,M,PAS,,,210024.0,,2013,Malta,,,,False
MT,M,PED,,,210024.0,,2013,Malta,,,,False
MT,M,UNK,,,210024.0,,2013,Malta,,,,False
MT,F,TOTAL,,,211440.0,,2013,Malta,,,,False
MT,F,DRIV,,,211440.0,,2013,Malta,,,,False
MT,F,PAS,,,211440.0,,2013,Malta,,,,False
MT,F,PED,,,211440.0,,2013,Malta,,,,False
MT,F,UNK,,,211440.0,,2013,Malta,,,,False
MT,UNK,TOTAL,17.0,,,,2013,Malta,,,,False
MT,UNK,DRIV,,,,,2013,Malta,,,,False
MT,UNK,PAS,,,,,2013,Malta,,,,False
MT,UNK,PED,,,,,2013,Malta,,,,False
MT,UNK,UNK,17.0,,,,2013,Malta,,,,False
MT,T,TOTAL,10.0,,428156.0,,2014,Malta,23.35597305654948,11.200096918255108,42.95246602177192,True
MT,T,DRIV,,,428156.0,,2014,Malta,,,,False
MT,T,PAS,,,428156.0,,2014,Malta,,,,False
MT,T,PED,,,428156.0,,2014,Malta,,,,False
MT,T,UNK,10.0,,428156.0,,2014,Malta,23.35597305654948,11.200096918255108,42.95246602177192,True
MT,M,TOTAL,,,214221.0,,2014,Malta,,,,False
MT,M,DRIV,,,214221.0,,2014,Malta,,,,False
MT,M,PAS,,,214221.0,,2014,Malta,,,,False
MT,M,PED,,,214221.0,,2014,Malta,,,,False
MT,M,UNK,,,214221.0,,2014,Malta,,,,False
MT,F,TOTAL,,,213935.0,,2014,Malta,,,,False
MT,F,DRIV,,,213935.0,,2014,Malta,,,,False
MT,F,PAS,,,213935.0,,2014,Malta,,,,False
MT,F,PED,,,213935.0,,2014,Malta,,,,False
MT,F,UNK,,,213935.0,,2014,Malta,,,,False
MT,UNK,TOTAL,10.0,,,,2014,Malta,,,,False
MT,UNK,DRIV,,,,,2014,Malta,,,,False
MT,UNK,PAS,,,,,2014,Malta,,,,False
MT,UNK,PED,,,,,2014,Malta,,,,False
MT,UNK,UNK,10.0,,,,2014,Malta,,,,False
MT,T,TOTAL,11.0,,438805.0,,2015,Malta,25.068082633516028,12.513896530889207,44.85372434977257,True
MT,T,DRIV,4.0,,438805.0,,2015,Malta,9.115666412187647,2.4837122950429578,23.339726473954702,True
MT,T,PAS,2.0,,438805.0,,2015,Malta,4.557833206093823,0.5519747462858561,16.4644606778044,True
MT,T,PED,5.0,,438805.0,,2015,Malta,11.394583015234558,3.699790089261565,26.591155705433323,True
MT,T,UNK,0.0,,438805.0,,2015,Malta,0.0,0.0,8.406648634618875,True
MT,M,TOTAL,8.0,,220495.0,,2015,Malta,36.28200185945259,15.663993182378295,71.49000757474461,True
MT,M,DRIV,3.0,,220495.0,,2015,Malta,13.605750697294724,2.805832889161212,39.761777227339955,True
MT,M,PAS,1.0,,220495.0,,2015,Malta,4.535250232431574,0.11482259454540873,25.26879698378148,True
MT,M,PED,4.0,,220495.0,,2015,Malta,18.141000929726296,4.942812189057915,46.44816742059318,True
MT,M,UNK,0.0,,220495.0,,2015,Malta,0.0,0.0,16.729991401682284,True
MT,F,TOTAL,3.0,,218310.0,,2015,Malta,13.74192661811186,2.833915637834279,40.159741055115774,True
MT,F,DRIV,1.0,,218310.0,,2015,Malta,4.580642206037286,0.1159718198171861,25.52170487352342,True
MT,F,PAS,1.0,,218310.0,,2015,Malta,4.580642206037286,0.1159718198171861,25.52170487352342,True
MT,F,PED,1.0,,218310.0,,2015,Malta,4.580642206037286,0.1159718198171861,25.52170487352342,True
MT,F,UNK,0.0,,218310.0,,2015,Malta,0.0,0.0,16.89743692049808,True
MT,UNK,TOTAL,0.0,,,,2015,Malta,,,,False
MT,UNK,DRIV,0.0,,,,2015,Malta,,,,False
MT,UNK,PAS,0.0,,,,2015,Malta,,,,False
MT,UNK,PED,0.0,,,,2015,Malta,,,,False
MT,UNK,UNK,0.0,,,,2015,Malta,,,,False
MT,T,TOTAL,23.0,,449635.0,,2016,Malta,51.152601554594284,32.4263614643982,76.75401802536065,True
MT,T,DRIV,12.0,,449635.0,,2016,Malta,26.68831385457093,13.790241215034904,46.619113387919,True
MT,T,PAS,3.0,,449635.0,,2016,Malta,6.672078463642732,1.3759429824092908,19.498644611167556,True
MT,T,PED,8.0,,449635.0,,2016,Malta,17.79220923638062,7.68141309450666,35.05774510479236,True
MT,T,UNK,0.0,,449635.0,,2016,Malta,0.0,0.0,8.204164386922583,True
MT,M,TOTAL,17.0,,226508.0,,2016,Malta,75.05253677574302,43.72086844441385,120.16638183157599,True
MT,M,DRIV,10.0,,226508.0,,2016,Malta,44.148551044554715,21.170946262968343,81.1907572448557,True
MT,M,PAS,0.0,,226508.0,,2016,Malta,0.0,0.0,16.28586828771582,True
MT,M,PED,7.0,,226508.0,,2016,Malta,30.903985731188303,12.425005083793362,63.67402194051591,True
MT,M,UNK,0.0,,226508.0,,2016,Malta,0.0,0.0,16.28586828771582,True
MT,F,TOTAL,6.0,,223127.0,,2016,Malta,26.89051526709004,9.868345173335594,58.529330930450755,True
MT,F,DRIV,2.0,,223127.0,,2016,Malta,8.963505089030015,1.0855220504195595,32.37926233814805,True
MT,F,PAS,3.0,,223127.0,,2016,Malta,13.44525763354502,2.772735361007863,39.29274838877556,True
MT,F,PED,1.0,,223127.0,,2016,Malta,4.4817525445150075,0.11346815035513362,24.970726944470627,True
MT,F,UNK,0.0,,223127.0,,2016,Malta,0.0,0.0,16.532644879884263,True
MT,UNK,TOTAL,0.0,,,,2016,Malta,,,,False
MT,UNK,DRIV,0.0,,,,2016,Malta,,,,False
MT,UNK,PAS,0.0,,,,2016,Malta,,,,False
MT,UNK,PED,0.0,,,,2016,Malta,,,,False
MT,UNK,UNK,0.0,,,,2016,Malta,,,,False
MT,T,TOTAL,19.0,,459375.0,,2017,Malta,41.36054421768708,24.901749473451396,64.58961321705706,True
MT,T,DRIV,6.0,,459375.0,,2017,Malta,13.061224489795919,4.793239191272601,28.428786987795778,True
MT,T,PAS,6.0,,459375.0,,2017,Malta,13.061224489795919,4.793239191272601,28.428786987795778,True
MT,T,PED,7.0,,459375.0,,2017,Malta,15.238095238095237,6.12650460194801,31.396300107107216,True
MT,T,UNK,0.0,,459375.0,,2017,Malta,0.0,0.0,8.03021377766299,True
MT,M,TOTAL,10.0,,231743.0,,2017,Malta,43.15124944442766,20.692701380979937,79.35668409409465,True
MT,M,DRIV,6.0,,231743.0,,2017,Malta,25.8907496666566,9.501448818263556,56.35326211587269,True
MT,M,PAS,1.0,,231743.0,,2017,Malta,4.315124944442767,0.10924950477162157,24.042337377780118,True
MT,M,PED,3.0,,231743.0,,2017,Malta,12.9453748333283,2.6696475099381707,37.831878717986406,True
MT,M,UNK,0.0,,231743.0,,2017,Malta,0.0,0.0,15.91797574948946,True
MT,F,TOTAL,9.0,,227632.0,,2017,Malta,39.53749912138891,18.079062246864822,75.05448904995417,True
MT,F,DRIV,0.0,,227632.0,,2017,Malta,0.0,0.0,16.205452019548815,True
MT,F,PAS,5.0,,227632.0,,2017,Malta,21.965277289660506,7.132065746988213,51.25962992603267,True
MT,F,PED,4.0,,227632.0,,2017,Malta,17.572221831728402,4.787839028020335,44.99186702837779,True
MT,F,UNK,0.0,,227632.0,,2017,Malta,0.0,0.0,16.205452019548815,True
MT,UNK,TOTAL,0.0,,,,2017,Malta,,,,False
MT,UNK,DRIV,0.0,,,,2017,Malta,,,,False
MT,UNK,PAS,0.0,,,,2017,Malta,,,,False
MT,UNK,PED,0.0,,,,2017,Malta,,,,False
MT,UNK,UNK,0.0,,,,2017,Malta,,,,False
MT,T,TOTAL,18.0,,474837.0,,2018,Malta,37.90774518413687,22.466532263491526,59.91058040449245,True
MT,T,DRIV,12.0,,474837.0,,2018,Malta,25.271830122757915,13.058323400919093,44.14480137010587,True
MT,T,PAS,4.0,,474837.0,,2018,Malta,8.423943374252639,2.295241048246714,21.56864076599695,True
MT,T,PED,2.0,,474837.0,,2018,Malta,4.2119716871263195,0.5100893117932366,15.215089952392,True
MT,T,UNK,0.0,,474837.0,,2018,Malta,0.0,0.0,7.768727908974944,True
MT,M,TOTAL,13.0,,240738.0,,2018,Malta,54.00061477622976,28.753053074312326,92.34269586919753,True
MT,M,DRIV,11.0,,240738.0,,2018,Malta,45.69282788757903,22.809695051204375,81.75709075136436,True
MT,M,PAS,1.0,,240738.0,,2018,Malta,4.153893444325366,0.10516747661063022,23.14401295573984,True
MT,M,PED,1.0,,240738.0,,2018,Malta,4.153893444325366,0.10516747661063022,23.14401295573984,True
MT,M,UNK,0.0,,240738.0,,2018,Malta,0.0,0.0,15.323212181350412,True
MT,F,TOTAL,5.0,,234099.0,,2018,Malta,21.358485085369864,6.935041969929052,49.8435793374712,True
MT,F,DRIV,1.0,,234099.0,,2018,Malta,4.271697017073973,0.10815000484534278,23.800372453273607,True
MT,F,PAS,3.0,,234099.0,,2018,Malta,12.815091051221918,2.642779861919963,37.45113421989126,True
MT,F,PED,1.0,,234099.0,,2018,Malta,4.271697017073973,0.10815000484534278,23.800372453273607,True
MT,F,UNK,0.0,,234099.0,,2018,Malta,0.0,0.0,15.757775360483965,True
MT,UNK,TOTAL,0.0,,,,2018,Malta,,,,False
MT,UNK,DRIV,0.0,,,,2018,Malta,,,,False
MT,UNK,PAS,0.0,,,,2018,Malta,,,,False
MT,UNK,PED,0.0,,,,2018,Malta,,,,False
MT,UNK,UNK,0.0,,,,2018,Malta,,,,False
MT,T,TOTAL,16.0,,492968.0,,2019,Malta,32.45646776261339,18.551675673961658,52.70727024383112,True
MT,T,DRIV,0.0,,492968.0,,2019,Malta,0.0,0.0,7.48299981766349,True
MT,T,PAS,11.0,,492968.0,,2019,Malta,22.31382158679671,11.138979339910174,39.92559053184376,True
MT,T,PED,5.0,,492968.0,,2019,Malta,10.142646175816687,3.293289605245008,23.669552748500248,True
MT,T,UNK,0.0,,492968.0,,2019,Malta,0.0,0.0,7.48299981766349,True
MT,M,TOTAL,11.0,,252181.0,,2019,Malta,43.61946379782775,21.77467916788671,78.04726967258419,True
MT,M,DRIV,0.0,,252181.0,,2019,Malta,0.0,0.0,14.627903982115765,True
MT,M,PAS,6.0,,252181.0,,2019,Malta,23.792434798815137,8.731404243344468,51.786114031265974,True
MT,M,PED,5.0,,252181.0,,2019,Malta,19.827028999012615,6.437782347276048,46.26967170136795,True
MT,M,UNK,0.0,,252181.0,,2019,Malta,0.0,0.0,14.627903982115765,True
MT,F,TOTAL,5.0,,240787.0,,2019,Malta,20.765240648373872,6.74241711603376,48.45914471845519,True
MT,F,DRIV,0.0,,240787.0,,2019,Malta,0.0,0.0,15.320093917503584,True
MT,F,PAS,5.0,,240787.0,,2019,Malta,20.765240648373872,6.74241711603376,48.45914471845519,True
MT,F,PED,0.0,,240787.0,,2019,Malta,0.0,0.0,15.320093917503584,True
MT,F,UNK,0.0,,240787.0,,2019,Malta,0.0,0.0,15.320093917503584,True
MT,UNK,TOTAL,0.0,,,,2019,Malta,,,,False
MT,UNK,DRIV,0.0,,,,2019,Malta,,,,False
MT,UNK,PAS,0.0,,,,2019,Malta,,,,False
MT,UNK,PED,0.0,,,,2019,Malta,,,,False
MT,UNK,UNK,0.0,,,,2019,Malta,,,,False
MT,T,TOTAL,12.0,,514855.0,,2020,Malta,23.307533188956114,12.043342511429858,40.71356993362589,True
MT,T,DRIV,10.0,,514855.0,,2020,Malta,19.422944324130096,9.314056765754307,35.719486150504075,True
MT,T,PAS,1.0,,514855.0,,2020,Malta,1.9422944324130096,0.049174637488787906,10.821771937611361,True
MT,T,PED,1.0,,514855.0,,2020,Malta,1.9422944324130096,0.049174637488787906,10.821771937611361,True
MT,T,UNK,0.0,,514855.0,,2020,Malta,0.0,0.0,7.164890025568239,True
MT,M,TOTAL,10.0,,266559.0,,2020,Malta,37.515146740496476,17.98997106131263,68.99169055262729,True
MT,M,DRIV,9.0,,266559.0,,2020,Malta,33.76363206644683,15.438882564003967,64.09389085125306,True
MT,M,PAS,0.0,,266559.0,,2020,Malta,0.0,0.0,13.838885402908684,True
MT,M,PED,1.0,,266559.0,,2020,Malta,3.7515146740496474,0.09498012816783488,20.90210193967901,True
MT,M,UNK,0.0,,266559.0,,2020,Malta,0.0,0.0,13.838885402908684,True
MT,F,TOTAL,2.0,,248296.0,,2020,Malta,8.054902213487129,0.9754860269354524,29.097076343251445,True
MT,F,DRIV,1.0,,248296.0,,2020,Malta,4.027451106743564,0.1019662337866494,22.43952134121733,True
MT,F,PAS,1.0,,248296.0,,2020,Malta,4.027451106743564,0.1019662337866494,22.43952134121733,True
MT,F,PED,0.0,,248296.0,,2020,Malta,0.0,0.0,14.856781640114765,True
MT,F,UNK,0.0,,248296.0,,2020,Malta,0.0,0.0,14.856781640114765,True
MT,UNK,TOTAL,0.0,,,,2020,Malta,,,,False
MT,UNK,DRIV,0.0,,,,2020,Malta,,,,False
MT,UNK,PAS,0.0,,,,2020,Malta,,,,False
MT,UNK,PED,0.0,,,,2020,Malta,,,,False
MT,UNK,UNK,0.0,,,,2020,Malta,,,,False
MT,T,TOTAL,9.0,,516125.0,,2021,Malta,17.43763623153306,7.973597669902317,33.10206529700977,True
MT,T,DRIV,5.0,,516125.0,,2021,Malta,9.687575684185033,3.1455294553033104,22.607570025328496,True
MT,T,PAS,0.0,,516125.0,,2021,Malta,0.0,0.0,7.147259780312784,True
MT,T,PED,4.0,,516125.0,,2021,Malta,7.750060547348026,2.1116306585155242,19.843233083853125,True
MT,T,UNK,0.0,,516125.0,,2021,Malta,0.0,0.0,7.147259780312784,True
MT,M,TOTAL,6.0,,267614.0,,2021,Malta,22.420351700583677,8.22787392845984,48.79966676825086,True
MT,M,DRIV,5.0,,267614.0,,2021,Malta,18.683626417153064,6.066522641260999,43.601351496269515,True
MT,M,PAS,0.0,,267614.0,,2021,Malta,0.0,0.0,13.78432912371526,True
MT,M,PED,1.0,,267614.0,,2021,Malta,3.7367252834306126,0.09460569321593751,20.819700729180454,True
MT,M,UNK,0.0,,267614.0,,2021,Malta,0.0,0.0,13.78432912371526,True
MT,F,TOTAL,3.0,,248511.0,,2021,Malta,12.071900237816434,2.48951604917127,35.279215285208,True
MT,F,DRIV,0.0,,248511.0,,2021,Malta,0.0,0.0,14.843928253131393,True
MT,F,PAS,0.0,,248511.0,,2021,Malta,0.0,0.0,14.843928253131393,True
MT,F,PED,3.0,,248511.0,,2021,Malta,12.071900237816434,2.48951604917127,35.279215285208,True
MT,F,UNK,0.0,,248511.0,,2021,Malta,0.0,0.0,14.843928253131393,True
MT,UNK,TOTAL,0.0,,,,2021,Malta,,,,False
MT,UNK,DRIV,0.0,,,,2021,Malta,,,,False
MT,UNK,PAS,0.0,,,,2021,Malta,,,,False
MT,UNK,PED,0.0,,,,2021,Malta,,,,False
MT,UNK,UNK,0.0,,,,2021,Malta,,,,False
MT,T,TOTAL,28.0,,520174.0,,2022,Malta,53.828142121674674,35.76840952423138,77.79665254947037,True
MT,T,DRIV,12.0,,520174.0,,2022,Malta,23.069203766432,11.920194221014928,40.29725639531572,True
MT,T,PAS,1.0,,520174.0,,2022,Malta,1.9224336472026669,0.04867180594241523,10.7111147249553,True
MT,T,PED,15.0,,520174.0,,2022,Malta,28.836504708040003,16.139572782921316,47.56142919770278,True
MT,T,UNK,0.0,,520174.0,,2022,Malta,0.0,0.0,7.091625983063236,True
MT,M,TOTAL,24.0,,270469.0,,2022,Malta,88.73475333587213,56.85403079349745,132.03027923256718,True
MT,M,DRIV,11.0,,270469.0,,2022,Malta,40.670095278941396,20.302365029769913,72.77003469270768,True
MT,M,PAS,1.0,,270469.0,,2022,Malta,3.6972813889946723,0.09360706027045576,20.599933415433554,True
MT,M,PED,12.0,,270469.0,,2022,Malta,44.367376667936064,22.925270950542277,77.50087828245366,True
MT,M,UNK,0.0,,270469.0,,2022,Malta,0.0,0.0,13.63882535194028,True
MT,F,TOTAL,4.0,,249705.0,,2022,Malta,16.018902304719568,4.364611736354198,41.01475210910352,True
MT,F,DRIV,1.0,,249705.0,,2022,Malta,4.004725576179892,0.10139087316749724,22.312902789046664,True
MT,F,PAS,0.0,,249705.0,,2022,Malta,0.0,0.0,14.772949897334597,True
MT,F,PED,3.0,,249705.0,,2022,Malta,12.014176728539677,2.4776120738295244,35.110522695750284,True
MT,F,UNK,0.0,,249705.0,,2022,Malta,0.0,0.0,14.772949897334597,True
MT,UNK,TOTAL,0.0,,,,2022,Malta,,,,False
MT,UNK,DRIV,0.0,,,,2022,Malta,,,,False
MT,UNK,PAS,0.0,,,,2022,Malta,,,,False
MT,UNK,PED,0.0,,,,2022,Malta,,,,False
MT,UNK,UNK,0.0,,,,2022,Malta,,,,False
MT,T,TOTAL,16.0,,542051.0,,2023,Malta,29.51751772434697,16.871811791955977,47.93459950735436,True
MT,T,DRIV,7.0,,542051.0,,2023,Malta,12.9139140044018,5.192063203499057,26.607598476347018,True
MT,T,PAS,2.0,,542051.0,,2023,Malta,3.689689715543371,0.44683854202642387,13.328427892807062,True
MT,T,PED,7.0,,542051.0,,2023,Malta,12.9139140044018,5.192063203499057,26.607598476347018,True
MT,T,UNK,0.0,,542051.0,,2023,Malta,0.0,0.0,6.805410291861717,True
MT,M,TOTAL,13.0,,284821.0,,2023,Malta,45.64270190751384,24.302816474219952,78.050410321426,True
MT,M,DRIV,7.0,,284821.0,,2023,Malta,24.5768394886613,9.881164140003255,50.63768248023277,True
MT,M,PAS,1.0,,284821.0,,2023,Malta,3.510977069808757,0.0888902432906629,19.561912186737977,True
MT,M,PED,5.0,,284821.0,,2023,Malta,17.554885349043786,5.700023488852371,40.967246373415826,True
MT,M,UNK,0.0,,284821.0,,2023,Malta,0.0,0.0,12.951571176682673,True
MT,F,TOTAL,3.0,,257230.0,,2023,Malta,11.662714302375306,2.405132072058475,34.08340034110455,True
MT,F,DRIV,0.0,,257230.0,,2023,Malta,0.0,0.0,14.340782389744335,True
MT,F,PAS,1.0,,257230.0,,2023,Malta,3.887571434125102,0.09842478709438984,21.660161687745976,True
MT,F,PED,2.0,,257230.0,,2023,Malta,7.775142868250204,0.9416058723475687,28.086489397519575,True
MT,F,UNK,0.0,,257230.0,,2023,Malta,0.0,0.0,14.340782389744335,True
MT,UNK,TOTAL,0.0,,,,2023,Malta,,,,False
MT,UNK,DRIV,0.0,,,,2023,Malta,,,,False
MT,UNK,PAS,0.0,,,,2023,Malta,,,,False
MT,UNK,PED,0.0,,,,2023,Malta,,,,False
MT,UNK,UNK,0.0,,,,2023,Malta,,,,False
MT,T,TOTAL,12.0,,563443.0,,2024,Malta,21.29762904144696,11.004795709099623,37.202671873067835,True
MT,T,DRIV,7.0,,563443.0,,2024,Malta,12.423616940844061,4.9949383549354005,25.597399136562842,True
MT,T,PAS,1.0,,563443.0,,2024,Malta,1.77480242012058,0.04493410688266586,9.88856617428719,True
MT,T,PED,4.0,,563443.0,,2024,Malta,7.09920968048232,1.934295702717622,18.176796366986,True
MT,T,UNK,0.0,,563443.0,,2024,Malta,0.0,0.0,6.5470321826944975,True
MT,M,TOTAL,10.0,,298746.0,,2024,Malta,33.473251524706605,16.05172519843758,61.55850134233689,True
MT,M,DRIV,7.0,,298746.0,,2024,Malta,23.431276067294625,9.420588230536532,48.27738400414525,True
MT,M,PAS,0.0,,298746.0,,2024,Malta,0.0,0.0,12.347878981187817,True
MT,M,PED,3.0,,298746.0,,2024,Malta,10.041975457411983,2.0708967581008664,29.34691366492714,True
MT,M,UNK,0.0,,298746.0,,2024,Malta,0.0,0.0,12.347878981187817,True
MT,F,TOTAL,2.0,,264697.0,,2024,Malta,7.555809094927407,0.9150435348491486,27.29418039389929,True
MT,F,DRIV,0.0,,264697.0,,2024,Malta,0.0,0.0,13.936234464742462,True
MT,F,PAS,1.0,,264697.0,,2024,Malta,3.7779045474637036,0.09564826191566167,21.049136903474153,True
MT,F,PED,1.0,,264697.0,,2024,Malta,3.7779045474637036,0.09564826191566167,21.049136903474153,True
MT,F,UNK,0.0,,264697.0,,2024,Malta,0.0,0.0,13.936234464742462,True
MT,UNK,TOTAL,0.0,,,,2024,Malta,,,,False
MT,UNK,DRIV,0.0,,,,2024,Malta,,,,False
MT,UNK,PAS,0.0,,,,2024,Malta,,,,False
MT,UNK,PED,0.0,,,,2024,Malta,,,,False
MT,UNK,UNK,0.0,,,,2024,Malta,,,,False
NL,T,TOTAL,537.0,,16574989.0,,2010,Netherlands,32.398211546324404,29.715596678920505,35.257980611819605,True
NL,T,DRIV,409.0,,16574989.0,,2010,Netherlands,24.675732816474266,22.341955494639013,27.18703126721101,True
NL,T,PAS,66.0,,16574989.0,,2010,Netherlands,3.981903095078977,3.0796035652657916,5.065957053878395,True
NL,T,PED,62.0,,16574989.0,,2010,Netherlands,3.7405756347711603,2.86787789036678,4.795249147721682,True
NL,T,UNK,0.0,,16574989.0,,2010,Netherlands,0.0,0.0,0.22255697751075043,True
NL,M,TOTAL,392.0,,8203476.0,,2010,Netherlands,47.784622030953706,43.1707672356467,52.7572801722953,True
NL,M,DRIV,317.0,,8203476.0,,2010,Netherlands,38.64215608115389,34.504937109826514,43.138843346604325,True
NL,M,PAS,44.0,,8203476.0,,2010,Netherlands,5.363580023882559,3.897185456280281,7.200355834564243,True
NL,M,PED,31.0,,8203476.0,,2010,Netherlands,3.7788859259172574,2.567569647200998,5.3638269318089975,True
NL,M,UNK,0.0,,8203476.0,,2010,Netherlands,0.0,0.0,0.44967273069537056,True
NL,F,TOTAL,145.0,,8371513.0,,2010,Netherlands,17.320644428313017,14.616217081212561,20.380402946060144,True
NL,F,DRIV,92.0,,8371513.0,,2010,Netherlands,10.989650257964122,8.859209173570227,13.477830471227374,True
NL,F,PAS,22.0,,8371513.0,,2010,Netherlands,2.627959844295768,1.6469284431893747,3.978762786025087,True
NL,F,PED,31.0,,8371513.0,,2010,Netherlands,3.703034326053128,2.5160321651703645,5.256161640464364,True
NL,F,UNK,0.0,,8371513.0,,2010,Netherlands,0.0,0.0,0.4406466852663235,True
NL,UNK,TOTAL,0.0,,,,2010,Netherlands,,,,False
NL,UNK,DRIV,0.0,,,,2010,Netherlands,,,,False
NL,UNK,PAS,0.0,,,,2010,Netherlands,,,,False
NL,UNK,PED,0.0,,,,2010,Netherlands,,,,False
NL,UNK,UNK,0.0,,,,2010,Netherlands,,,,False
NL,T,TOTAL,546.0,,16655799.0,,2011,Netherlands,32.78137542365875,30.08901621677104,35.65000857519472,True
NL,T,DRIV,423.0,,16655799.0,,2011,Netherlands,25.396560080966395,23.033709796755655,27.936022371794728,True
NL,T,PAS,56.0,,16655799.0,,2011,Netherlands,3.362192351144487,2.5397639694517333,4.366086430773146,True
NL,T,PED,65.0,,16655799.0,,2011,Netherlands,3.9025446932927084,3.011901604314165,4.974113569446388,True
NL,T,UNK,2.0,,16655799.0,,2011,Netherlands,0.12007829825516025,0.014542038994584713,0.43376410028266793,True
NL,M,TOTAL,384.0,,8243482.0,,2011,Netherlands,46.582257351929684,42.03908649657758,51.48255153122483,True
NL,M,DRIV,315.0,,8243482.0,,2011,Netherlands,38.21200798400482,34.1082456874086,42.67351485833182,True
NL,M,PAS,29.0,,8243482.0,,2011,Netherlands,3.5179308937655227,2.3560135313630743,5.052335583262825,True
NL,M,PED,39.0,,8243482.0,,2011,Netherlands,4.7310105123053585,3.3642109595722385,6.467447113468901,True
NL,M,UNK,1.0,,8243482.0,,2011,Netherlands,0.12130796185398354,0.003071251685184719,0.6758847039320154,True
NL,F,TOTAL,162.0,,8412317.0,,2011,Netherlands,19.257476863984085,16.406176402431484,22.461876647822177,True
NL,F,DRIV,108.0,,8412317.0,,2011,Netherlands,12.838317909322722,10.531521019569723,15.500213590417342,True
NL,F,PAS,27.0,,8412317.0,,2011,Netherlands,3.2095794773306805,2.1151330996876094,4.669769630074821,True
NL,F,PED,26.0,,8412317.0,,2011,Netherlands,3.0907061633554704,2.018951879202406,4.528600632040495,True
NL,F,UNK,1.0,,8412317.0,,2011,Netherlands,0.11887331397521039,0.0030096117376805817,0.6623197141689855,True
NL,UNK,TOTAL,0.0,,,,2011,Netherlands,,,,False
NL,UNK,DRIV,0.0,,,,2011,Netherlands,,,,False
NL,UNK,PAS,0.0,,,,2011,Netherlands,,,,False
NL,UNK,PED,0.0,,,,2011,Netherlands,,,,False
NL,UNK,UNK,0.0,,,,2011,Netherlands,,,,False
NL,T,TOTAL,562.0,,16730348.0,,2012,Netherlands,33.59165033506775,30.871463037124393,36.487290630478654,True
NL,T,DRIV,431.0,,16730348.0,,2012,Netherlands,25.761568139527043,23.38656460460626,28.312370544787832,True
NL,T,PAS,65.0,,16730348.0,,2012,Netherlands,3.8851552878637072,2.9984808283267186,4.9519493447399645,True
NL,T,PED,64.0,,16730348.0,,2012,Netherlands,3.8253836680504194,2.9460115561395046,4.884929542941066,True
NL,T,UNK,2.0,,16730348.0,,2012,Netherlands,0.1195432396265756,0.014477240912380607,0.4318312845449455,True
NL,M,TOTAL,416.0,,8282871.0,,2012,Netherlands,50.224131222133,45.513184709300226,55.29026948199097,True
NL,M,DRIV,341.0,,8282871.0,,2012,Netherlands,41.169299871988834,36.91512298822759,45.77926527227932,True
NL,M,PAS,33.0,,8282871.0,,2012,Netherlands,3.984125794063435,2.742488875261952,5.595193897039962,True
NL,M,PED,40.0,,8282871.0,,2012,Netherlands,4.829243386743558,3.4500822772428745,6.576058828392241,True
NL,M,UNK,2.0,,8282871.0,,2012,Netherlands,0.2414621693371779,0.029242188915409292,0.8722443785160918,True
NL,F,TOTAL,146.0,,8447477.0,,2012,Netherlands,17.283266944674725,14.593536331719658,20.325101230855765,True
NL,F,DRIV,90.0,,8447477.0,,2012,Netherlands,10.654068664525514,8.567129348929388,13.095659187933443,True
NL,F,PAS,32.0,,8447477.0,,2012,Netherlands,3.788113302942405,2.5910666949770405,5.3476857148495895,True
NL,F,PED,24.0,,8447477.0,,2012,Netherlands,2.841084977206804,1.8203367531733394,4.227309242008379,True
NL,F,UNK,0.0,,8447477.0,,2012,Netherlands,0.0,0.0,0.43668416665874743,True
NL,UNK,TOTAL,0.0,,,,2012,Netherlands,,,,False
NL,UNK,DRIV,0.0,,,,2012,Netherlands,,,,False
NL,UNK,PAS,0.0,,,,2012,Netherlands,,,,False
NL,UNK,PED,0.0,,,,2012,Netherlands,,,,False
NL,UNK,UNK,0.0,,,,2012,Netherlands,,,,False
NL,T,TOTAL,476.0,,16779575.0,,2013,Netherlands,28.367822188583443,25.87631227733092,31.03448086989542,True
NL,T,DRIV,382.0,,16779575.0,,2013,Netherlands,22.765773268989232,20.53977078522579,25.167231234488135,True
NL,T,PAS,43.0,,16779575.0,,2013,Netherlands,2.56263939938884,1.8545948399746233,3.4518584535295815,True
NL,T,PED,51.0,,16779575.0,,2013,Netherlands,3.0394095202053686,2.2630400256437224,3.9962622042932425,True
NL,T,UNK,0.0,,16779575.0,,2013,Netherlands,0.0,0.0,0.2198434378769388,True
NL,M,TOTAL,345.0,,8307339.0,,2013,Netherlands,41.52954393699354,37.262412526963224,46.151379411374336,True
NL,M,DRIV,289.0,,8307339.0,,2013,Netherlands,34.78851651533662,30.89288130108916,39.03943378457578,True
NL,M,PAS,26.0,,8307339.0,,2013,Netherlands,3.1297627314835714,2.0444649262051717,4.58582755357943,True
NL,M,PED,30.0,,8307339.0,,2013,Netherlands,3.6112646901733516,2.4365051217268148,5.155304893035864,True
NL,M,UNK,0.0,,8307339.0,,2013,Netherlands,0.0,0.0,0.4440506706315868,True
NL,F,TOTAL,131.0,,8472236.0,,2013,Netherlands,15.462269936767578,12.927970828545238,18.348162497830156,True
NL,F,DRIV,93.0,,8472236.0,,2013,Netherlands,10.97703132915561,8.85988099520001,13.447604979999687,True
NL,F,PAS,17.0,,8472236.0,,2013,Netherlands,2.0065541139316703,1.1688917151985962,3.212687514359446,True
NL,F,PED,21.0,,8472236.0,,2013,Netherlands,2.4786844936802988,1.5343447684975002,3.7889325480243237,True
NL,F,UNK,0.0,,8472236.0,,2013,Netherlands,0.0,0.0,0.43540801437943133,True
NL,UNK,TOTAL,0.0,,,,2013,Netherlands,,,,False
NL,UNK,DRIV,0.0,,,,2013,Netherlands,,,,False
NL,UNK,PAS,0.0,,,,2013,Netherlands,,,,False
NL,UNK,PED,0.0,,,,2013,Netherlands,,,,False
NL,UNK,UNK,0.0,,,,2013,Netherlands,,,,False
NL,T,TOTAL,476.0,,16829289.0,,2014,Netherlands,28.28402316936859,25.799873219890337,30.94280449652243,True
NL,T,DRIV,382.0,,16829289.0,,2014,Netherlands,22.69852279558572,20.47909596023368,25.092886814257945,True
NL,T,PAS,40.0,,16829289.0,,2014,Netherlands,2.3768086696948396,1.6980269601282005,3.236538808263621,True
NL,T,PED,50.0,,16829289.0,,2014,Netherlands,2.9710108371185497,2.2051415087982544,3.9169074025846733,True
NL,T,UNK,4.0,,16829289.0,,2014,Netherlands,0.23768086696948398,0.06476003672088138,0.6085574188786997,True
NL,M,TOTAL,342.0,,8334385.0,,2014,Netherlands,41.03482140553862,36.80057478688167,45.622648284790124,True
NL,M,DRIV,283.0,,8334385.0,,2014,Netherlands,33.95571478879366,30.114451056911992,38.15117926113336,True
NL,M,PAS,22.0,,8334385.0,,2014,Netherlands,2.639666874040496,1.6542651764022913,3.996487369748966,True
NL,M,PED,34.0,,8334385.0,,2014,Netherlands,4.079485168971676,2.8251620706953506,5.700671626665085,True
NL,M,UNK,3.0,,8334385.0,,2014,Netherlands,0.35995457373279494,0.07423128675908318,1.0519400135393702,True
NL,F,TOTAL,134.0,,8494904.0,,2014,Netherlands,15.774162956991628,13.216541696114184,18.682329156534333,True
NL,F,DRIV,99.0,,8494904.0,,2014,Netherlands,11.65404576673262,9.471833331394373,14.188382558903017,True
NL,F,PAS,18.0,,8494904.0,,2014,Netherlands,2.1189174121332037,1.2558047483996906,3.3488030315031203,True
NL,F,PED,16.0,,8494904.0,,2014,Netherlands,1.8834821441184033,1.0765727845354733,3.0586570016048373,True
NL,F,UNK,1.0,,8494904.0,,2014,Netherlands,0.11771763400740021,0.002980352454164273,0.6558806775142954,True
NL,UNK,TOTAL,0.0,,,,2014,Netherlands,,,,False
NL,UNK,DRIV,0.0,,,,2014,Netherlands,,,,False
NL,UNK,PAS,0.0,,,,2014,Netherlands,,,,False
NL,UNK,PED,0.0,,,,2014,Netherlands,,,,False
NL,UNK,UNK,0.0,,,,2014,Netherlands,,,,False
NL,T,TOTAL,531.0,,16900726.0,,2015,Netherlands,31.41876863751297,28.802915165922233,34.20837583156859,True
NL,T,DRIV,403.0,,16900726.0,,2015,Netherlands,23.845129493253722,21.573602410841314,26.290777188164864,True
NL,T,PAS,31.0,,16900726.0,,2015,Netherlands,1.8342407302502863,1.2462775847109677,2.603558302953894,True
NL,T,PED,60.0,,16900726.0,,2015,Netherlands,3.5501433488715217,2.709133379832752,4.569738211639152,True
NL,T,UNK,37.0,,16900726.0,,2015,Netherlands,2.1892550651374383,1.5414376025684358,3.017599725711832,True
NL,M,TOTAL,400.0,,8372858.0,,2015,Netherlands,47.77341261490402,43.20583206249807,52.69247944927239,True
NL,M,DRIV,323.0,,8372858.0,,2015,Netherlands,38.57703068653499,34.4842391857866,43.021958179946864,True
NL,M,PAS,19.0,,8372858.0,,2015,Netherlands,2.269237099207941,1.3662289703667176,3.543694825779392,True
NL,M,PED,38.0,,8372858.0,,2015,Netherlands,4.538474198415882,3.2116944590719383,6.229410425837822,True
NL,M,UNK,20.0,,8372858.0,,2015,Netherlands,2.388670630745201,1.459062077178897,3.6891080563738923,True
NL,F,TOTAL,131.0,,8527868.0,,2015,Netherlands,15.361400997294986,12.843634523957311,18.22846728490246,True
NL,F,DRIV,80.0,,8527868.0,,2015,Netherlands,9.381008242622892,7.4385561069883295,11.675476797651942,True
NL,F,PAS,12.0,,8527868.0,,2015,Netherlands,1.4071512363934338,0.7270955775490684,2.4580100264423606,True
NL,F,PED,22.0,,8527868.0,,2015,Netherlands,2.5797772667212953,1.6167326783469926,3.9058137845385548,True
NL,F,UNK,17.0,,8527868.0,,2015,Netherlands,1.9934642515573646,1.161266387989037,3.191729376663266,True
NL,UNK,TOTAL,0.0,,,,2015,Netherlands,,,,False
NL,UNK,DRIV,0.0,,,,2015,Netherlands,,,,False
NL,UNK,PAS,0.0,,,,2015,Netherlands,,,,False
NL,UNK,PED,0.0,,,,2015,Netherlands,,,,False
NL,UNK,UNK,0.0,,,,2015,Netherlands,,,,False
NL,T,TOTAL,533.0,,16979120.0,,2016,Netherlands,31.39149732141595,28.782715974151476,34.173225513144374,True
NL,T,DRIV,437.0,,16979120.0,,2016,Netherlands,25.737494051517395,23.380661896501344,28.26753045999287,True
NL,T,PAS,0.0,,16979120.0,,2016,Netherlands,0.0,0.0,0.21725975516481041,True
NL,T,PED,44.0,,16979120.0,,2016,Netherlands,2.591418165370172,1.882928406074304,3.4788579314067944,True
NL,T,UNK,52.0,,16979120.0,,2016,Netherlands,3.0625851045283854,2.287285041890347,4.0161729077168244,True
NL,M,TOTAL,385.0,,8417135.0,,2016,Netherlands,45.74002911917179,41.2846491027664,50.54515708495979,True
NL,M,DRIV,330.0,,8417135.0,,2016,Netherlands,39.20573924500439,35.08936150827401,43.67233270755305,True
NL,M,PAS,0.0,,8417135.0,,2016,Netherlands,0.0,0.0,0.438258321164379,True
NL,M,PED,26.0,,8417135.0,,2016,Netherlands,3.088937031424588,2.017796223488912,4.526008443861836,True
NL,M,UNK,29.0,,8417135.0,,2016,Netherlands,3.44535284274281,2.30740687152433,4.94810139537819,True
NL,F,TOTAL,148.0,,8561985.0,,2016,Netherlands,17.28571119898014,14.61306189092647,20.30569260589502,True
NL,F,DRIV,107.0,,8561985.0,,2016,Netherlands,12.497102015478887,10.241676690281025,15.101468559090486,True
NL,F,PAS,0.0,,8561985.0,,2016,Netherlands,0.0,0.0,0.43084395197070957,True
NL,F,PED,18.0,,8561985.0,,2016,Netherlands,2.1023162269029902,1.245965833904115,3.322566001637235,True
NL,F,UNK,23.0,,8561985.0,,2016,Netherlands,2.6862929565982654,1.702879301592409,4.030758392456076,True
NL,UNK,TOTAL,0.0,,,,2016,Netherlands,,,,False
NL,UNK,DRIV,0.0,,,,2016,Netherlands,,,,False
NL,UNK,PAS,0.0,,,,2016,Netherlands,,,,False
NL,UNK,PED,0.0,,,,2016,Netherlands,,,,False
NL,UNK,UNK,0.0,,,,2016,Netherlands,,,,False
NL,T,TOTAL,535.0,,17081507.0,,2017,Netherlands,31.320421552969535,28.72231115414597,34.09043755924762,True
NL,T,DRIV,424.0,,17081507.0,,2017,Netherlands,24.82216586627866,22.51541452991342,27.30112441389554,True
NL,T,PAS,0.0,,17081507.0,,2017,Netherlands,0.0,0.0,0.21595749450642357,True
NL,T,PED,64.0,,17081507.0,,2017,Netherlands,3.746742017551496,2.8854479025905295,4.78450591091787,True
NL,T,UNK,47.0,,17081507.0,,2017,Netherlands,2.75151366913938,2.0217087501158857,3.6589298789999605,True
NL,M,TOTAL,398.0,,8475102.0,,2017,Netherlands,46.96108672202411,42.4601896616573,51.809244007345775,True
NL,M,DRIV,338.0,,8475102.0,,2017,Netherlands,39.88152590965867,35.742673038977294,44.36812462454594,True
NL,M,PAS,0.0,,8475102.0,,2017,Netherlands,0.0,0.0,0.43526077374808414,True
NL,M,PED,36.0,,8475102.0,,2017,Netherlands,4.2477364874192665,2.975062414271265,5.880657777244002,True
NL,M,UNK,24.0,,8475102.0,,2017,Netherlands,2.8318243249461776,1.8144032785312154,4.213530125508013,True
NL,F,TOTAL,137.0,,8606405.0,,2017,Netherlands,15.918377069171157,13.364527283319642,18.81812495322651,True
NL,F,DRIV,86.0,,8606405.0,,2017,Netherlands,9.99255786823883,7.992756469649057,12.34072767688102,True
NL,F,PAS,0.0,,8606405.0,,2017,Netherlands,0.0,0.0,0.4286202490022182,True
NL,F,PED,28.0,,8606405.0,,2017,Netherlands,3.2533909338452003,2.16185464846908,4.702055729804512,True
NL,F,UNK,23.0,,8606405.0,,2017,Netherlands,2.672428267087129,1.6940902777692526,4.009954550690217,True
NL,UNK,TOTAL,0.0,,,,2017,Netherlands,,,,False
NL,UNK,DRIV,0.0,,,,2017,Netherlands,,,,False
NL,UNK,PAS,0.0,,,,2017,Netherlands,,,,False
NL,UNK,PED,0.0,,,,2017,Netherlands,,,,False
NL,UNK,UNK,0.0,,,,2017,Netherlands,,,,False
NL,T,TOTAL,598.0,,17181084.0,,2018,Netherlands,34.80572005817561,32.07161049333979,37.710607074963946,True
NL,T,DRIV,466.0,,17181084.0,,2018,Netherlands,27.122852085467947,24.715853885979,29.700933476193455,True
NL,T,PAS,0.0,,17181084.0,,2018,Netherlands,0.0,0.0,0.214705862221146,True
NL,T,PED,50.0,,17181084.0,,2018,Netherlands,2.910177262389265,2.159989657082281,3.836705918225929,True
NL,T,UNK,82.0,,17181084.0,,2018,Netherlands,4.772690710318394,3.7958625583754992,5.924167598276577,True
NL,M,TOTAL,419.0,,8527041.0,,2018,Netherlands,49.13779586611581,44.544869076619555,54.07572365271455,True
NL,M,DRIV,357.0,,8527041.0,,2018,Netherlands,41.866809365640435,37.63598991139179,46.44309063917968,True
NL,M,PAS,0.0,,8527041.0,,2018,Netherlands,0.0,0.0,0.4326095598829577,True
NL,M,PED,26.0,,8527041.0,,2018,Netherlands,3.0491233711670906,1.9917886187713116,4.467672206938491,True
NL,M,UNK,36.0,,8527041.0,,2018,Netherlands,4.22186312930828,2.9569410323364496,5.844838143646335,True
NL,F,TOTAL,176.0,,8654043.0,,2018,Netherlands,20.337315171648672,17.443621668061294,23.573892743984814,True
NL,F,DRIV,107.0,,8654043.0,,2018,Netherlands,12.3641632009455,10.132730123600702,14.940825609591304,True
NL,F,PAS,0.0,,8654043.0,,2018,Netherlands,0.0,0.0,0.42626081868485466,True
NL,F,PED,24.0,,8654043.0,,2018,Netherlands,2.7732702506793645,1.7768865782948458,4.126406304400523,True
NL,F,UNK,45.0,,8654043.0,,2018,Netherlands,5.199881720023808,3.792829407969716,6.957850856178876,True
NL,UNK,TOTAL,3.0,,,,2018,Netherlands,,,,False
NL,UNK,DRIV,2.0,,,,2018,Netherlands,,,,False
NL,UNK,PAS,0.0,,,,2018,Netherlands,,,,False
NL,UNK,PED,0.0,,,,2018,Netherlands,,,,False
NL,UNK,UNK,1.0,,,,2018,Netherlands,,,,False
NL,T,TOTAL,586.0,,17282163.0,,2019,Netherlands,33.90779267618295,31.21764523785842,36.76774206516838,True
NL,T,DRIV,444.0,,17282163.0,,2019,Netherlands,25.69122858058913,23.356807413775137,28.19579570167556,True
NL,T,PAS,0.0,,17282163.0,,2019,Netherlands,0.0,0.0,0.21345010194117112,True
NL,T,PED,49.0,,17282163.0,,2019,Netherlands,2.835293244254206,2.0975655506101374,3.74840803161724,True
NL,T,UNK,93.0,,17282163.0,,2019,Netherlands,5.3812708513396155,4.343380092135998,6.59242034838652,True
NL,M,TOTAL,412.0,,8581086.0,,2019,Netherlands,48.01257090303022,43.48779763249762,52.880218798998655,True
NL,M,DRIV,320.0,,8581086.0,,2019,Netherlands,37.29131720623707,33.31695372859088,41.6093009820218,True
NL,M,PAS,0.0,,8581086.0,,2019,Netherlands,0.0,0.0,0.42988491830916686,True
NL,M,PED,33.0,,8581086.0,,2019,Netherlands,3.8456670868931973,2.6471802721391957,5.4007463937745515,True
NL,M,UNK,59.0,,8581086.0,,2019,Netherlands,6.875586609899959,5.234015091876884,8.869005783484255,True
NL,F,TOTAL,170.0,,8701077.0,,2019,Netherlands,19.53781123876964,16.71116356743595,22.7056344722352,True
NL,F,DRIV,121.0,,8701077.0,,2019,Netherlands,13.906324469947801,11.53909930491839,16.61628323153952,True
NL,F,PAS,0.0,,8701077.0,,2019,Netherlands,0.0,0.0,0.42395664974737446,True
NL,F,PED,15.0,,8701077.0,,2019,Netherlands,1.7239245210679093,0.9648674678759092,2.8433513312760987,True
NL,F,UNK,34.0,,8701077.0,,2019,Netherlands,3.9075622477539276,2.7061004499296204,5.460426576526456,True
NL,UNK,TOTAL,4.0,,,,2019,Netherlands,,,,False
NL,UNK,DRIV,3.0,,,,2019,Netherlands,,,,False
NL,UNK,PAS,0.0,,,,2019,Netherlands,,,,False
NL,UNK,PED,1.0,,,,2019,Netherlands,,,,False
NL,UNK,UNK,0.0,,,,2019,Netherlands,,,,False
NL,T,TOTAL,515.0,,17407585.0,,2020,Netherlands,29.58480455502587,27.084511385020576,32.25382940436203,True
NL,T,DRIV,430.0,,17407585.0,,2020,Netherlands,24.70187564788568,22.421984731822437,27.150729136237803,True
NL,T,PAS,0.0,,17407585.0,,2020,Netherlands,0.0,0.0,0.2119121896640996,True
NL,T,PED,35.0,,17407585.0,,2020,Netherlands,2.0106177852930203,1.4004689566369928,2.7962826187023113,True
NL,T,UNK,50.0,,17407585.0,,2020,Netherlands,2.8723111218471717,2.131884677711576,3.7867841325684646,True
NL,M,TOTAL,380.0,,8648031.0,,2020,Netherlands,43.94063804812911,39.63319033005736,48.58853299011802,True
NL,M,DRIV,329.0,,8648031.0,,2020,Netherlands,38.043341889038096,34.043112676521886,42.38444564188311,True
NL,M,PAS,0.0,,8648031.0,,2020,Netherlands,0.0,0.0,0.4265571497273698,True
NL,M,PED,21.0,,8648031.0,,2020,Netherlands,2.42829841844924,1.5031549937871622,3.7119120797489513,True
NL,M,UNK,30.0,,8648031.0,,2020,Netherlands,3.4689977406417714,2.3405182082974627,4.952209976445235,True
NL,F,TOTAL,134.0,,8759554.0,,2020,Netherlands,15.29758250248814,12.817233950551268,18.117885075103153,True
NL,F,DRIV,101.0,,8759554.0,,2020,Netherlands,11.530267408591808,9.391592173875397,14.010320126553305,True
NL,F,PAS,0.0,,8759554.0,,2020,Netherlands,0.0,0.0,0.4211264014256817,True
NL,F,PED,14.0,,8759554.0,,2020,Netherlands,1.5982548883196566,0.8737808199253752,2.6816001273393115,True
NL,F,UNK,19.0,,8759554.0,,2020,Netherlands,2.1690602055766766,1.3059159364011839,3.3872561972431003,True
NL,UNK,TOTAL,1.0,,,,2020,Netherlands,,,,False
NL,UNK,DRIV,0.0,,,,2020,Netherlands,,,,False
NL,UNK,PAS,,,,,2020,Netherlands,,,,False
NL,UNK,PED,0.0,,,,2020,Netherlands,,,,False
NL,UNK,UNK,1.0,,,,2020,Netherlands,,,,False
NL,T,TOTAL,509.0,,17475415.0,,2021,Netherlands,29.1266330441938,26.65091702358746,31.770440149628254,True
NL,T,DRIV,416.0,,17475415.0,,2021,Netherlands,23.804871014508095,21.572010607262047,26.20608264093116,True
NL,T,PAS,0.0,,17475415.0,,2021,Netherlands,0.0,0.0,0.2110896624837771,True
NL,T,PED,43.0,,17475415.0,,2021,Netherlands,2.4605996481342505,1.7807481660359532,3.3144115782305383,True
NL,T,UNK,50.0,,17475415.0,,2021,Netherlands,2.8611623815514537,2.1236098677749204,3.77208590836537,True
NL,M,TOTAL,379.0,,8686536.0,,2021,Netherlands,43.63074072334472,39.34817916761586,48.25224790648316,True
NL,M,DRIV,326.0,,8686536.0,,2021,Netherlands,37.52934426335193,33.5655537434691,41.832526393819485,True
NL,M,PAS,0.0,,8686536.0,,2021,Netherlands,0.0,0.0,0.4246663404277534,True
NL,M,PED,24.0,,8686536.0,,2021,Netherlands,2.762896510185418,1.7702399270188325,4.11097100084006,True
NL,M,UNK,29.0,,8686536.0,,2021,Netherlands,3.33849994980738,2.2358458121336215,4.79464281718128,True
NL,F,TOTAL,129.0,,8788879.0,,2021,Netherlands,14.677639776358282,12.254216803051506,17.440062220293463,True
NL,F,DRIV,89.0,,8788879.0,,2021,Netherlands,10.126433644154163,8.132357737812837,12.461447972347376,True
NL,F,PAS,0.0,,8788879.0,,2021,Netherlands,0.0,0.0,0.41972126981312813,True
NL,F,PED,19.0,,8788879.0,,2021,Netherlands,2.161822912796956,1.3015586133756916,3.37595426806827,True
NL,F,UNK,21.0,,8788879.0,,2021,Netherlands,2.3893832194071623,1.4790658722319634,3.652426064227691,True
NL,UNK,TOTAL,1.0,,,,2021,Netherlands,,,,False
NL,UNK,DRIV,1.0,,,,2021,Netherlands,,,,False
NL,UNK,PAS,0.0,,,,2021,Netherlands,,,,False
NL,UNK,PED,0.0,,,,2021,Netherlands,,,,False
NL,UNK,UNK,0.0,,,,2021,Netherlands,,,,False
NL,T,TOTAL,655.0,,17590672.0,,2022,Netherlands,37.23564398221967,34.438279040738166,40.19970975056997,True
NL,T,DRIV,531.0,,17590672.0,,2022,Netherlands,30.186453365738387,27.673199592403076,32.86664584697861,True
NL,T,PAS,62.0,,17590672.0,,2022,Netherlands,3.5245953082406403,2.7022870124673224,4.518372116525523,True
NL,T,PED,62.0,,17590672.0,,2022,Netherlands,3.5245953082406403,2.7022870124673224,4.518372116525523,True
NL,T,UNK,0.0,,17590672.0,,2022,Netherlands,0.0,0.0,0.2097065680102463,True
NL,M,TOTAL,459.0,,8745468.0,,2022,Netherlands,52.48432673928942,47.79209070247291,57.51270656111029,True
NL,M,DRIV,398.0,,8745468.0,,2022,Netherlands,45.50928549507013,41.147533593615705,50.207562077311835,True
NL,M,PAS,29.0,,8745468.0,,2022,Netherlands,3.316003214464909,2.220779395402046,4.762333752588952,True
NL,M,PED,32.0,,8745468.0,,2022,Netherlands,3.6590380297543823,2.50277930366729,5.165469941622389,True
NL,M,UNK,0.0,,8745468.0,,2022,Netherlands,0.0,0.0,0.4218046940557024,True
NL,F,TOTAL,196.0,,8845204.0,,2022,Netherlands,22.15890102704245,19.165140734461247,25.4877075505607,True
NL,F,DRIV,133.0,,8845204.0,,2022,Netherlands,15.036397125493092,12.589661092515737,17.81983025252991,True
NL,F,PAS,33.0,,8845204.0,,2022,Netherlands,3.7308353770020455,2.5681354067955744,5.239479979112895,True
NL,F,PED,30.0,,8845204.0,,2022,Netherlands,3.391668524547314,2.2883445109260245,4.841817712153124,True
NL,F,UNK,0.0,,8845204.0,,2022,Netherlands,0.0,0.0,0.41704854451225043,True
NL,UNK,TOTAL,0.0,,,,2022,Netherlands,,,,False
NL,UNK,DRIV,0.0,,,,2022,Netherlands,,,,False
NL,UNK,PAS,0.0,,,,2022,Netherlands,,,,False
NL,UNK,PED,0.0,,,,2022,Netherlands,,,,False
NL,UNK,UNK,0.0,,,,2022,Netherlands,,,,False
NL,T,TOTAL,608.0,,17811291.0,,2023,Netherlands,34.13565024567843,31.475870829197998,36.960146236199904,True
NL,T,DRIV,470.0,,17811291.0,,2023,Netherlands,26.38775594649484,24.05574811605139,28.884782908694966,True
NL,T,PAS,65.0,,17811291.0,,2023,Netherlands,3.649370503238648,2.816507109407974,4.651422281286156,True
NL,T,PED,73.0,,17811291.0,,2023,Netherlands,4.098523795944943,3.212588403754627,5.1532783436631036,True
NL,T,UNK,0.0,,17811291.0,,2023,Netherlands,0.0,0.0,0.20710904415148434,True
NL,M,TOTAL,443.0,,8850309.0,,2023,Netherlands,50.054749500836635,45.50154077497095,54.94021123937419,True
NL,M,DRIV,362.0,,8850309.0,,2023,Netherlands,40.902526680141904,36.79703609279585,45.340820722362906,True
NL,M,PAS,38.0,,8850309.0,,2023,Netherlands,4.293635397362962,3.0384319513811495,5.8933500422707965,True
NL,M,PED,43.0,,8850309.0,,2023,Netherlands,4.858587423331773,3.516183809171769,6.5444853745088025,True
NL,M,UNK,0.0,,8850309.0,,2023,Netherlands,0.0,0.0,0.41680798423127774,True
NL,F,TOTAL,165.0,,8960982.0,,2023,Netherlands,18.413160521916012,15.710768865651088,21.446955323727863,True
NL,F,DRIV,108.0,,8960982.0,,2023,Netherlands,12.052250523435935,9.886694706984537,14.551163063411895,True
NL,F,PAS,27.0,,8960982.0,,2023,Netherlands,3.013062630858984,1.9856272595754318,4.383847935992074,True
NL,F,PED,30.0,,8960982.0,,2023,Netherlands,3.3478473676210934,2.2587785603654726,4.7792602858489905,True
NL,F,UNK,0.0,,8960982.0,,2023,Netherlands,0.0,0.0,0.4116601789975625,True
NL,UNK,TOTAL,0.0,,,,2023,Netherlands,,,,False
NL,UNK,DRIV,0.0,,,,2023,Netherlands,,,,False
NL,UNK,PAS,0.0,,,,2023,Netherlands,,,,False
NL,UNK,PED,0.0,,,,2023,Netherlands,,,,False
NL,UNK,UNK,0.0,,,,2023,Netherlands,,,,False
NL,T,TOTAL,566.0,,17942942.0,,2024,Netherlands,31.54443680417626,28.998880790283646,34.25358055153967,True
NL,T,DRIV,450.0,,17942942.0,,2024,Netherlands,25.07949922593519,22.815544379803733,27.507317024346964,True
NL,T,PAS,61.0,,17942942.0,,2024,Netherlands,3.3996654506267703,2.600474691440375,4.367012495210433,True
NL,T,PED,55.0,,17942942.0,,2024,Netherlands,3.065272127614301,2.3091824613510137,3.9898730083371703,True
NL,T,UNK,0.0,,17942942.0,,2024,Netherlands,0.0,0.0,0.2055894431422637,True
NL,M,TOTAL,391.0,,8920768.0,,2024,Netherlands,43.83030698702174,39.5929915147146,48.397582494802265,True
NL,M,DRIV,328.0,,8920768.0,,2024,Netherlands,36.76813476149139,32.89626821577613,40.97046327037096,True
NL,M,PAS,36.0,,8920768.0,,2024,Netherlands,4.035526986017348,2.8264334883852187,5.586870378115,True
NL,M,PED,27.0,,8920768.0,,2024,Netherlands,3.0266452395130106,1.9945782842648496,4.403609918469142,True
NL,M,UNK,0.0,,8920768.0,,2024,Netherlands,0.0,0.0,0.41351590514560355,True
NL,F,TOTAL,171.0,,9022174.0,,2024,Netherlands,18.953303272581532,16.21893280355474,22.01668314116924,True
NL,F,DRIV,119.0,,9022174.0,,2024,Netherlands,13.189725669223405,10.926594097745433,15.783473237180694,True
NL,F,PAS,24.0,,9022174.0,,2024,Netherlands,2.660112740011443,1.7043844260470327,3.958036898174787,True
NL,F,PED,28.0,,9022174.0,,2024,Netherlands,3.1034648633466833,2.0622298634295384,4.485370814536297,True
NL,F,UNK,0.0,,9022174.0,,2024,Netherlands,0.0,0.0,0.40886813467728905,True
NL,UNK,TOTAL,4.0,,,,2024,Netherlands,,,,False
NL,UNK,DRIV,3.0,,,,2024,Netherlands,,,,False
NL,UNK,PAS,1.0,,,,2024,Netherlands,,,,False
NL,UNK,PED,0.0,,,,2024,Netherlands,,,,False
NL,UNK,UNK,0.0,,,,2024,Netherlands,,,,False
PL,T,TOTAL,3908.0,,38022869.0,b,2010,Poland,102.78025048556962,99.5828247649754,106.05420768989525,True
PL,T,DRIV,1859.0,,38022869.0,b,2010,Poland,48.89162887734747,46.69413708371579,51.16583659519263,True
PL,T,PAS,813.0,,38022869.0,b,2010,Poland,21.381868895795318,19.937168392275215,22.903588863385615,True
PL,T,PED,1236.0,,38022869.0,b,2010,Poland,32.50675271242683,30.719563609163753,34.37079205690245,True
PL,T,UNK,0.0,,38022869.0,b,2010,Poland,0.0,0.0,0.09701738851200144,True
PL,M,TOTAL,2977.0,,18412237.0,b,2010,Poland,161.68594831795832,155.92950163193322,167.60056264419765,True
PL,M,DRIV,1648.0,,18412237.0,b,2010,Poland,89.50569124218855,85.23600360281104,93.93388004519052,True
PL,M,PAS,473.0,,18412237.0,b,2010,Poland,25.689436867448535,23.426187257451485,28.112311958195868,True
PL,M,PED,856.0,,18412237.0,b,2010,Poland,46.49082020832124,43.428147649093695,49.712497647923655,True
PL,M,UNK,0.0,,18412237.0,b,2010,Poland,0.0,0.0,0.20034933583105277,True
PL,F,TOTAL,913.0,,19610632.0,b,2010,Poland,46.55637819321682,43.58506713575808,49.67692379000519,True
PL,F,DRIV,207.0,,19610632.0,b,2010,Poland,10.555498670313124,9.166445670337428,12.095577319858814,True
PL,F,PAS,339.0,,19610632.0,b,2010,Poland,17.286541300657724,15.49514171429059,19.228221822539332,True
PL,F,PED,367.0,,19610632.0,b,2010,Poland,18.714338222245974,16.848433555389867,20.730419942934823,True
PL,F,UNK,0.0,,19610632.0,b,2010,Poland,0.0,0.0,0.18810609745335774,True
PL,UNK,TOTAL,18.0,,,,2010,Poland,,,,False
PL,UNK,DRIV,4.0,,,,2010,Poland,,,,False
PL,UNK,PAS,1.0,,,,2010,Poland,,,,False
PL,UNK,PED,13.0,,,,2010,Poland,,,,False
PL,UNK,UNK,0.0,,,,2010,Poland,,,,False
PL,T,TOTAL,4189.0,,38062718.0,,2011,Poland,110.05519889567529,106.74739662189998,113.4394385398157,True
PL,T,DRIV,1945.0,,38062718.0,,2011,Poland,51.0998715330839,48.85390430949408,53.422461102326004,True
PL,T,PAS,836.0,,38062718.0,,2011,Poland,21.96374940959287,20.49993582143867,23.504489448406954,True
PL,T,PED,1408.0,,38062718.0,,2011,Poland,36.99157795299852,35.084392003073724,38.97548787087679,True
PL,T,UNK,0.0,,38062718.0,,2011,Poland,0.0,0.0,0.09691581810090219,True
PL,M,TOTAL,3243.0,,18429700.0,,2011,Poland,175.9659679756046,169.96128032286288,182.12863278407892,True
PL,M,DRIV,1692.0,,18429700.0,,2011,Poland,91.80833111770674,87.48543253993499,96.28956365013326,True
PL,M,PAS,533.0,,18429700.0,,2011,Poland,28.920709506937172,26.517262269653592,31.483491146070737,True
PL,M,PED,1018.0,,18429700.0,,2011,Poland,55.23692735096068,51.89545373237038,58.737105764865724,True
PL,M,UNK,0.0,,18429700.0,,2011,Poland,0.0,0.0,0.20015949549444298,True
PL,F,TOTAL,938.0,,19633018.0,,2011,Poland,47.77665868793071,44.76771207594385,50.93464772997809,True
PL,F,DRIV,250.0,,19633018.0,,2011,Poland,12.733651036228867,11.203982782012288,14.413866734208469,True
PL,F,PAS,302.0,,19633018.0,,2011,Poland,15.382250451764472,13.696125235273863,17.218643774407123,True
PL,F,PED,386.0,,19633018.0,,2011,Poland,19.660757199937372,17.74808854783385,21.723367749234818,True
PL,F,UNK,0.0,,19633018.0,,2011,Poland,0.0,0.0,0.18789161473360516,True
PL,UNK,TOTAL,8.0,,,,2011,Poland,,,,False
PL,UNK,DRIV,3.0,,,,2011,Poland,,,,False
PL,UNK,PAS,1.0,,,,2011,Poland,,,,False
PL,UNK,PED,4.0,,,,2011,Poland,,,,False
PL,UNK,UNK,0.0,,,,2011,Poland,,,,False
PL,T,TOTAL,3571.0,,38063792.0,,2012,Poland,93.8161915134467,90.76412533985717,96.94472579656339,True
PL,T,DRIV,1756.0,,38063792.0,,2012,Poland,46.13308101305304,44.000335156636666,48.34247746061323,True
PL,T,PAS,658.0,,38063792.0,,2012,Poland,17.286769536781833,15.9909899161647,18.659585444025943,True
PL,T,PED,1157.0,,38063792.0,,2012,Poland,30.396340963611824,28.66988545071674,32.1995884755334,True
PL,T,UNK,0.0,,38063792.0,,2012,Poland,0.0,0.0,0.0969130835444334,True
PL,M,TOTAL,2725.0,,18427296.0,,2012,Poland,147.8784516187291,142.37776927069476,153.53721618534436,True
PL,M,DRIV,1517.0,,18427296.0,,2012,Poland,82.32352701123376,78.23250379703602,86.57297684784888,True
PL,M,PAS,393.0,,18427296.0,,2012,Poland,21.327057426113956,19.270373541685586,23.543470257570952,True
PL,M,PED,815.0,,18427296.0,,2012,Poland,44.227867181381356,41.24314484892715,47.371509153046766,True
PL,M,UNK,0.0,,18427296.0,,2012,Poland,0.0,0.0,0.2001856080302794,True
PL,F,TOTAL,845.0,,19636496.0,,2012,Poland,43.032117339060896,40.179216365401246,46.034120813346945,True
PL,F,DRIV,239.0,,19636496.0,,2012,Poland,12.171214253296515,10.67693918703493,13.816080498444784,True
PL,F,PAS,265.0,,19636496.0,,2012,Poland,13.495279402190697,11.919211506480655,15.221779185289023,True
PL,F,PED,341.0,,19636496.0,,2012,Poland,17.365623683573688,15.57116919742828,19.3101533351505,True
PL,F,UNK,0.0,,19636496.0,,2012,Poland,0.0,0.0,0.18785833552554057,True
PL,UNK,TOTAL,1.0,,,,2012,Poland,,,,False
PL,UNK,DRIV,0.0,,,,2012,Poland,,,,False
PL,UNK,PAS,0.0,,,,2012,Poland,,,,False
PL,UNK,PED,1.0,,,,2012,Poland,,,,False
PL,UNK,UNK,0.0,,,,2012,Poland,,,,False
PL,T,TOTAL,3357.0,,38062535.0,,2013,Poland,88.19696323431953,85.23842472923738,91.23198582909852,True
PL,T,DRIV,1566.0,,38062535.0,,2013,Poland,41.142819310379615,39.1300882231841,43.232239468097625,True
PL,T,PAS,651.0,,38062535.0,,2013,Poland,17.10343254856777,15.814655792568566,18.469253454686232,True
PL,T,PED,1140.0,,38062535.0,,2013,Poland,29.950711375372133,28.237115177936687,31.741107682232844,True
PL,T,UNK,0.0,,38062535.0,,2013,Poland,0.0,0.0,0.09691628406026913,True
PL,M,TOTAL,2563.0,,18426093.0,,2013,Poland,139.09622620487153,133.76276939804828,144.5878070791986,True
PL,M,DRIV,1373.0,,18426093.0,,2013,Poland,74.5138972217279,70.6241528978367,78.56214779854412,True
PL,M,PAS,386.0,,18426093.0,,2013,Poland,20.948553771002892,18.910603670849582,23.146267092071373,True
PL,M,PED,804.0,,18426093.0,,2013,Poland,43.63377521214074,40.66942247425824,46.75707053398511,True
PL,M,UNK,0.0,,18426093.0,,2013,Poland,0.0,0.0,0.20019867771827352,True
PL,F,TOTAL,792.0,,19636442.0,,2013,Poland,40.333172374099135,37.572738482814174,43.24276510752804,True
PL,F,DRIV,192.0,,19636442.0,,2013,Poland,9.777738757357367,8.443542739465618,11.262891928332564,True
PL,F,PAS,265.0,,19636442.0,,2013,Poland,13.49531651406095,11.919244284181492,15.22182104501473,True
PL,F,PED,335.0,,19636442.0,,2013,Poland,17.06011710268082,15.281949146415927,18.988384333161175,True
PL,F,UNK,0.0,,19636442.0,,2013,Poland,0.0,0.0,0.18785885213390163,True
PL,UNK,TOTAL,2.0,,,,2013,Poland,,,,False
PL,UNK,DRIV,1.0,,,,2013,Poland,,,,False
PL,UNK,PAS,0.0,,,,2013,Poland,,,,False
PL,UNK,PED,1.0,,,,2013,Poland,,,,False
PL,UNK,UNK,0.0,,,,2013,Poland,,,,False
PL,T,TOTAL,3202.0,,38017856.0,,2014,Poland,84.22358167698883,81.33134131192848,87.1924066042024,True
PL,T,DRIV,1545.0,,38017856.0,,2014,Poland,40.63879877918418,38.63742822100757,42.71695291316251,True
PL,T,PAS,541.0,,38017856.0,,2014,Poland,14.230155430122098,13.056149668881027,15.481392644726798,True
PL,T,PED,1116.0,,38017856.0,,2014,Poland,29.354627467682555,27.657438987766113,31.128714407688815,True
PL,T,UNK,0.0,,38017856.0,,2014,Poland,0.0,0.0,0.09703018113683043,True
PL,M,TOTAL,2431.0,,18403964.0,,2014,Poland,132.09110819821208,126.89191582254732,137.44864278628344,True
PL,M,DRIV,1356.0,,18403964.0,,2014,Poland,73.67977898674438,69.80986507809621,77.70839864609718,True
PL,M,PAS,304.0,,18403964.0,,2014,Poland,16.5181805398011,14.713332686369748,18.48332178930513,True
PL,M,PED,771.0,,18403964.0,,2014,Poland,41.8931486716666,38.98785924695447,44.95761114314278,True
PL,M,UNK,0.0,,18403964.0,,2014,Poland,0.0,0.0,0.20043939740992406,True
PL,F,TOTAL,771.0,,19613892.0,,2014,Poland,39.30887352698791,36.58280355668407,42.18429758889253,True
PL,F,DRIV,189.0,,19613892.0,,2014,Poland,9.636027362646843,8.311162164295478,11.112051127695567,True
PL,F,PAS,237.0,,19613892.0,,2014,Poland,12.08327240712858,10.593754866134466,13.723568010843845,True
PL,F,PED,345.0,,19613892.0,,2014,Poland,17.58957375721249,15.782257433625624,19.54712272749881,True
PL,F,UNK,0.0,,19613892.0,,2014,Poland,0.0,0.0,0.1880748325785589,True
PL,UNK,TOTAL,0.0,,,,2014,Poland,,,,False
PL,UNK,DRIV,0.0,,,,2014,Poland,,,,False
PL,UNK,PAS,0.0,,,,2014,Poland,,,,False
PL,UNK,PED,0.0,,,,2014,Poland,,,,False
PL,UNK,UNK,0.0,,,,2014,Poland,,,,False
PL,T,TOTAL,2938.0,,38005614.0,,2015,Poland,77.30436877036114,74.53408712743666,80.15127957305184,True
PL,T,DRIV,1484.0,,38005614.0,,2015,Poland,39.04686291872564,37.08526917744309,41.085278215749625,True
PL,T,PAS,539.0,,38005614.0,,2015,Poland,14.1821153053862,13.009950969448706,15.43153800016826,True
PL,T,PED,915.0,,38005614.0,,2015,Poland,24.0753905462493,22.5405087885841,25.687275362262888,True
PL,T,UNK,0.0,,38005614.0,,2015,Poland,0.0,0.0,0.09706143555828188,True
PL,M,TOTAL,2231.0,,18397163.0,,2015,Poland,121.26869778780565,116.2883036355862,126.40753979136632,True
PL,M,DRIV,1287.0,,18397163.0,,2015,Poland,69.95643839215862,66.18621640381616,73.88546276532568,True
PL,M,PAS,308.0,,18397163.0,,2015,Poland,16.741711751969582,14.924012757092402,18.719743843894204,True
PL,M,PED,636.0,,18397163.0,,2015,Poland,34.57054764367745,31.935655047918843,37.36486377005413,True
PL,M,UNK,0.0,,18397163.0,,2015,Poland,0.0,0.0,0.20051349515759226,True
PL,F,TOTAL,707.0,,19608451.0,,2015,Poland,36.055882231594936,33.44675799850359,38.81448083331915,True
PL,F,DRIV,197.0,,19608451.0,,2015,Poland,10.046688542608491,8.692662183233196,11.551842512073833,True
PL,F,PAS,231.0,,19608451.0,,2015,Poland,11.78063478854092,10.31031408638306,13.401816434851096,True
PL,F,PED,279.0,,19608451.0,,2015,Poland,14.228558900445528,12.607795656616988,15.999892621718752,True
PL,F,UNK,0.0,,19608451.0,,2015,Poland,0.0,0.0,0.18812702003406265,True
PL,UNK,TOTAL,0.0,,,,2015,Poland,,,,False
PL,UNK,DRIV,0.0,,,,2015,Poland,,,,False
PL,UNK,PAS,0.0,,,,2015,Poland,,,,False
PL,UNK,PED,0.0,,,,2015,Poland,,,,False
PL,UNK,UNK,0.0,,,,2015,Poland,,,,False
PL,T,TOTAL,3026.0,,37967209.0,,2016,Poland,79.70035406078966,76.88567312800444,82.59173472748793,True
PL,T,DRIV,1544.0,,37967209.0,,2016,Poland,40.6666710739786,38.663287563543584,42.74694079801,True
PL,T,PAS,614.0,,37967209.0,,2016,Poland,16.171849766465584,14.91781990360781,17.50314689731168,True
PL,T,PED,868.0,,37967209.0,,2016,Poland,22.86183322034548,21.366036283852534,24.434733678803077,True
PL,T,UNK,0.0,,37967209.0,,2016,Poland,0.0,0.0,0.09715961618653443,True
PL,M,TOTAL,2269.0,,18377040.0,,2016,Poland,123.46928558679744,118.44071548935537,128.65646760104167,True
PL,M,DRIV,1372.0,,18377040.0,,2016,Poland,74.65837806306129,70.75969052707217,78.71599546579063,True
PL,M,PAS,309.0,,18377040.0,,2016,Poland,16.814459782424155,14.99173347727138,18.797689915421856,True
PL,M,PED,588.0,,18377040.0,,2016,Poland,31.996447741311986,29.462172656376172,34.690404523060835,True
PL,M,UNK,0.0,,18377040.0,,2016,Poland,0.0,0.0,0.20073305897543542,True
PL,F,TOTAL,757.0,,19590169.0,,2016,Poland,38.64183101227968,35.93780031250026,41.495413071804784,True
PL,F,DRIV,172.0,,19590169.0,,2016,Poland,8.779914047704233,7.516788965544704,10.194552224164553,True
PL,F,PAS,305.0,,19590169.0,,2016,Poland,15.569033631103437,13.870603668125451,17.41804643435084,True
PL,F,PED,280.0,,19590169.0,,2016,Poland,14.292883333472009,12.667614473071662,16.068857932642036,True
PL,F,UNK,0.0,,19590169.0,,2016,Poland,0.0,0.0,0.18830258453175855,True
PL,UNK,TOTAL,0.0,,,,2016,Poland,,,,False
PL,UNK,DRIV,0.0,,,,2016,Poland,,,,False
PL,UNK,PAS,0.0,,,,2016,Poland,,,,False
PL,UNK,PED,0.0,,,,2016,Poland,,,,False
PL,UNK,UNK,0.0,,,,2016,Poland,,,,False
PL,T,TOTAL,2831.0,,37972964.0,,2017,Poland,74.55304252783638,71.83179795511538,77.35099101439276,True
PL,T,DRIV,1458.0,,37972964.0,,2017,Poland,38.39573861023859,36.44995430487746,40.418416426044786,True
PL,T,PAS,500.0,,37972964.0,,2017,Poland,13.167262897887033,12.038264300348782,14.37362826260208,True
PL,T,PED,873.0,,37972964.0,,2017,Poland,22.99004101971076,21.49009684500753,24.567074543927355,True
PL,T,UNK,0.0,,37972964.0,,2017,Poland,0.0,0.0,0.09714489114186439,True
PL,M,TOTAL,2084.0,,18377837.0,,2017,Poland,113.39745803600282,108.58061627132811,118.37295316963217,True
PL,M,DRIV,1241.0,,18377837.0,,2017,Poland,67.52698916635293,63.8218034478093,71.39117133861393,True
PL,M,PAS,272.0,,18377837.0,,2017,Poland,14.800435981666395,13.09363921069709,16.6679257712101,True
PL,M,PED,571.0,,18377837.0,,2017,Poland,31.070032887983498,28.573531245103755,33.726241395650874,True
PL,M,UNK,0.0,,18377837.0,,2017,Poland,0.0,0.0,0.20072435369374184,True
PL,F,TOTAL,747.0,,19595127.0,,2017,Poland,38.12172281404453,35.436615782278345,40.95635536125417,True
PL,F,DRIV,217.0,,19595127.0,,2017,Poland,11.074181861643458,9.64966590646406,12.649763661882657,True
PL,F,PAS,228.0,,19595127.0,,2017,Poland,11.635545919146123,10.174132836842169,13.247943661961795,True
PL,F,PED,302.0,,19595127.0,,2017,Poland,15.411995033254952,13.722609364786765,17.251939380567574,True
PL,F,UNK,0.0,,19595127.0,,2017,Poland,0.0,0.0,0.1882549398181464,True
PL,UNK,TOTAL,0.0,,,,2017,Poland,,,,False
PL,UNK,DRIV,0.0,,,,2017,Poland,,,,False
PL,UNK,PAS,0.0,,,,2017,Poland,,,,False
PL,UNK,PED,0.0,,,,2017,Poland,,,,False
PL,UNK,UNK,0.0,,,,2017,Poland,,,,False
PL,T,TOTAL,2862.0,,37976687.0,,2018,Poland,75.3620240754545,72.62605212457962,78.17468980101066,True
PL,T,DRIV,1558.0,,37976687.0,,2018,Poland,41.025168941145395,39.01311164337881,43.11409032825013,True
PL,T,PAS,501.0,,37976687.0,,2018,Poland,13.192304004822748,12.062262441860778,14.399703613531619,True
PL,T,PED,803.0,,37976687.0,,2018,Poland,21.14455112948636,19.7071728897016,22.65904805324792,True
PL,T,UNK,0.0,,37976687.0,,2018,Poland,0.0,0.0,0.09713536765631861,True
PL,M,TOTAL,2102.0,,18380299.0,,2018,Poland,114.36157812231455,109.52440316569522,119.3573802168322,True
PL,M,DRIV,1306.0,,18380299.0,,2018,Poland,71.05433921395947,67.25252189197947,75.01509386004544,True
PL,M,PAS,260.0,,18380299.0,,2018,Poland,14.145580547955177,12.478256061509187,15.97364889942393,True
PL,M,PED,536.0,,18380299.0,,2018,Poland,29.161658360399905,26.744831724798335,31.738241254949546,True
PL,M,UNK,0.0,,18380299.0,,2018,Poland,0.0,0.0,0.2006974671148677,True
PL,F,TOTAL,757.0,,19596388.0,,2018,Poland,38.62956785709693,35.9263952933639,41.48224431979326,True
PL,F,DRIV,251.0,,19596388.0,,2018,Poland,12.808482869394094,11.272794631208562,14.49499377413719,True
PL,F,PAS,240.0,,19596388.0,,2018,Poland,12.247154934878816,10.746589019026414,13.898613633741961,True
PL,F,PED,266.0,,19596388.0,,2018,Poland,13.57393005282402,11.991566358000796,15.30702785378033,True
PL,F,UNK,0.0,,19596388.0,,2018,Poland,0.0,0.0,0.18824282587760233,True
PL,UNK,TOTAL,3.0,,,,2018,Poland,,,,False
PL,UNK,DRIV,1.0,,,,2018,Poland,,,,False
PL,UNK,PAS,1.0,,,,2018,Poland,,,,False
PL,UNK,PED,1.0,,,,2018,Poland,,,,False
PL,UNK,UNK,0.0,,,,2018,Poland,,,,False
PL,T,TOTAL,2909.0,,37972812.0,,2019,Poland,76.60744218784745,73.84860972327542,79.44297236144585,True
PL,T,DRIV,1570.0,,37972812.0,,2019,Poland,41.34537099859763,39.32527709486995,43.44233435027418,True
PL,T,PAS,546.0,,37972812.0,,2019,Poland,14.378708640276628,13.197774402756343,15.636960917635482,True
PL,T,PED,793.0,,37972812.0,,2019,Poland,20.883362548973196,19.454974393194387,22.388882922927902,True
PL,T,UNK,0.0,,37972812.0,,2019,Poland,0.0,0.0,0.09714527999964648,True
PL,M,TOTAL,2220.0,,18380376.0,,2019,Poland,120.7809894639805,115.8084791996004,125.91209506790588,True
PL,M,DRIV,1377.0,,18380376.0,,2019,Poland,74.91685697833385,71.01168605688943,78.98092632591435,True
PL,M,PAS,307.0,,18380376.0,,2019,Poland,16.702596290739645,14.88627847183812,18.679398498420596,True
PL,M,PED,536.0,,18380376.0,,2019,Poland,29.161536194907004,26.74471968399771,31.738108295505373,True
PL,M,UNK,0.0,,18380376.0,,2019,Poland,0.0,0.0,0.20069662634289612,True
PL,F,TOTAL,684.0,,19592436.0,,2019,Poland,34.91143214656922,32.34380435783062,37.628687498705254,True
PL,F,DRIV,192.0,,19592436.0,,2019,Poland,9.799700251668552,8.462507534950618,11.288189181935854,True
PL,F,PAS,238.0,,19592436.0,,2019,Poland,12.14754510363081,10.653149610096499,13.792877083622745,True
PL,F,PED,254.0,,19592436.0,,2019,Poland,12.964186791269855,11.418742415004177,14.660465919537566,True
PL,F,UNK,0.0,,19592436.0,,2019,Poland,0.0,0.0,0.18828079643153794,True
PL,UNK,TOTAL,5.0,,,,2019,Poland,,,,False
PL,UNK,DRIV,1.0,,,,2019,Poland,,,,False
PL,UNK,PAS,1.0,,,,2019,Poland,,,,False
PL,UNK,PED,3.0,,,,2019,Poland,,,,False
PL,UNK,UNK,0.0,,,,2019,Poland,,,,False
PL,T,TOTAL,2491.0,,37958138.0,,2020,Poland,65.62492606987203,63.072875896617305,68.2537419934079,True
PL,T,DRIV,1433.0,,37958138.0,,2020,Poland,37.752115238107834,35.8225484431983,39.75861140466492,True
PL,T,PAS,427.0,,37958138.0,,2020,Poland,11.249234617356626,10.207420025421234,12.368539671316356,True
PL,T,PED,631.0,,37958138.0,,2020,Poland,16.623576214407567,15.351652785486081,17.972771413564196,True
PL,T,UNK,0.0,,37958138.0,,2020,Poland,0.0,0.0,0.09718283478799554,True
PL,M,TOTAL,1954.0,,18373381.0,,2020,Poland,106.34950638644025,101.68583661125164,111.17190600224144,True
PL,M,DRIV,1267.0,,18373381.0,,2020,Poland,68.95845680226192,65.21320829696036,72.86272483499452,True
PL,M,PAS,238.0,,18373381.0,,2020,Poland,12.953522272248096,11.359975169199432,14.708020342948599,True
PL,M,PED,449.0,,18373381.0,,2020,Poland,24.437527311930232,22.22912705425731,26.80595441141627,True
PL,M,UNK,0.0,,18373381.0,,2020,Poland,0.0,0.0,0.20077303432144228,True
PL,F,TOTAL,535.0,,19584757.0,,2020,Poland,27.31716303653908,25.051133339858264,29.73312601230391,True
PL,F,DRIV,166.0,,19584757.0,,2020,Poland,8.47597955900091,7.235612013022847,9.867968752468727,True
PL,F,PAS,188.0,,19584757.0,,2020,Poland,9.599302151157659,8.276112183512316,11.073885001411767,True
PL,F,PED,181.0,,19584757.0,,2020,Poland,9.241881326380511,7.944490963415595,10.690732858141503,True
PL,F,UNK,0.0,,19584757.0,,2020,Poland,0.0,0.0,0.18835461957041058,True
PL,UNK,TOTAL,2.0,,,,2020,Poland,,,,False
PL,UNK,DRIV,0.0,,,,2020,Poland,,,,False
PL,UNK,PAS,1.0,,,,2020,Poland,,,,False
PL,UNK,PED,1.0,,,,2020,Poland,,,,False
PL,UNK,UNK,0.0,,,,2020,Poland,,,,False
PL,T,TOTAL,2245.0,,37073357.0,bep,2021,Poland,60.55561680049638,58.07633911775091,63.113520396449154,True
PL,T,DRIV,1314.0,,37073357.0,bep,2021,Poland,35.44324297365356,33.55252774841879,37.412754233731924,True
PL,T,PAS,404.0,,37073357.0,bep,2021,Poland,10.897313669220729,9.860470603478662,12.013531937427627,True
PL,T,PED,527.0,,37073357.0,bep,2021,Poland,14.215060157622089,13.02716224042339,15.482171917009431,True
PL,T,UNK,0.0,,37073357.0,bep,2021,Poland,0.0,0.0,0.09950216955302794,True
PL,M,TOTAL,1712.0,,17942141.0,bep,2021,Poland,95.41782109504099,90.9509722561599,100.04729872473938,True
PL,M,DRIV,1150.0,,17942141.0,bep,2021,Poland,64.09491487108478,60.443541894411574,67.90920494199585,True
PL,M,PAS,221.0,,17942141.0,bep,2021,Poland,12.317370596964988,10.746846870941106,14.052844666367195,True
PL,M,PED,341.0,,17942141.0,bep,2021,Poland,19.005535626991225,17.041622940128697,21.133695734810548,True
PL,M,UNK,0.0,,17942141.0,bep,2021,Poland,0.0,0.0,0.20559862137489252,True
PL,F,TOTAL,530.0,,19131216.0,bep,2021,Poland,27.703414147851344,25.394764851559838,30.165561456806408,True
PL,F,DRIV,163.0,,19131216.0,bep,2021,Poland,8.520106615282582,7.262321521488115,9.933143353591928,True
PL,F,PAS,183.0,,19131216.0,bep,2021,Poland,9.565518469918484,8.22977361109018,11.05629478778798,True
PL,F,PED,184.0,,19131216.0,bep,2021,Poland,9.617789062650278,8.278261061976702,11.112338457088356,True
PL,F,UNK,0.0,,19131216.0,bep,2021,Poland,0.0,0.0,0.19281991558267575,True
PL,UNK,TOTAL,3.0,,,,2021,Poland,,,,False
PL,UNK,DRIV,1.0,,,,2021,Poland,,,,False
PL,UNK,PAS,0.0,,,,2021,Poland,,,,False
PL,UNK,PED,2.0,,,,2021,Poland,,,,False
PL,UNK,UNK,0.0,,,,2021,Poland,,,,False
PL,T,TOTAL,1896.0,,36889761.0,ep,2022,Poland,51.39637527063404,49.10869965012729,53.763117224930376,True
PL,T,DRIV,1111.0,,36889761.0,ep,2022,Poland,30.116757872191148,28.371649891642903,31.94111765219187,True
PL,T,PAS,325.0,,36889761.0,ep,2022,Poland,8.810032680884,7.878140571091454,9.821844513441388,True
PL,T,PED,460.0,,36889761.0,ep,2022,Poland,12.469584717558892,11.355955240297657,13.662902584947924,True
PL,T,UNK,0.0,,36889761.0,ep,2022,Poland,0.0,0.0,0.09999738014333938,True
PL,M,TOTAL,1437.0,,17846003.0,ep,2022,Poland,80.5222323452484,76.41227854340235,84.79581157776126,True
PL,M,DRIV,959.0,,17846003.0,ep,2022,Poland,53.73752318656452,50.38982721979564,57.249166441378385,True
PL,M,PAS,182.0,,17846003.0,ep,2022,Poland,10.198362064603486,8.77048776026828,11.792443584166096,True
PL,M,PED,296.0,,17846003.0,ep,2022,Poland,16.586347094080395,14.750441064548385,18.58759967452213,True
PL,M,UNK,0.0,,17846003.0,ep,2022,Poland,0.0,0.0,0.20670619937214713,True
PL,F,TOTAL,458.0,,19043758.0,ep,2022,Poland,24.04987502991794,21.897462407185635,26.3566576002075,True
PL,F,DRIV,151.0,,19043758.0,ep,2022,Poland,7.929107269689102,6.7148635086098505,9.299468792151236,True
PL,F,PAS,143.0,,19043758.0,ep,2022,Poland,7.50902211632809,6.328754814157726,8.845519697348434,True
PL,F,PED,164.0,,19043758.0,ep,2022,Poland,8.611745643900747,7.344157730119254,10.03528618808672,True
PL,F,UNK,0.0,,19043758.0,ep,2022,Poland,0.0,0.0,0.19370543640146737,True
PL,UNK,TOTAL,1.0,,,,2022,Poland,,,,False
PL,UNK,DRIV,1.0,,,,2022,Poland,,,,False
PL,UNK,PAS,0.0,,,,2022,Poland,,,,False
PL,UNK,PED,0.0,,,,2022,Poland,,,,False
PL,UNK,UNK,0.0,,,,2022,Poland,,,,False
PL,T,TOTAL,1893.0,,36753736.0,ep,2023,Poland,51.50496809358374,49.210663672637665,53.87863195338523,True
PL,T,DRIV,1099.0,,36753736.0,ep,2023,Poland,29.901722099761503,28.15978163707645,31.723211988679317,True
PL,T,PAS,336.0,,36753736.0,ep,2023,Poland,9.141927775723262,8.1904487876249,10.173598265492906,True
PL,T,PED,458.0,,36753736.0,ep,2023,Poland,12.46131821809897,11.3460567626796,13.656565662527814,True
PL,T,UNK,0.0,,36753736.0,ep,2023,Poland,0.0,0.0,0.10036746887755671,True
PL,M,TOTAL,1448.0,,17773379.0,ep,2023,Poland,81.47015826309674,77.32744056477952,85.77716449083098,True
PL,M,DRIV,961.0,,17773379.0,ep,2023,Poland,54.069628515770695,50.70469405564339,57.599178334621335,True
PL,M,PAS,182.0,,17773379.0,ep,2023,Poland,10.240033704339506,8.806324947057675,11.840628817984408,True
PL,M,PED,305.0,,17773379.0,ep,2023,Poland,17.160496042986537,15.288453028014397,19.198514435481307,True
PL,M,UNK,0.0,,17773379.0,ep,2023,Poland,0.0,0.0,0.20755082385369353,True
PL,F,TOTAL,442.0,,18980357.0,ep,2023,Poland,23.28723321695161,21.166582449717108,25.562812245841585,True
PL,F,DRIV,138.0,,18980357.0,ep,2023,Poland,7.270674624297109,6.108257693892113,8.589919136068682,True
PL,F,PAS,153.0,,18980357.0,ep,2023,Poland,8.060965344329404,6.8342853220163295,9.444257771515185,True
PL,F,PED,151.0,,18980357.0,ep,2023,Poland,7.955593248325098,6.7372934903699075,9.330532255335369,True
PL,F,UNK,0.0,,18980357.0,ep,2023,Poland,0.0,0.0,0.19435247999360264,True
PL,UNK,TOTAL,3.0,,,,2023,Poland,,,,False
PL,UNK,DRIV,0.0,,,,2023,Poland,,,,False
PL,UNK,PAS,1.0,,,,2023,Poland,,,,False
PL,UNK,PED,2.0,,,,2023,Poland,,,,False
PL,UNK,UNK,0.0,,,,2023,Poland,,,,False
PL,T,TOTAL,1896.0,,36620970.0,,2024,Poland,51.77361495339965,49.469148226111415,54.15772834642733,True
PL,T,DRIV,1135.0,,36620970.0,,2024,Poland,30.993171398791457,29.216087885712295,32.850079945450915,True
PL,T,PAS,333.0,,36620970.0,,2024,Poland,9.093150727574939,8.14261281271197,10.124177323244494,True
PL,T,PED,428.0,,36620970.0,,2024,Poland,11.687292827033254,10.606143193082554,12.848760896679268,True
PL,T,UNK,0.0,,36620970.0,,2024,Poland,0.0,0.0,0.10073134201835549,True
PL,M,TOTAL,1423.0,,17705971.0,ep,2024,Poland,80.36836838826856,76.24640207781802,84.655261310724,True
PL,M,DRIV,986.0,,17705971.0,ep,2024,Poland,55.68742883403571,52.26533137495904,59.274745789751606,True
PL,M,PAS,165.0,,17705971.0,ep,2024,Poland,9.318890220705772,7.951211317993225,10.854292069648682,True
PL,M,PED,272.0,,17705971.0,ep,2024,Poland,15.362049333527091,13.590486912635278,17.30040238693481,True
PL,M,UNK,0.0,,17705971.0,ep,2024,Poland,0.0,0.0,0.20834098588063515,True
PL,F,TOTAL,469.0,,18914999.0,ep,2024,Poland,24.79513744621398,22.601595977756695,27.144071535851346,True
PL,F,DRIV,147.0,,18914999.0,ep,2024,Poland,7.771610244335725,6.566088209989159,9.134368268946158,True
PL,F,PAS,167.0,,18914999.0,ep,2024,Poland,8.828972182340586,7.540667512885864,10.274255481442015,True
PL,F,PED,155.0,,18914999.0,ep,2024,Poland,8.19455501953767,6.9552820044970005,9.590955171636828,True
PL,F,UNK,0.0,,18914999.0,ep,2024,Poland,0.0,0.0,0.19502403643341115,True
PL,UNK,TOTAL,4.0,,,,2024,Poland,,,,False
PL,UNK,DRIV,2.0,,,,2024,Poland,,,,False
PL,UNK,PAS,1.0,,,,2024,Poland,,,,False
PL,UNK,PED,1.0,,,,2024,Poland,,,,False
PL,UNK,UNK,0.0,,,,2024,Poland,,,,False
PT,T,TOTAL,937.0,,10573479.0,,2010,Portugal,88.61794684606646,83.03391022015317,94.47872962320139,True
PT,T,DRIV,552.0,,10573479.0,,2010,Portugal,52.20609035115122,47.94123286197832,56.74860080105539,True
PT,T,PAS,190.0,,10573479.0,,2010,Portugal,17.969487620867266,15.505115863342377,20.714242423248702,True
PT,T,PED,195.0,,10573479.0,,2010,Portugal,18.442368874047983,15.944581464676348,21.22045451939328,True
PT,T,UNK,0.0,,10573479.0,,2010,Portugal,0.0,0.0,0.3488803878187998,True
PT,M,TOTAL,734.0,,5063745.0,,2010,Portugal,144.95200686448467,134.6539389317557,155.82875404712647,True
PT,M,DRIV,506.0,,5063745.0,,2010,Portugal,99.9260428793314,91.40791257275102,109.02429488074857,True
PT,M,PAS,110.0,,5063745.0,,2010,Portugal,21.723052799854653,17.853707501541987,26.182153135046168,True
PT,M,PED,118.0,,5063745.0,,2010,Portugal,23.302911185298626,19.28843552356743,27.906524661858484,True
PT,M,UNK,0.0,,5063745.0,,2010,Portugal,0.0,0.0,0.7284883923092367,True
PT,F,TOTAL,203.0,,5509734.0,,2010,Portugal,36.84388393341675,31.94957978420052,42.275847740757634,True
PT,F,DRIV,46.0,,5509734.0,,2010,Portugal,8.348860398705273,6.112415120035173,11.136209789907463,True
PT,F,PAS,80.0,,5509734.0,,2010,Portugal,14.519757215139606,11.513264449969881,18.071094714815356,True
PT,F,PED,77.0,,5509734.0,,2010,Portugal,13.97526631957187,11.02906163064252,17.46668505233155,True
PT,F,UNK,0.0,,5509734.0,,2010,Portugal,0.0,0.0,0.6695204258706383,True
PT,UNK,TOTAL,0.0,,,,2010,Portugal,,,,False
PT,UNK,DRIV,0.0,,,,2010,Portugal,,,,False
PT,UNK,PAS,0.0,,,,2010,Portugal,,,,False
PT,UNK,PED,0.0,,,,2010,Portugal,,,,False
PT,UNK,UNK,0.0,,,,2010,Portugal,,,,False
PT,T,TOTAL,891.0,,10572721.0,,2011,Portugal,84.27348078134285,78.83009963740717,89.99370434807805,True
PT,T,DRIV,531.0,,10572721.0,,2011,Portugal,50.22358955655786,46.04209051014362,54.68283773253478,True
PT,T,PAS,161.0,,10572721.0,,2011,Portugal,15.227868019973288,12.96649269506243,17.770213233621597,True
PT,T,PED,199.0,,10572721.0,,2011,Portugal,18.822023204811703,16.297629854488903,21.626669329781095,True
PT,T,UNK,0.0,,10572721.0,,2011,Portugal,0.0,0.0,0.34890540042756596,True
PT,M,TOTAL,675.0,,5053543.0,,2011,Portugal,133.56965598195168,123.68200108614884,144.03746120080075,True
PT,M,DRIV,479.0,,5053543.0,,2011,Portugal,94.78498550422941,86.48565140114772,103.6658488388073,True
PT,M,PAS,76.0,,5053543.0,,2011,Portugal,15.038953858708632,11.848985133094462,18.823493331971566,True
PT,M,PED,120.0,,5053543.0,,2011,Portugal,23.74571661901363,19.68755893161267,28.39405648064185,True
PT,M,UNK,0.0,,5053543.0,,2011,Portugal,0.0,0.0,0.7299590513257601,True
PT,F,TOTAL,216.0,,5519178.0,,2011,Portugal,39.136262682595124,34.09077524489304,44.718117127846114,True
PT,F,DRIV,52.0,,5519178.0,,2011,Portugal,9.42169286803216,7.03657088074732,12.355296701949618,True
PT,F,PAS,85.0,,5519178.0,,2011,Portugal,15.400844111206416,12.301647275154831,19.043382242591008,True
PT,F,PED,79.0,,5519178.0,,2011,Portugal,14.31372570335655,11.332311434709094,17.839173000884504,True
PT,F,UNK,0.0,,5519178.0,,2011,Portugal,0.0,0.0,0.6683747931510698,True
PT,UNK,TOTAL,0.0,,,,2011,Portugal,,,,False
PT,UNK,DRIV,0.0,,,,2011,Portugal,,,,False
PT,UNK,PAS,0.0,,,,2011,Portugal,,,,False
PT,UNK,PED,0.0,,,,2011,Portugal,,,,False
PT,UNK,UNK,0.0,,,,2011,Portugal,,,,False
PT,T,TOTAL,718.0,,10558950.0,,2012,Portugal,67.99918552507589,63.115671134041975,73.16025408238413,True
PT,T,DRIV,442.0,,10558950.0,,2012,Portugal,41.86022284412749,38.048223674282504,45.95071501901657,True
PT,T,PAS,117.0,,10558950.0,,2012,Portugal,11.080647223445514,9.163997153048332,13.279864873179294,True
PT,T,PED,159.0,,10558950.0,,2012,Portugal,15.058315457502877,12.808673062440775,17.589338896580763,True
PT,T,UNK,0.0,,10558950.0,,2012,Portugal,0.0,0.0,0.3493604434260921,True
PT,M,TOTAL,564.0,,5038389.0,,2012,Portugal,111.94054289972449,102.8915601366654,121.57211610352827,True
PT,M,DRIV,406.0,,5038389.0,,2012,Portugal,80.58131279661019,72.93270431637109,88.81395454328405,True
PT,M,PAS,65.0,,5038389.0,,2012,Portugal,12.900949093053354,9.956680147014108,16.443318651233874,True
PT,M,PED,93.0,,5038389.0,,2012,Portugal,18.458281010060954,14.898215029297926,22.61264126793954,True
PT,M,UNK,0.0,,5038389.0,,2012,Portugal,0.0,0.0,0.7321545545836051,True
PT,F,TOTAL,152.0,,5520561.0,,2012,Portugal,27.53343364922514,23.33034170150001,32.275023924668105,True
PT,F,DRIV,34.0,,5520561.0,,2012,Portugal,6.158794368905624,4.265144137447675,8.606297819225816,True
PT,F,PAS,52.0,,5520561.0,,2012,Portugal,9.4193325642086,7.034808092956718,12.352201477507972,True
PT,F,PED,66.0,,5520561.0,,2012,Portugal,11.955306716110917,9.246233348140033,15.210081446886793,True
PT,F,UNK,0.0,,5520561.0,,2012,Portugal,0.0,0.0,0.6682073532226046,True
PT,UNK,TOTAL,2.0,,,,2012,Portugal,,,,False
PT,UNK,DRIV,2.0,,,,2012,Portugal,,,,False
PT,UNK,PAS,0.0,,,,2012,Portugal,,,,False
PT,UNK,PED,0.0,,,,2012,Portugal,,,,False
PT,UNK,UNK,0.0,,,,2012,Portugal,,,,False
PT,T,TOTAL,637.0,,10503889.0,,2013,Portugal,60.64420520818528,56.02559230170845,65.54203950826034,True
PT,T,DRIV,387.0,,10503889.0,,2013,Portugal,36.8434967277358,33.26374484513531,40.703501807320755,True
PT,T,PAS,106.0,,10503889.0,,2013,Portugal,10.091500395710579,8.26209366519634,12.205379029419223,True
PT,T,PED,144.0,,10503889.0,,2013,Portugal,13.7092080847389,11.561567453527495,16.14007087732373,True
PT,T,UNK,0.0,,10503889.0,,2013,Portugal,0.0,0.0,0.3511917780275416,True
PT,M,TOTAL,501.0,,5003294.0,,2013,Portugal,100.1340316999161,91.55663554178555,109.2986014861128,True
PT,M,DRIV,351.0,,5003294.0,,2013,Portugal,70.15378268796516,63.005735550668255,77.89068216848503,True
PT,M,PAS,53.0,,5003294.0,,2013,Portugal,10.593021317555994,7.934899874434216,13.855932697379817,True
PT,M,PED,97.0,,5003294.0,,2013,Portugal,19.387227694394934,15.721735635409857,23.650773656797668,True
PT,M,UNK,0.0,,5003294.0,,2013,Portugal,0.0,0.0,0.7372901640627026,True
PT,F,TOTAL,135.0,,5500595.0,,2013,Portugal,24.542799460785606,20.577537818629146,29.04937347406835,True
PT,F,DRIV,35.0,,5500595.0,,2013,Portugal,6.3629480083518235,4.432026426690161,8.849320367902576,True
PT,F,PAS,53.0,,5500595.0,,2013,Portugal,9.635321269789905,7.217516819972651,12.603237455076089,True
PT,F,PED,47.0,,5500595.0,,2013,Portugal,8.544530182643877,6.278199388805349,11.362413764446751,True
PT,F,UNK,0.0,,5500595.0,,2013,Portugal,0.0,0.0,0.6706328050172637,True
PT,UNK,TOTAL,1.0,,,,2013,Portugal,,,,False
PT,UNK,DRIV,1.0,,,,2013,Portugal,,,,False
PT,UNK,PAS,0.0,,,,2013,Portugal,,,,False
PT,UNK,PED,0.0,,,,2013,Portugal,,,,False
PT,UNK,UNK,0.0,,,,2013,Portugal,,,,False
PT,T,TOTAL,638.0,,10444092.0,,2014,Portugal,61.08716774995854,56.43839449652553,66.0167581813109,True
PT,T,DRIV,397.0,,10444092.0,,2014,Portugal,38.01192099801496,34.36427041009501,41.941369823409254,True
PT,T,PAS,96.0,,10444092.0,,2014,Portugal,9.191799536043918,7.445387135137688,11.22476046738467,True
PT,T,PED,145.0,,10444092.0,,2014,Portugal,13.883447215899668,11.715700254861122,16.336011613856023,True
PT,T,UNK,0.0,,10444092.0,,2014,Portugal,0.0,0.0,0.3532025047379835,True
PT,M,TOTAL,503.0,,4965345.0,,2014,Portugal,101.30212502857304,92.64155320927557,110.55434079726172,True
PT,M,DRIV,359.0,,4965345.0,,2014,Portugal,72.30111905617838,65.01461980069206,80.18085498337938,True
PT,M,PAS,54.0,,4965345.0,,2014,Portugal,10.875377239648,8.169918096838135,14.190008225754847,True
PT,M,PED,90.0,,4965345.0,,2014,Portugal,18.125628732746666,14.575145962889986,22.279474999200747,True
PT,M,UNK,0.0,,4965345.0,,2014,Portugal,0.0,0.0,0.7429251047236266,True
PT,F,TOTAL,134.0,,5478747.0,,2014,Portugal,24.458147090931558,20.49250547990027,28.967315461210404,True
PT,F,DRIV,37.0,,5478747.0,,2014,Portugal,6.753368972869161,4.754994995590421,9.308629535536287,True
PT,F,PAS,42.0,,5478747.0,,2014,Portugal,7.665986401635265,5.5249687077132235,10.362186605530542,True
PT,F,PED,55.0,,5478747.0,,2014,Portugal,10.038791716427133,7.562591769877033,13.066867292094225,True
PT,F,UNK,0.0,,5478747.0,,2014,Portugal,0.0,0.0,0.6733071364883131,True
PT,UNK,TOTAL,1.0,,,,2014,Portugal,,,,False
PT,UNK,DRIV,1.0,,,,2014,Portugal,,,,False
PT,UNK,PAS,0.0,,,,2014,Portugal,,,,False
PT,UNK,PED,0.0,,,,2014,Portugal,,,,False
PT,UNK,UNK,0.0,,,,2014,Portugal,,,,False
PT,T,TOTAL,593.0,,10395121.0,,2015,Portugal,57.04599301922508,52.546368177086386,61.827895314728515,True
PT,T,DRIV,363.0,,10395121.0,,2015,Portugal,34.92022844178533,31.41989945085396,38.703896467258886,True
PT,T,PAS,84.0,,10395121.0,,2015,Portugal,8.080714019586688,6.445493971622456,10.004473807460991,True
PT,T,PED,146.0,,10395121.0,,2015,Portugal,14.045050557853054,11.859271528524408,16.51696263759948,True
PT,T,UNK,0.0,,10395121.0,,2015,Portugal,0.0,0.0,0.3548664276359973,True
PT,M,TOTAL,473.0,,4934668.0,,2015,Portugal,95.85244640571564,87.4078077371318,104.89267978965077,True
PT,M,DRIV,331.0,,4934668.0,,2015,Portugal,67.07644769617733,60.04415571482881,74.70609148677545,True
PT,M,PAS,45.0,,4934668.0,,2015,Portugal,9.119154520628339,6.651573882626848,12.202146222797321,True
PT,M,PED,97.0,,4934668.0,,2015,Portugal,19.65684418890997,15.940376449688678,23.979682915327604,True
PT,M,UNK,0.0,,4934668.0,,2015,Portugal,0.0,0.0,0.7475435944452465,True
PT,F,TOTAL,119.0,,5460453.0,,2015,Portugal,21.793063689038252,18.053746305889327,26.078649861135602,True
PT,F,DRIV,32.0,,5460453.0,,2015,Portugal,5.860319647472472,4.0084543006385305,8.273022783900982,True
PT,F,PAS,39.0,,5460453.0,,2015,Portugal,7.142264570357074,5.07884830973483,9.763710788433276,True
PT,F,PED,48.0,,5460453.0,,2015,Portugal,8.790479471208707,6.481405631269648,11.654900460113339,True
PT,F,UNK,0.0,,5460453.0,,2015,Portugal,0.0,0.0,0.6755628981906695,True
PT,UNK,TOTAL,1.0,,,,2015,Portugal,,,,False
PT,UNK,DRIV,0.0,,,,2015,Portugal,,,,False
PT,UNK,PAS,0.0,,,,2015,Portugal,,,,False
PT,UNK,PED,1.0,,,,2015,Portugal,,,,False
PT,UNK,UNK,0.0,,,,2015,Portugal,,,,False
PT,T,TOTAL,563.0,,10368554.0,,2016,Portugal,54.29879614843111,49.905608244388496,58.97508557643592,True
PT,T,DRIV,348.0,,10368554.0,,2016,Portugal,33.56302142034463,30.128937538756023,37.28127440785312,True
PT,T,PAS,92.0,,10368554.0,,2016,Portugal,8.872982674343982,7.1528763573264325,10.88192558014127,True
PT,T,PED,123.0,,10368554.0,,2016,Portugal,11.8627920537425,9.859140000691836,14.153990982073212,True
PT,T,UNK,0.0,,10368554.0,,2016,Portugal,0.0,0.0,0.3557756900445265,True
PT,M,TOTAL,435.0,,4919465.0,,2016,Portugal,88.42424938484164,80.30892535631726,97.13739490326236,True
PT,M,DRIV,317.0,,4919465.0,,2016,Portugal,64.43790127585012,57.538863161333836,71.93637236195974,True
PT,M,PAS,44.0,,4919465.0,,2016,Portugal,8.944062006742604,6.4987691462678026,12.00698577595485,True
PT,M,PED,74.0,,4919465.0,,2016,Portugal,15.042286102248923,11.811429950887135,18.884212714572953,True
PT,M,UNK,0.0,,4919465.0,,2016,Portugal,0.0,0.0,0.7498537857498602,True
PT,F,TOTAL,128.0,,5449089.0,,2016,Portugal,23.490165053277714,19.597282003102542,27.929883034920888,True
PT,F,DRIV,31.0,,5449089.0,,2016,Portugal,5.689024348840696,3.8654160317700543,8.075115951170691,True
PT,F,PAS,48.0,,5449089.0,,2016,Portugal,8.808811894979142,6.494922513374849,11.679206594373348,True
PT,F,PED,49.0,,5449089.0,,2016,Portugal,8.992328809457874,6.652574356709744,11.888335571857661,True
PT,F,UNK,0.0,,5449089.0,,2016,Portugal,0.0,0.0,0.6769717753029791,True
PT,UNK,TOTAL,0.0,,,,2016,Portugal,,,,False
PT,UNK,DRIV,0.0,,,,2016,Portugal,,,,False
PT,UNK,PAS,0.0,,,,2016,Portugal,,,,False
PT,UNK,PED,0.0,,,,2016,Portugal,,,,False
PT,UNK,UNK,0.0,,,,2016,Portugal,,,,False
PT,T,TOTAL,602.0,,10344478.0,,2017,Portugal,58.19529994650286,53.63876076392688,63.03546968139197,True
PT,T,DRIV,398.0,,10344478.0,,2017,Portugal,38.47463351944874,34.7871046100046,42.44666840657829,True
PT,T,PAS,74.0,,10344478.0,,2017,Portugal,7.153575076480418,5.6170950572219285,8.98065842490038,True
PT,T,PED,130.0,,10344478.0,,2017,Portugal,12.567091350573707,10.499771829823027,14.922400481327038,True
PT,T,UNK,0.0,,10344478.0,,2017,Portugal,0.0,0.0,0.35660373139310997,True
PT,M,TOTAL,475.0,,4907936.0,,2017,Portugal,96.78202812750615,88.27304829931407,105.88982760811179,True
PT,M,DRIV,367.0,,4907936.0,,2017,Portugal,74.7768512058837,67.32125892252921,82.83250570226585,True
PT,M,PAS,32.0,,4907936.0,,2017,Portugal,6.520052421221466,4.459711029500907,9.20436861430558,True
PT,M,PED,76.0,,4907936.0,,2017,Portugal,15.485124500400984,12.20051685198291,19.381942422095882,True
PT,M,UNK,0.0,,4907936.0,,2017,Portugal,0.0,0.0,0.7516152317621777,True
PT,F,TOTAL,127.0,,5436542.0,,2017,Portugal,23.360437572265607,19.474544269302854,27.794488675173138,True
PT,F,DRIV,31.0,,5436542.0,,2017,Portugal,5.702154053072707,3.874337028784447,8.093752518282532,True
PT,F,PAS,42.0,,5436542.0,,2017,Portugal,7.725499039646893,5.567860182534725,10.442630403387051,True
PT,F,PED,54.0,,5436542.0,,2017,Portugal,9.932784479546006,7.461813405018255,12.960129139756614,True
PT,F,UNK,0.0,,5436542.0,,2017,Portugal,0.0,0.0,0.678534159050723,True
PT,UNK,TOTAL,0.0,,,,2017,Portugal,,,,False
PT,UNK,DRIV,0.0,,,,2017,Portugal,,,,False
PT,UNK,PAS,0.0,,,,2017,Portugal,,,,False
PT,UNK,PED,0.0,,,,2017,Portugal,,,,False
PT,UNK,UNK,0.0,,,,2017,Portugal,,,,False
PT,T,TOTAL,700.0,,10335770.0,,2018,Portugal,67.72596526431992,62.801105333666605,72.93441728360465,True
PT,T,DRIV,450.0,,10335770.0,,2018,Portugal,43.53812052706281,39.6078849960133,47.75282286113857,True
PT,T,PAS,87.0,,10335770.0,,2018,Portugal,8.417369968565477,6.741968284493532,10.382794758641477,True
PT,T,PED,163.0,,10335770.0,,2018,Portugal,15.77047476869164,13.44235037051306,18.385965540693295,True
PT,T,UNK,0.0,,10335770.0,,2018,Portugal,0.0,0.0,0.35690417396226265,True
PT,M,TOTAL,557.0,,4902631.0,,2018,Portugal,113.6124664491372,104.37202050171139,123.45168731846486,True
PT,M,DRIV,407.0,,4902631.0,,2018,Portugal,83.01664963159577,75.14632843609205,91.48716445675242,True
PT,M,PAS,48.0,,4902631.0,,2018,Portugal,9.79066138161326,7.2188608164643115,12.980996567379284,True
PT,M,PED,102.0,,4902631.0,,2018,Portugal,20.805155435928178,16.96411787747997,25.256039177643334,True
PT,M,UNK,0.0,,4902631.0,,2018,Portugal,0.0,0.0,0.7524285336004148,True
PT,F,TOTAL,143.0,,5433139.0,,2018,Portugal,26.31995978751878,22.18299129143479,31.004532830935638,True
PT,F,DRIV,43.0,,5433139.0,,2018,Portugal,7.914393502540612,5.727685820658589,10.660636109325313,True
PT,F,PAS,39.0,,5433139.0,,2018,Portugal,7.178170851141486,5.104381185431935,9.812795856287284,True
PT,F,PED,61.0,,5433139.0,,2018,Portugal,11.227395433836683,8.58806788506286,14.42205912913991,True
PT,F,UNK,0.0,,5433139.0,,2018,Portugal,0.0,0.0,0.6789591530998812,True
PT,UNK,TOTAL,0.0,,,,2018,Portugal,,,,False
PT,UNK,DRIV,0.0,,,,2018,Portugal,,,,False
PT,UNK,PAS,0.0,,,,2018,Portugal,,,,False
PT,UNK,PED,0.0,,,,2018,Portugal,,,,False
PT,UNK,UNK,0.0,,,,2018,Portugal,,,,False
PT,T,TOTAL,688.0,,10333496.0,,2019,Portugal,66.5795970695687,61.69685792955388,71.7460214802325,True
PT,T,DRIV,403.0,,10333496.0,,2019,Portugal,38.99938607418051,35.284239058936926,42.99931229317017,True
PT,T,PAS,145.0,,10333496.0,,2019,Portugal,14.032037173092244,11.84108953118993,16.510850559015147,True
PT,T,PED,140.0,,10333496.0,,2019,Portugal,13.54817382229596,11.396972644422595,15.987376431052088,True
PT,T,UNK,0.0,,10333496.0,,2019,Portugal,0.0,0.0,0.35698271467022735,True
PT,M,TOTAL,505.0,,4898614.0,,2019,Portugal,103.09038434136676,94.29400940740364,112.48644540496586,True
PT,M,DRIV,365.0,,4898614.0,,2019,Portugal,74.51087185069083,67.0620103534203,82.56096558992851,True
PT,M,PAS,57.0,,4898614.0,,2019,Portugal,11.635944371203774,8.81295063520513,15.075715580562747,True
PT,M,PED,83.0,,4898614.0,,2019,Portugal,16.94356811947216,13.495457428938696,21.004101935213935,True
PT,M,UNK,0.0,,4898614.0,,2019,Portugal,0.0,0.0,0.7530455459674789,True
PT,F,TOTAL,182.0,,5434882.0,,2019,Portugal,33.48738758265589,28.79881308944904,38.72172083595539,True
PT,F,DRIV,37.0,,5434882.0,,2019,Portugal,6.8078754975729,4.793372619149051,9.383759599919708,True
PT,F,PAS,88.0,,5434882.0,,2019,Portugal,16.19170388611933,12.986219989890637,19.948632048028696,True
PT,F,PED,57.0,,5434882.0,,2019,Portugal,10.487808198963657,7.943363510546272,13.588171997655662,True
PT,F,UNK,0.0,,5434882.0,,2019,Portugal,0.0,0.0,0.6787414067341178,True
PT,UNK,TOTAL,1.0,,,,2019,Portugal,,,,False
PT,UNK,DRIV,1.0,,,,2019,Portugal,,,,False
PT,UNK,PAS,0.0,,,,2019,Portugal,,,,False
PT,UNK,PED,0.0,,,,2019,Portugal,,,,False
PT,UNK,UNK,0.0,,,,2019,Portugal,,,,False
PT,T,TOTAL,536.0,,10375395.0,,2020,Portugal,51.66068376191942,47.37920858015325,56.22517157179152,True
PT,T,DRIV,357.0,,10375395.0,,2020,Portugal,34.408328550382905,30.93122035835977,38.169355291726376,True
PT,T,PAS,78.0,,10375395.0,,2020,Portugal,7.517786069831558,5.942497919840193,9.382537248063306,True
PT,T,PED,101.0,,10375395.0,,2020,Portugal,9.734569141704966,7.928966443498193,11.828383951245279,True
PT,T,UNK,0.0,,10375395.0,,2020,Portugal,0.0,0.0,0.35554110991571264,True
PT,M,TOTAL,437.0,,4926990.0,,2020,Portugal,88.69512623325804,80.57314182089347,97.41399754898511,True
PT,M,DRIV,326.0,,4926990.0,,2020,Portugal,66.16615824265931,59.17779231388315,73.75288898310392,True
PT,M,PAS,49.0,,4926990.0,,2020,Portugal,9.945220103957995,7.357528582121973,13.14810839740253,True
PT,M,PED,62.0,,4926990.0,,2020,Portugal,12.583747886640728,9.64788734829431,16.131796873090114,True
PT,M,UNK,0.0,,4926990.0,,2020,Portugal,0.0,0.0,0.7487085328190103,True
PT,F,TOTAL,99.0,,5448405.0,,2020,Portugal,18.170455390155468,14.768049521684858,22.121877458293845,True
PT,F,DRIV,31.0,,5448405.0,,2020,Portugal,5.689738556513328,3.865901301232536,8.076129711952168,True
PT,F,PAS,29.0,,5448405.0,,2020,Portugal,5.3226586496415,3.564668033589269,7.644225684138129,True
PT,F,PED,39.0,,5448405.0,,2020,Portugal,7.158058184000638,5.0900791129581,9.785301178204051,True
PT,F,UNK,0.0,,5448405.0,,2020,Portugal,0.0,0.0,0.677056763238771,True
PT,UNK,TOTAL,0.0,,,,2020,Portugal,,,,False
PT,UNK,DRIV,0.0,,,,2020,Portugal,,,,False
PT,UNK,PAS,0.0,,,,2020,Portugal,,,,False
PT,UNK,PED,0.0,,,,2020,Portugal,,,,False
PT,UNK,UNK,0.0,,,,2020,Portugal,,,,False
PT,T,TOTAL,561.0,,10394297.0,,2021,Portugal,53.971904016211965,49.5975516737448,58.62866372767696,True
PT,T,DRIV,378.0,,10394297.0,,2021,Portugal,36.366095754239076,32.791997149749214,40.22345823891695,True
PT,T,PAS,83.0,,10394297.0,,2021,Portugal,7.985148009528687,6.360125816859293,9.89879236635879,True
PT,T,PED,100.0,,10394297.0,,2021,Portugal,9.620660252444202,7.8277531660797415,11.701300606710236,True
PT,T,UNK,0.0,,10394297.0,,2021,Portugal,0.0,0.0,0.35489455940252,True
PT,M,TOTAL,442.0,,4942871.0,,2021,Portugal,89.42171462698501,81.27853050697969,98.15981488289802,True
PT,M,DRIV,339.0,,4942871.0,,2021,Portugal,68.58362275689574,61.47632053250062,76.28715824794703,True
PT,M,PAS,39.0,,4942871.0,,2021,Portugal,7.890151290616324,5.610668878357634,10.786096555186822,True
PT,M,PED,64.0,,4942871.0,,2021,Portugal,12.947940579472942,9.971491982338899,16.534231059011045,True
PT,M,UNK,0.0,,4942871.0,,2021,Portugal,0.0,0.0,0.7463029996360284,True
PT,F,TOTAL,119.0,,5451426.0,,2021,Portugal,21.829150757985158,18.08364145037139,26.12183341940026,True
PT,F,DRIV,39.0,,5451426.0,,2021,Portugal,7.154091424885892,5.087258359452458,9.779878487909924,True
PT,F,PAS,44.0,,5451426.0,,2021,Portugal,8.071282633204596,5.864606317346018,10.835320204347951,True
PT,F,PED,36.0,,5451426.0,,2021,Portugal,6.60377669989467,4.625204014016742,9.142410534277856,True
PT,F,UNK,0.0,,5451426.0,,2021,Portugal,0.0,0.0,0.6766815607721605,True
PT,UNK,TOTAL,0.0,,,,2021,Portugal,,,,False
PT,UNK,DRIV,0.0,,,,2021,Portugal,,,,False
PT,UNK,PAS,0.0,,,,2021,Portugal,,,,False
PT,UNK,PED,0.0,,,,2021,Portugal,,,,False
PT,UNK,UNK,0.0,,,,2021,Portugal,,,,False
PT,T,TOTAL,618.0,,10421117.0,,2022,Portugal,59.30266400425214,54.71870488960545,64.16811845681299,True
PT,T,DRIV,404.0,,10421117.0,,2022,Portugal,38.76743731022308,35.078844894531926,42.738408785464756,True
PT,T,PAS,107.0,,10421117.0,,2022,Portugal,10.267613347014528,8.414556922932137,12.407359717859837,True
PT,T,PED,107.0,,10421117.0,,2022,Portugal,10.267613347014528,8.414556922932137,12.407359717859837,True
PT,T,UNK,0.0,,10421117.0,,2022,Portugal,0.0,0.0,0.35398119550082163,True
PT,M,TOTAL,500.0,,4967262.0,,2022,Portugal,100.65907536183917,92.0282797443802,109.8813125953838,True
PT,M,DRIV,373.0,,4967262.0,,2022,Portugal,75.09167021993203,67.66356944979974,83.11258456556355,True
PT,M,PAS,52.0,,4967262.0,,2022,Portugal,10.468543837631275,7.81840925654037,13.728102471919719,True
PT,M,PED,75.0,,4967262.0,,2022,Portugal,15.098861304275877,11.87621222747088,18.926553390747813,True
PT,M,UNK,0.0,,4967262.0,,2022,Portugal,0.0,0.0,0.7426383899447896,True
PT,F,TOTAL,118.0,,5453855.0,,2022,Portugal,21.636072099459923,17.90874875483249,25.91039268991614,True
PT,F,DRIV,31.0,,5453855.0,,2022,Portugal,5.684052839688624,3.862038132502946,8.068059290767494,True
PT,F,PAS,55.0,,5453855.0,,2022,Portugal,10.084609876866914,7.597108278720003,13.126505925800991,True
PT,F,PED,32.0,,5453855.0,,2022,Portugal,5.867409382904386,4.013303674425624,8.283031374948632,True
PT,F,UNK,0.0,,5453855.0,,2022,Portugal,0.0,0.0,0.6763801850459786,True
PT,UNK,TOTAL,0.0,,,,2022,Portugal,,,,False
PT,UNK,DRIV,0.0,,,,2022,Portugal,,,,False
PT,UNK,PAS,0.0,,,,2022,Portugal,,,,False
PT,UNK,PED,0.0,,,,2022,Portugal,,,,False
PT,UNK,UNK,0.0,,,,2022,Portugal,,,,False
PT,T,TOTAL,642.0,,10516621.0,,2023,Portugal,61.04622387742223,56.41477571080702,65.95654116069332,True
PT,T,DRIV,428.0,,10516621.0,,2023,Portugal,40.69748258494815,36.93270411566419,44.74194585261412,True
PT,T,PAS,105.0,,10516621.0,,2023,Portugal,9.984195493970924,8.166082748468177,12.086477383642126,True
PT,T,PED,109.0,,10516621.0,,2023,Portugal,10.364545798503151,8.510370578694413,12.502727023959043,True
PT,T,UNK,0.0,,10516621.0,,2023,Portugal,0.0,0.0,0.3507666059387265,True
PT,M,TOTAL,510.0,,5020648.0,,2023,Portugal,101.58051311304835,92.95461707102193,110.79147694395843,True
PT,M,DRIV,395.0,,5020648.0,,2023,Portugal,78.6751032934394,71.1067803536552,86.82965517974525,True
PT,M,PAS,58.0,,5020648.0,,2023,Portugal,11.552293648150597,8.772140902977018,14.934018426445068,True
PT,M,PED,57.0,,5020648.0,,2023,Portugal,11.353116171458346,8.598739318694467,14.709278842683814,True
PT,M,UNK,0.0,,5020648.0,,2023,Portugal,0.0,0.0,0.7347417014923044,True
PT,F,TOTAL,131.0,,5495973.0,,2023,Portugal,23.835633835901305,19.92892247843117,28.28433888739384,True
PT,F,DRIV,32.0,,5495973.0,,2023,Portugal,5.822444906479708,3.9825480058371037,8.219554950401042,True
PT,F,PAS,47.0,,5495973.0,,2023,Portugal,8.551715956392071,6.283479225073659,11.371969320199895,True
PT,F,PED,52.0,,5495973.0,,2023,Portugal,9.461472973029526,7.066280565872727,12.407463017171462,True
PT,F,UNK,0.0,,5495973.0,,2023,Portugal,0.0,0.0,0.671196793381979,True
PT,UNK,TOTAL,1.0,,,,2023,Portugal,,,,False
PT,UNK,DRIV,1.0,,,,2023,Portugal,,,,False
PT,UNK,PAS,0.0,,,,2023,Portugal,,,,False
PT,UNK,PED,0.0,,,,2023,Portugal,,,,False
PT,UNK,UNK,0.0,,,,2023,Portugal,,,,False
PT,T,TOTAL,618.0,,10639726.0,,2024,Portugal,58.08420254431364,53.594427689495994,62.84968899653126,True
PT,T,DRIV,431.0,,10639726.0,,2024,Portugal,40.50856196860708,36.77400755992637,44.51954983796105,True
PT,T,PAS,76.0,,10639726.0,,2024,Portugal,7.143041089591969,5.62790394005011,8.940581079186774,True
PT,T,PED,111.0,,10639726.0,,2024,Portugal,10.432599486114587,8.582300697422138,12.56354086472675,True
PT,T,UNK,0.0,,10639726.0,,2024,Portugal,0.0,0.0,0.34670812520115046,True
PT,M,TOTAL,497.0,,5083568.0,,2024,Portugal,97.7659785410562,89.35855198874692,106.75134085925504,True
PT,M,DRIV,383.0,,5083568.0,,2024,Portugal,75.34078426805739,67.98345293996707,83.27723717542091,True
PT,M,PAS,38.0,,5083568.0,,2024,Portugal,7.475064757666269,5.289800715795707,10.260110402626582,True
PT,M,PED,76.0,,5083568.0,,2024,Portugal,14.950129515332538,11.779001653258812,18.712316420933405,True
PT,M,UNK,0.0,,5083568.0,,2024,Portugal,0.0,0.0,0.7256477053349017,True
PT,F,TOTAL,121.0,,5556158.0,,2024,Portugal,21.777638432888338,18.07050691552353,26.021499001906385,True
PT,F,DRIV,48.0,,5556158.0,,2024,Portugal,8.639063179988762,6.369763211104372,11.454144425361422,True
PT,F,PAS,38.0,,5556158.0,,2024,Portugal,6.839258350824436,4.83986626103796,9.387416434028623,True
PT,F,PED,35.0,,5556158.0,,2024,Portugal,6.299316902075139,4.387705029720135,8.760824902582518,True
PT,F,UNK,0.0,,5556158.0,,2024,Portugal,0.0,0.0,0.6639263055719322,True
PT,UNK,TOTAL,0.0,,,,2024,Portugal,,,,False
PT,UNK,DRIV,0.0,,,,2024,Portugal,,,,False
PT,UNK,PAS,0.0,,,,2024,Portugal,,,,False
PT,UNK,PED,0.0,,,,2024,Portugal,,,,False
PT,UNK,UNK,0.0,,,,2024,Portugal,,,,False
RO,T,TOTAL,2377.0,,20294683.0,,2010,Romania,117.12427338727095,112.46263923095671,121.92950907496729,True
RO,T,DRIV,927.0,,20294683.0,,2010,Romania,45.6769884013463,42.7835379515629,48.71463130667068,True
RO,T,PAS,580.0,,20294683.0,,2010,Romania,28.578913994369856,26.300090025204053,31.002344867024043,True
RO,T,PED,868.0,,20294683.0,,2010,Romania,42.76982301226385,39.9714922913855,45.71239868306666,True
RO,T,UNK,2.0,,20294683.0,,2010,Romania,0.09854797929093054,0.011934617483010949,0.35598918533115104,True
RO,M,TOTAL,1802.0,,9880409.0,,2010,Romania,182.3811139802006,174.05663593394559,191.00085447974325,True
RO,M,DRIV,872.0,,9880409.0,,2010,Romania,88.2554558217175,82.49414107909625,94.31304675259446,True
RO,M,PAS,353.0,,9880409.0,,2010,Romania,35.72726594617693,32.09702424431285,39.6556790503646,True
RO,M,PED,575.0,,9880409.0,,2010,Romania,58.195971442072896,53.535832163407356,63.1531556723121,True
RO,M,UNK,2.0,,9880409.0,,2010,Romania,0.20242077023329702,0.024514094360260297,0.7312134211978432,True
RO,F,TOTAL,575.0,,10414274.0,,2010,Romania,55.212682132235045,50.79143471064997,59.91574714503513,True
RO,F,DRIV,55.0,,10414274.0,,2010,Romania,5.281213073518135,3.9785324422459483,6.8742247396178895,True
RO,F,PAS,227.0,,10414274.0,,2010,Romania,21.797006685247574,19.053504923747788,24.824609235763322,True
RO,F,PED,293.0,,10414274.0,,2010,Romania,28.134462373469336,25.00489041625119,31.54740124797153,True
RO,F,UNK,0.0,,10414274.0,,2010,Romania,0.0,0.0,0.3542137890854356,True
RO,UNK,TOTAL,0.0,,,,2010,Romania,,,,False
RO,UNK,DRIV,0.0,,,,2010,Romania,,,,False
RO,UNK,PAS,0.0,,,,2010,Romania,,,,False
RO,UNK,PED,0.0,,,,2010,Romania,,,,False
RO,UNK,UNK,0.0,,,,2010,Romania,,,,False
RO,T,TOTAL,2018.0,,20199059.0,,2011,Romania,99.9056441193622,95.59381657886522,104.36183738275768,True
RO,T,DRIV,809.0,,20199059.0,,2011,Romania,40.05137070989297,37.33867027513206,42.909057353013786,True
RO,T,PAS,462.0,,20199059.0,,2011,Romania,22.87235261801057,20.833998918237885,25.05623725782921,True
RO,T,PED,747.0,,20199059.0,,2011,Romania,36.98192079145865,34.377095819362104,39.73180061313283,True
RO,T,UNK,0.0,,20199059.0,,2011,Romania,0.0,0.0,0.18262630225071058,True
RO,M,TOTAL,1545.0,,9832949.0,,2011,Romania,157.12478525008112,149.38673863930364,165.15970586356065,True
RO,M,DRIV,764.0,,9832949.0,,2011,Romania,77.69795205893979,72.28541520274491,83.40842340223097,True
RO,M,PAS,285.0,,9832949.0,,2011,Romania,28.98418368690817,25.716506041616988,32.55206062171857,True
RO,M,PED,496.0,,9832949.0,,2011,Romania,50.44264950423317,46.10054046209073,55.08355186466821,True
RO,M,UNK,0.0,,9832949.0,,2011,Romania,0.0,0.0,0.37515494630491175,True
RO,F,TOTAL,473.0,,10366110.0,,2011,Romania,45.629459845593,41.609486276971474,49.93295946041827,True
RO,F,DRIV,45.0,,10366110.0,,2011,Romania,4.341069118502505,3.1664056032817003,5.808692025934397,True
RO,F,PAS,177.0,,10366110.0,,2011,Romania,17.074871866109852,14.651981635519306,19.78399574185549,True
RO,F,PED,251.0,,10366110.0,,2011,Romania,24.21351886098064,21.310410311821876,27.401746851574675,True
RO,F,UNK,0.0,,10366110.0,,2011,Romania,0.0,0.0,0.3558595706696085,True
RO,UNK,TOTAL,0.0,,,,2011,Romania,,,,False
RO,UNK,DRIV,0.0,,,,2011,Romania,,,,False
RO,UNK,PAS,0.0,,,,2011,Romania,,,,False
RO,UNK,PED,0.0,,,,2011,Romania,,,,False
RO,UNK,UNK,0.0,,,,2011,Romania,,,,False
RO,T,TOTAL,2042.0,,20095996.0,,2012,Romania,101.61228137187129,97.25236329035425,106.11729920365374,True
RO,T,DRIV,821.0,,20095996.0,,2012,Romania,40.85390940563483,38.10679653458539,43.74673960579762,True
RO,T,PAS,493.0,,20095996.0,,2012,Romania,24.5322501059415,22.41424080266764,26.79646521745128,True
RO,T,PED,728.0,,20095996.0,,2012,Romania,36.22612186029496,33.64206040991009,38.9560049601417,True
RO,T,UNK,0.0,,20095996.0,,2012,Romania,0.0,0.0,0.18356290746245846,True
RO,M,TOTAL,1542.0,,9777107.0,,2012,Romania,157.71536508703443,149.94077678236658,165.78852545292912,True
RO,M,DRIV,763.0,,9777107.0,,2012,Romania,78.03944459235233,72.5996218719108,83.77890580448735,True
RO,M,PAS,293.0,,9777107.0,,2012,Romania,29.967964961414456,26.63444106061373,33.60332259678834,True
RO,M,PED,486.0,,9777107.0,,2012,Romania,49.707955533267665,45.386289089202705,54.33016729839919,True
RO,M,UNK,0.0,,9777107.0,,2012,Romania,0.0,0.0,0.37729764582856007,True
RO,F,TOTAL,500.0,,10318889.0,,2012,Romania,48.454828809574366,44.300173875271796,52.89418934200875,True
RO,F,DRIV,58.0,,10318889.0,,2012,Romania,5.620760141910626,4.268078829053182,7.2661358935729,True
RO,F,PAS,200.0,,10318889.0,,2012,Romania,19.381931523829746,16.78871462629914,22.26227859079111,True
RO,F,PED,242.0,,10318889.0,,2012,Romania,23.45213714383399,20.590204230948594,26.600602531153616,True
RO,F,UNK,0.0,,10318889.0,,2012,Romania,0.0,0.0,0.3574880448964938,True
RO,UNK,TOTAL,0.0,,,,2012,Romania,,,,False
RO,UNK,DRIV,0.0,,,,2012,Romania,,,,False
RO,UNK,PAS,0.0,,,,2012,Romania,,,,False
RO,UNK,PED,0.0,,,,2012,Romania,,,,False
RO,UNK,UNK,0.0,,,,2012,Romania,,,,False
RO,T,TOTAL,1861.0,,20020074.0,,2013,Romania,92.95669936085152,88.78087112566176,97.2782287259147,True
RO,T,DRIV,720.0,,20020074.0,,2013,Romania,35.96390303052826,33.38459751608295,38.68959313348726,True
RO,T,PAS,415.0,,20020074.0,,2013,Romania,20.729194107873926,18.782544158829513,22.822799778387175,True
RO,T,PED,726.0,,20020074.0,,2013,Romania,36.26360222244933,33.673372585659955,39.00020897700233,True
RO,T,UNK,0.0,,20020074.0,,2013,Romania,0.0,0.0,0.18425903191536333,True
RO,M,TOTAL,1374.0,,9761480.0,,2013,Romania,140.75734417321962,133.4122248995979,148.40166412205522,True
RO,M,DRIV,672.0,,9761480.0,,2013,Romania,68.84201985764454,63.734762525136894,74.24963100375383,True
RO,M,PAS,248.0,,9761480.0,,2013,Romania,25.405983518892626,22.3421289608878,28.772655396886726,True
RO,M,PED,454.0,,9761480.0,,2013,Romania,46.50934079668247,42.328988713299886,50.990874911168426,True
RO,M,UNK,0.0,,9761480.0,,2013,Romania,0.0,0.0,0.3779016557032269,True
RO,F,TOTAL,487.0,,10258594.0,,2013,Romania,47.47239241556884,43.34923158093253,51.88198808915603,True
RO,F,DRIV,48.0,,10258594.0,,2013,Romania,4.679003769912329,3.449928013866544,6.203680171193759,True
RO,F,PAS,167.0,,10258594.0,,2013,Romania,16.279033949486646,13.903632258530614,18.943875949981084,True
RO,F,PED,272.0,,10258594.0,,2013,Romania,26.514354696169864,23.456700513832573,29.859883620640264,True
RO,F,UNK,0.0,,10258594.0,,2013,Romania,0.0,0.0,0.3595891848448175,True
RO,UNK,TOTAL,0.0,,,,2013,Romania,,,,False
RO,UNK,DRIV,0.0,,,,2013,Romania,,,,False
RO,UNK,PAS,0.0,,,,2013,Romania,,,,False
RO,UNK,PED,0.0,,,,2013,Romania,,,,False
RO,UNK,UNK,0.0,,,,2013,Romania,,,,False
RO,T,TOTAL,1818.0,,19947311.0,,2014,Romania,91.1401040471069,86.99830176354983,95.42815224231089,True
RO,T,DRIV,693.0,,19947311.0,,2014,Romania,34.7415248100358,32.202723591602705,37.427279525449535,True
RO,T,PAS,428.0,,19947311.0,,2014,Romania,21.456526145303496,19.471659698371397,23.58884800735621,True
RO,T,PED,697.0,,19947311.0,,2014,Romania,34.942053091767605,32.39579674881976,37.63525762920748,True
RO,T,UNK,0.0,,19947311.0,,2014,Romania,0.0,0.0,0.18493116461230968,True
RO,M,TOTAL,1361.0,,9746052.0,,2014,Romania,139.6462895950073,132.32489365861582,147.26737266416322,True
RO,M,DRIV,657.0,,9746052.0,,2014,Romania,67.41191202345318,62.355088725382906,72.76960811775616,True
RO,M,PAS,236.0,,9746052.0,,2014,Romania,24.21493339046416,21.22382582600557,27.509494769044952,True
RO,M,PED,468.0,,9746052.0,,2014,Romania,48.019444181089945,43.76689648134496,52.57358055731238,True
RO,M,UNK,0.0,,9746052.0,,2014,Romania,0.0,0.0,0.3784998740119523,True
RO,F,TOTAL,457.0,,10201259.0,,2014,Romania,44.798392041609766,40.78475018814871,49.10021727449044,True
RO,F,DRIV,36.0,,10201259.0,,2014,Romania,3.5289761783324978,2.4716515301998734,4.885590542229758,True
RO,F,PAS,192.0,,10201259.0,,2014,Romania,18.821206284439988,16.25300732762865,21.679983235693808,True
RO,F,PED,229.0,,10201259.0,,2014,Romania,22.44820957883728,19.634691330623053,25.551733663118416,True
RO,F,UNK,0.0,,10201259.0,,2014,Romania,0.0,0.0,0.3616102143974519,True
RO,UNK,TOTAL,0.0,,,,2014,Romania,,,,False
RO,UNK,DRIV,0.0,,,,2014,Romania,,,,False
RO,UNK,PAS,0.0,,,,2014,Romania,,,,False
RO,UNK,PED,0.0,,,,2014,Romania,,,,False
RO,UNK,UNK,0.0,,,,2014,Romania,,,,False
RO,T,TOTAL,1893.0,,19870647.0,,2015,Romania,95.26614810277692,91.02248864915748,99.65659471761967,True
RO,T,DRIV,800.0,,19870647.0,,2015,Romania,40.26039011210858,37.51850621927915,43.14966609691026,True
RO,T,PAS,444.0,,19870647.0,,2015,Romania,22.344516512220263,20.31419273285215,24.522821890553256,True
RO,T,PED,649.0,,19870647.0,,2015,Romania,32.66124147844808,30.19643878717834,35.27362638519803,True
RO,T,UNK,0.0,,19870647.0,,2015,Romania,0.0,0.0,0.1856446573739615,True
RO,M,TOTAL,1430.0,,9707074.0,,2015,Romania,147.3152465923305,139.77795430872274,155.15336306224464,True
RO,M,DRIV,733.0,,9707074.0,,2015,Romania,75.51194108543935,70.14362910159704,81.18212658485648,True
RO,M,PAS,271.0,,9707074.0,,2015,Romania,27.917784494071025,24.692534563226964,31.447276217092313,True
RO,M,PED,426.0,,9707074.0,,2015,Romania,43.885521012820135,39.81654201596664,48.25752113319401,True
RO,M,UNK,0.0,,9707074.0,,2015,Romania,0.0,0.0,0.3800197107917314,True
RO,F,TOTAL,463.0,,10163573.0,,2015,Romania,45.554845722070375,41.499342484913974,49.89957199816168,True
RO,F,DRIV,67.0,,10163573.0,,2015,Romania,6.59216989930608,5.108841125576658,8.371822746567211,True
RO,F,PAS,173.0,,10163573.0,,2015,Romania,17.02157302358137,14.57956921452447,19.755595793658145,True
RO,F,PED,223.0,,10163573.0,,2015,Romania,21.941102799182925,19.155650112974694,25.01772004082638,True
RO,F,UNK,0.0,,10163573.0,,2015,Romania,0.0,0.0,0.3629510462623662,True
RO,UNK,TOTAL,0.0,,,,2015,Romania,,,,False
RO,UNK,DRIV,0.0,,,,2015,Romania,,,,False
RO,UNK,PAS,0.0,,,,2015,Romania,,,,False
RO,UNK,PED,0.0,,,,2015,Romania,,,,False
RO,UNK,UNK,0.0,,,,2015,Romania,,,,False
RO,T,TOTAL,1913.0,,19760585.0,,2016,Romania,96.80887483847265,92.51884127491547,101.24650720017821,True
RO,T,DRIV,773.0,,19760585.0,,2016,Romania,39.1182750915522,36.40887198298819,41.97592127192381,True
RO,T,PAS,423.0,,19760585.0,,2016,Romania,21.406248853462586,19.414649950853835,23.546710458426016,True
RO,T,PED,717.0,,19760585.0,,2016,Romania,36.28435089345786,33.67672593724088,39.040286528596965,True
RO,T,UNK,0.0,,19760585.0,,2016,Romania,0.0,0.0,0.18667865622975918,True
RO,M,TOTAL,1405.0,,9649733.0,,2016,Romania,145.5998834371894,138.08524188200735,153.41716035104267,True
RO,M,DRIV,711.0,,9649733.0,,2016,Romania,73.68079510593712,68.3637445234214,79.30156996432207,True
RO,M,PAS,241.0,,9649733.0,,2016,Romania,24.974784276414695,21.92092925987167,28.33505448226253,True
RO,M,PED,453.0,,9649733.0,,2016,Romania,46.94430405483758,42.720311898040926,51.47297121076833,True
RO,M,UNK,0.0,,9649733.0,,2016,Romania,0.0,0.0,0.38227787795931095,True
RO,F,TOTAL,508.0,,10110852.0,,2016,Romania,50.24304578882175,45.96836158189783,54.80825977797364,True
RO,F,DRIV,62.0,,10110852.0,,2016,Romania,6.132025273438876,4.701388615536315,7.860979655893119,True
RO,F,PAS,182.0,,10110852.0,,2016,Romania,18.000461286546376,15.480213821862982,20.81407022675823,True
RO,F,PED,264.0,,10110852.0,,2016,Romania,26.1105592288365,23.0556064663292,29.457679941946182,True
RO,F,UNK,0.0,,10110852.0,,2016,Romania,0.0,0.0,0.36484358134348477,True
RO,UNK,TOTAL,0.0,,,,2016,Romania,,,,False
RO,UNK,DRIV,0.0,,,,2016,Romania,,,,False
RO,UNK,PAS,0.0,,,,2016,Romania,,,,False
RO,UNK,PED,0.0,,,,2016,Romania,,,,False
RO,UNK,UNK,0.0,,,,2016,Romania,,,,False
RO,T,TOTAL,1951.0,,19643949.0,,2017,Romania,99.31811572102941,94.95947863295123,103.8252168864885,True
RO,T,DRIV,788.0,,19643949.0,,2017,Romania,40.114133873998554,37.36185529342397,43.0155187414372,True
RO,T,PAS,429.0,,19643949.0,,2017,Romania,21.838786081148957,19.820856834867268,24.006445129060154,True
RO,T,PED,733.0,,19643949.0,,2017,Romania,37.31428950462048,34.66153360089441,40.1162164611896,True
RO,T,UNK,1.0,,19643949.0,,2017,Romania,0.050906261261419485,0.0012888349478147139,0.2836315341145967,True
RO,M,TOTAL,1449.0,,9602080.0,,2017,Romania,150.90480395914219,143.23398241017725,158.87972144132573,True
RO,M,DRIV,733.0,,9602080.0,,2017,Romania,76.33762684751638,70.9106150248442,82.06981302348753,True
RO,M,PAS,242.0,,9602080.0,,2017,Romania,25.202872710912636,22.12729241440281,28.586375540725886,True
RO,M,PED,474.0,,9602080.0,,2017,Romania,49.36430440071318,45.019773625211656,54.014916283899545,True
RO,M,UNK,0.0,,9602080.0,,2017,Romania,0.0,0.0,0.3841750385451835,True
RO,F,TOTAL,502.0,,10041869.0,,2017,Romania,49.99069396344446,45.7127052095612,54.56123375978505,True
RO,F,DRIV,55.0,,10041869.0,,2017,Romania,5.477068063723994,4.1260772244129535,7.129156930443861,True
RO,F,PAS,187.0,,10041869.0,,2017,Romania,18.622031416661578,16.048530934329012,21.49081351459777,True
RO,F,PED,259.0,,10041869.0,,2017,Romania,25.792011427354808,22.746256834229335,29.131997629786266,True
RO,F,UNK,1.0,,10041869.0,,2017,Romania,0.09958305570407262,0.0025212246828045554,0.5548412741630963,True
RO,UNK,TOTAL,0.0,,,,2017,Romania,,,,False
RO,UNK,DRIV,0.0,,,,2017,Romania,,,,False
RO,UNK,PAS,0.0,,,,2017,Romania,,,,False
RO,UNK,PED,0.0,,,,2017,Romania,,,,False
RO,UNK,UNK,0.0,,,,2017,Romania,,,,False
RO,T,TOTAL,1867.0,,19533481.0,,2018,Romania,95.57948222336817,91.29265864174157,100.01563459666494,True
RO,T,DRIV,764.0,,19533481.0,,2018,Romania,39.11233230779501,36.38771815082091,41.986923553694474,True
RO,T,PAS,413.0,,19533481.0,,2018,Romania,21.14318487319285,19.15297486410354,23.284017243493267,True
RO,T,PED,690.0,,19533481.0,,2018,Romania,35.32396504238031,32.737101836281646,38.060899146493526,True
RO,T,UNK,0.0,,19533481.0,,2018,Romania,0.0,0.0,0.1888490563517038,True
RO,M,TOTAL,1385.0,,9554867.0,,2018,Romania,144.95230545856893,137.41797885645516,152.79229168258254,True
RO,M,DRIV,711.0,,9554867.0,,2018,Romania,74.41233875887545,69.04249755974926,80.08891977633257,True
RO,M,PAS,236.0,,9554867.0,,2018,Romania,24.699454215322934,21.648497058011717,28.059937047040016,True
RO,M,PED,438.0,,9554867.0,,2018,Romania,45.84051248437053,41.64748738892772,50.34131821447605,True
RO,M,UNK,0.0,,9554867.0,,2018,Romania,0.0,0.0,0.3860733439946297,True
RO,F,TOTAL,482.0,,9978614.0,,2018,Romania,48.30330144046057,44.08676543429982,52.814331784581405,True
RO,F,DRIV,53.0,,9978614.0,,2018,Romania,5.311358872083838,3.9785722678878517,6.947388177276348,True
RO,F,PAS,177.0,,9978614.0,,2018,Romania,17.737934346393196,15.22095687354707,20.552260674639346,True
RO,F,PED,252.0,,9978614.0,,2018,Romania,25.254008221983533,22.23196954843982,28.572226207569976,True
RO,F,UNK,0.0,,9978614.0,,2018,Romania,0.0,0.0,0.36967853993690264,True
RO,UNK,TOTAL,0.0,,,,2018,Romania,,,,False
RO,UNK,DRIV,0.0,,,,2018,Romania,,,,False
RO,UNK,PAS,0.0,,,,2018,Romania,,,,False
RO,UNK,PED,0.0,,,,2018,Romania,,,,False
RO,UNK,UNK,0.0,,,,2018,Romania,,,,False
RO,T,TOTAL,1864.0,,19414458.0,,2019,Romania,96.01092134531903,91.70132300198496,100.47076489439344,True
RO,T,DRIV,745.0,,19414458.0,,2019,Romania,38.373463735119465,35.66706597154876,41.23078093410993,True
RO,T,PAS,390.0,,19414458.0,,2019,Romania,20.08812195529744,18.14366870063475,22.184192084951917,True
RO,T,PED,729.0,,19414458.0,,2019,Romania,37.54933565490214,34.872691223398235,40.37691948619366,True
RO,T,UNK,0.0,,19414458.0,,2019,Romania,0.0,0.0,0.19000682141700456,True
RO,M,TOTAL,1416.0,,9500450.0,,2019,Romania,149.04557152555932,141.38263654942583,157.0158866202869,True
RO,M,DRIV,697.0,,9500450.0,,2019,Romania,73.36494587098505,68.01878151471738,79.01964522679708,True
RO,M,PAS,211.0,,9500450.0,,2019,Romania,22.20947428806004,19.31366781062201,25.416957969106093,True
RO,M,PED,508.0,,9500450.0,,2019,Romania,53.47115136651422,48.9218195598161,58.329679435462985,True
RO,M,UNK,0.0,,9500450.0,,2019,Romania,0.0,0.0,0.38828470799950904,True
RO,F,TOTAL,448.0,,9914008.0,,2019,Romania,45.188585686031324,41.10048159688314,49.57326861491216,True
RO,F,DRIV,48.0,,9914008.0,,2019,Romania,4.841634180646213,3.5698388405056,6.41930450148187,True
RO,F,PAS,179.0,,9914008.0,,2019,Romania,18.055260798659834,15.50705621885359,20.902711303981054,True
RO,F,PED,221.0,,9914008.0,,2019,Romania,22.291690706725273,19.44939341019637,25.432511296647952,True
RO,F,UNK,0.0,,9914008.0,,2019,Romania,0.0,0.0,0.37208760111086614,True
RO,UNK,TOTAL,0.0,,,,2019,Romania,,,,False
RO,UNK,DRIV,0.0,,,,2019,Romania,,,,False
RO,UNK,PAS,0.0,,,,2019,Romania,,,,False
RO,UNK,PED,0.0,,,,2019,Romania,,,,False
RO,UNK,UNK,0.0,,,,2019,Romania,,,,False
RO,T,TOTAL,1644.0,,19328838.0,e,2020,Romania,85.05425934037007,80.99204533009818,89.26745967115471,True
RO,T,DRIV,744.0,,19328838.0,e,2020,Romania,38.491708606590834,35.77518080562287,41.35982559774766,True
RO,T,PAS,313.0,,19328838.0,e,2020,Romania,16.19342042185878,14.448946498723439,18.090476413351688,True
RO,T,PED,587.0,,19328838.0,e,2020,Romania,30.369130311920458,27.961741011070746,32.92833996099977,True
RO,T,UNK,0.0,,19328838.0,e,2020,Romania,0.0,0.0,0.1908484852588622,True
RO,M,TOTAL,1239.0,,9460661.0,e,2020,Romania,130.96336503337346,123.7717284129583,138.4638630713278,True
RO,M,DRIV,700.0,,9460661.0,e,2020,Romania,73.99060171377032,68.61019335483549,79.68083436531151,True
RO,M,PAS,176.0,,9460661.0,e,2020,Romania,18.60335128803368,15.956374717488996,21.563977557575793,True
RO,M,PED,363.0,,9460661.0,e,2020,Romania,38.36941203156947,34.52334425675547,42.52680515120758,True
RO,M,UNK,0.0,,9460661.0,e,2020,Romania,0.0,0.0,0.3899177292277924,True
RO,F,TOTAL,405.0,,9868177.0,e,2020,Romania,41.04101497166093,37.14080229222931,45.23942314277487,True
RO,F,DRIV,44.0,,9868177.0,e,2020,Romania,4.458776935192792,3.239754146905182,5.985699920087341,True
RO,F,PAS,137.0,,9868177.0,e,2020,Romania,13.883010002759375,11.655702409249304,16.411988221134806,True
RO,F,PED,224.0,,9868177.0,e,2020,Romania,22.69922803370876,19.823749913220034,25.874571935857187,True
RO,F,UNK,0.0,,9868177.0,e,2020,Romania,0.0,0.0,0.3738156960615862,True
RO,UNK,TOTAL,0.0,,,,2020,Romania,,,,False
RO,UNK,DRIV,0.0,,,,2020,Romania,,,,False
RO,UNK,PAS,0.0,,,,2020,Romania,,,,False
RO,UNK,PED,0.0,,,,2020,Romania,,,,False
RO,UNK,UNK,0.0,,,,2020,Romania,,,,False
RO,T,TOTAL,1779.0,,19201662.0,,2021,Romania,92.64823013757872,88.39252827145879,97.05586997325227,True
RO,T,DRIV,808.0,,19201662.0,,2021,Romania,42.07969081009758,39.227878945467516,45.0840210384967,True
RO,T,PAS,386.0,,19201662.0,,2021,Romania,20.1024265503684,18.14679072703268,22.211372642709087,True
RO,T,PED,583.0,,19201662.0,,2021,Romania,30.361955126592687,27.947062863510443,32.92968039606752,True
RO,T,UNK,2.0,,19201662.0,,2021,Romania,0.10415765052004353,0.012613974693647096,0.3762532466056303,True
RO,M,TOTAL,1354.0,,9387590.0,,2021,Romania,144.23297140160574,136.65184483665158,152.12523580009986,True
RO,M,DRIV,742.0,,9387590.0,,2021,Romania,79.0405205169804,73.45491085259717,84.93825403450498,True
RO,M,PAS,224.0,,9387590.0,,2021,Romania,23.861289212673327,20.8386042581099,27.199191236757397,True
RO,M,PED,388.0,,9387590.0,,2021,Romania,41.33116167195201,37.32042937881841,45.65546594934589,True
RO,M,UNK,0.0,,9387590.0,,2021,Romania,0.0,0.0,0.39295276573795146,True
RO,F,TOTAL,425.0,,9814072.0,,2021,Romania,43.30516425801645,39.285389118604854,47.624662435966975,True
RO,F,DRIV,66.0,,9814072.0,,2021,Romania,6.7250372730096135,5.201143339751459,8.555896313223176,True
RO,F,PAS,162.0,,9814072.0,,2021,Romania,16.506909670114506,14.06286367729656,19.253621409785612,True
RO,F,PED,195.0,,9814072.0,,2021,Romania,19.869428306619312,17.178363606925302,22.862480551524374,True
RO,F,UNK,2.0,,9814072.0,,2021,Romania,0.20378900827301857,0.02467979433449898,0.7361559674438867,True
RO,UNK,TOTAL,0.0,,,,2021,Romania,,,,False
RO,UNK,DRIV,0.0,,,,2021,Romania,,,,False
RO,UNK,PAS,0.0,,,,2021,Romania,,,,False
RO,UNK,PED,0.0,,,,2021,Romania,,,,False
RO,UNK,UNK,0.0,,,,2021,Romania,,,,False
RO,T,TOTAL,1633.0,,19043098.0,e,2022,Romania,85.75285386862998,81.64367204727107,90.01529178383943,True
RO,T,DRIV,756.0,,19043098.0,e,2022,Romania,39.69942285651211,36.919581858058365,42.633112756424694,True
RO,T,PAS,347.0,,19043098.0,e,2022,Romania,18.221825041282674,16.354802084212768,20.24357582298536,True
RO,T,PED,530.0,,19043098.0,e,2022,Romania,27.83160597083521,25.51227387709706,30.305146357564198,True
RO,T,UNK,0.0,,19043098.0,e,2022,Romania,0.0,0.0,0.19371214988831836,True
RO,M,TOTAL,1245.0,,9240114.0,e,2022,Romania,134.7385973809414,127.35725003476931,142.436170972362,True
RO,M,DRIV,699.0,,9240114.0,e,2022,Romania,75.64841732472132,70.1435975848833,81.47045921037368,True
RO,M,PAS,191.0,,9240114.0,e,2022,Romania,20.670740642377357,17.843068191019288,23.81923620290544,True
RO,M,PED,355.0,,9240114.0,e,2022,Romania,38.41943941384273,34.52636315059581,42.631333242169276,True
RO,M,UNK,0.0,,9240114.0,e,2022,Romania,0.0,0.0,0.39922445265436507,True
RO,F,TOTAL,388.0,,9802984.0,e,2022,Romania,39.57978509400811,35.73900453497649,43.72085026267716,True
RO,F,DRIV,57.0,,9802984.0,e,2022,Romania,5.814556057624903,4.403887975633209,7.533431800252128,True
RO,F,PAS,156.0,,9802984.0,e,2022,Romania,15.913521841920787,13.51430577896487,18.61589185875499,True
RO,F,PED,175.0,,9802984.0,e,2022,Romania,17.85170719446242,15.304713419344782,20.70141892046568,True
RO,F,UNK,0.0,,9802984.0,e,2022,Romania,0.0,0.0,0.3763016908029163,True
RO,UNK,TOTAL,0.0,,,,2022,Romania,,,,False
RO,UNK,DRIV,0.0,,,,2022,Romania,,,,False
RO,UNK,PAS,0.0,,,,2022,Romania,,,,False
RO,UNK,PED,0.0,,,,2022,Romania,,,,False
RO,UNK,UNK,0.0,,,,2022,Romania,,,,False
RO,T,TOTAL,1545.0,,19055228.0,e,2023,Romania,81.08011092808756,77.08709558954645,85.2263202839343,True
RO,T,DRIV,714.0,,19055228.0,e,2023,Romania,37.470031846378326,34.771650481128674,40.32221781230461,True
RO,T,PAS,359.0,,19055228.0,e,2023,Romania,18.839973995587982,16.941283376628572,20.89324816199774,True
RO,T,PED,472.0,,19055228.0,e,2023,Romania,24.770105086121248,22.585591907215232,27.108859884774326,True
RO,T,UNK,0.0,,19055228.0,e,2023,Romania,0.0,0.0,0.19358883840770288,True
RO,M,TOTAL,1164.0,,9246348.0,e,2023,Romania,125.88753959941806,118.75858143436714,133.33261269569164,True
RO,M,DRIV,658.0,,9246348.0,e,2023,Romania,71.16323114812464,65.82898610813595,76.81460606367305,True
RO,M,PAS,179.0,,9246348.0,e,2023,Romania,19.358994491663086,16.62678923723877,22.41205361179988,True
RO,M,PED,327.0,,9246348.0,e,2023,Romania,35.365313959630335,31.635640625052858,39.41382190752032,True
RO,M,UNK,0.0,,9246348.0,e,2023,Romania,0.0,0.0,0.39895529068492075,True
RO,F,TOTAL,381.0,,9808880.0,e,2023,Romania,38.842355090489434,35.03955686309416,42.94530309580601,True
RO,F,DRIV,56.0,,9808880.0,e,2023,Romania,5.709112559232043,4.312602272902739,7.413757534762882,True
RO,F,PAS,180.0,,9808880.0,e,2023,Romania,18.35071894038871,15.76774316971522,21.236127560107484,True
RO,F,PED,145.0,,9808880.0,e,2023,Romania,14.782523590868681,12.474395782820567,17.393913291648055,True
RO,F,UNK,0.0,,9808880.0,e,2023,Romania,0.0,0.0,0.376075500374552,True
RO,UNK,TOTAL,0.0,,,,2023,Romania,,,,False
RO,UNK,DRIV,0.0,,,,2023,Romania,,,,False
RO,UNK,PAS,0.0,,,,2023,Romania,,,,False
RO,UNK,PED,0.0,,,,2023,Romania,,,,False
RO,UNK,UNK,0.0,,,,2023,Romania,,,,False
RO,T,TOTAL,1478.0,,19067576.0,e,2024,Romania,77.51378570616423,73.61193805065504,81.5687572610133,True
RO,T,DRIV,689.0,,19067576.0,e,2024,Romania,36.13464029198048,33.486526138367424,38.936493641033174,True
RO,T,PAS,307.0,,19067576.0,e,2024,Romania,16.100630725164017,14.349773434918525,18.00618850842949,True
RO,T,PED,482.0,,19067576.0,e,2024,Romania,25.278514689019726,23.071879444845024,27.6392673377187,True
RO,T,UNK,0.0,,19067576.0,e,2024,Romania,0.0,0.0,0.1934634719229091,True
RO,M,TOTAL,1136.0,,9271370.0,e,2024,Romania,122.5277386189959,115.5053022119851,129.86547443324292,True
RO,M,DRIV,648.0,,9271370.0,e,2024,Romania,69.89258329675118,64.61410377583121,75.4873681136189,True
RO,M,PAS,169.0,,9271370.0,e,2024,Romania,18.228158298072454,15.583503780864309,21.193025632670764,True
RO,M,PED,319.0,,9271370.0,e,2024,Romania,34.40699702417226,30.734452954240083,38.39758682682388,True
RO,M,UNK,0.0,,9271370.0,e,2024,Romania,0.0,0.0,0.3978785717875498,True
RO,F,TOTAL,342.0,,9796206.0,e,2024,Romania,34.911474911817905,31.309076033636366,38.81469168012908,True
RO,F,DRIV,41.0,,9796206.0,e,2024,Romania,4.185293775978169,3.003439073091693,5.677823594740139,True
RO,F,PAS,138.0,,9796206.0,e,2024,Romania,14.087086367926522,11.834878898837879,16.643150603786317,True
RO,F,PED,163.0,,9796206.0,e,2024,Romania,16.63909476791321,14.182739898389006,19.39864382767487,True
RO,F,UNK,0.0,,9796206.0,e,2024,Romania,0.0,0.0,0.376562054137483,True
RO,UNK,TOTAL,0.0,,,,2024,Romania,,,,False
RO,UNK,DRIV,0.0,,,,2024,Romania,,,,False
RO,UNK,PAS,0.0,,,,2024,Romania,,,,False
RO,UNK,PED,0.0,,,,2024,Romania,,,,False
RO,UNK,UNK,0.0,,,,2024,Romania,,,,False
SE,T,TOTAL,266.0,,9340682.0,,2010,Sweden,28.477577975569663,25.157840410275234,32.113549840310014,True
SE,T,DRIV,190.0,,9340682.0,,2010,Sweden,20.341127125406903,17.551503945174186,23.44813871868556,True
SE,T,PAS,40.0,,9340682.0,,2010,Sweden,4.2823425527172425,3.0593683032768877,5.831335117070045,True
SE,T,PED,31.0,,9340682.0,,2010,Sweden,3.318815478355863,2.2549740992297838,4.7107936554577865,True
SE,T,UNK,5.0,,9340682.0,,2010,Sweden,0.5352928190896553,0.1738081213040355,1.2491948745629784,True
SE,M,TOTAL,199.0,,4649014.0,,2010,Sweden,42.80477537817696,37.06383620543663,49.183061393885346,True
SE,M,DRIV,154.0,,4649014.0,,2010,Sweden,33.12530355899122,28.100159584033882,38.78978918634668,True
SE,M,PAS,20.0,,4649014.0,,2010,Sweden,4.301987475193664,2.627765712343294,6.6440707433177435,True
SE,M,PED,20.0,,4649014.0,,2010,Sweden,4.301987475193664,2.627765712343294,6.6440707433177435,True
SE,M,UNK,5.0,,4649014.0,,2010,Sweden,1.075496868798416,0.34921090582184117,2.509850923082329,True
SE,F,TOTAL,67.0,,4691668.0,,2010,Sweden,14.280635373176448,11.067296263333326,18.13590212005546,True
SE,F,DRIV,36.0,,4691668.0,,2010,Sweden,7.673177215438091,5.374198987932486,10.622911614640293,True
SE,F,PAS,20.0,,4691668.0,,2010,Sweden,4.262876230798939,2.60387554818541,6.5836665984623375,True
SE,F,PED,11.0,,4691668.0,,2010,Sweden,2.344581926939417,1.1704068504499547,4.19510470760121,True
SE,F,UNK,0.0,,4691668.0,,2010,Sweden,0.0,0.0,0.7862618271612432,True
SE,UNK,TOTAL,0.0,,,,2010,Sweden,,,,False
SE,UNK,DRIV,0.0,,,,2010,Sweden,,,,False
SE,UNK,PAS,0.0,,,,2010,Sweden,,,,False
SE,UNK,PED,0.0,,,,2010,Sweden,,,,False
SE,UNK,UNK,0.0,,,,2010,Sweden,,,,False
SE,T,TOTAL,319.0,,9415570.0,,2011,Sweden,33.88005187152769,30.263753026779355,37.80952556017428,True
SE,T,DRIV,203.0,,9415570.0,,2011,Sweden,21.560033009153987,18.696020105285424,24.738669637215327,True
SE,T,PAS,50.0,,9415570.0,,2011,Sweden,5.310352957919701,3.941446321089628,7.001038350767592,True
SE,T,PED,53.0,,9415570.0,,2011,Sweden,5.628974135394883,4.216487895300812,7.362836761789701,True
SE,T,UNK,13.0,,9415570.0,,2011,Sweden,1.3806917690591223,0.7351602177036336,2.3610249743944207,True
SE,M,TOTAL,241.0,,4690244.0,,2011,Sweden,51.38325426139877,45.10023667631135,58.29669208985432,True
SE,M,DRIV,170.0,,4690244.0,,2011,Sweden,36.24544906405722,31.00161120825588,42.12221664305159,True
SE,M,PAS,30.0,,4690244.0,,2011,Sweden,6.396255717186569,4.315526872678888,9.13105275435727,True
SE,M,PED,28.0,,4690244.0,,2011,Sweden,5.9698386693741305,3.9669144410946493,8.628079038802287,True
SE,M,UNK,13.0,,4690244.0,,2011,Sweden,2.7717108107808466,1.4758192731558957,4.739709899561489,True
SE,F,TOTAL,78.0,,4725326.0,,2011,Sweden,16.50679762623785,13.047938534827086,20.601230486715583,True
SE,F,DRIV,33.0,,4725326.0,,2011,Sweden,6.983645149562168,4.807219982860408,9.807634281564763,True
SE,F,PAS,20.0,,4725326.0,,2011,Sweden,4.232512211855859,2.585328416579924,6.536771833874445,True
SE,F,PED,25.0,,4725326.0,,2011,Sweden,5.290640264819824,3.4238234246334174,7.810028704375183,True
SE,F,UNK,0.0,,4725326.0,,2011,Sweden,0.0,0.0,0.7806613668800704,True
SE,UNK,TOTAL,0.0,,,,2011,Sweden,,,,False
SE,UNK,DRIV,0.0,,,,2011,Sweden,,,,False
SE,UNK,PAS,0.0,,,,2011,Sweden,,,,False
SE,UNK,PED,0.0,,,,2011,Sweden,,,,False
SE,UNK,UNK,0.0,,,,2011,Sweden,,,,False
SE,T,TOTAL,285.0,,9482855.0,,2012,Sweden,30.054239994178968,26.665924172141377,33.75383805175414,True
SE,T,DRIV,176.0,,9482855.0,,2012,Sweden,18.55981136482631,15.91902986928875,21.513508482817944,True
SE,T,PAS,32.0,,9482855.0,,2012,Sweden,3.3745111572411473,2.3081631334956154,4.763802892633122,True
SE,T,PED,50.0,,9482855.0,,2012,Sweden,5.272673683189293,3.9134800371261464,6.9513629243868875,True
SE,T,UNK,27.0,,9482855.0,,2012,Sweden,2.847243788922218,1.8763515978853176,4.142590226800065,True
SE,M,TOTAL,218.0,,4726834.0,,2012,Sweden,46.119664875051676,40.20025975360881,52.66528299226487,True
SE,M,DRIV,145.0,,4726834.0,,2012,Sweden,30.675923884782076,25.88621713946227,36.09494393248859,True
SE,M,PAS,21.0,,4726834.0,,2012,Sweden,4.442720010899473,2.7501137091076577,6.79116946669661,True
SE,M,PED,33.0,,4726834.0,,2012,Sweden,6.981417159984886,4.8056863373517755,9.804505355840568,True
SE,M,UNK,19.0,,4726834.0,,2012,Sweden,4.019603819385238,2.420064077639861,6.277109281092923,True
SE,F,TOTAL,67.0,,4756021.0,,2012,Sweden,14.08740625829869,10.917546353390899,17.890507974585553,True
SE,F,DRIV,31.0,,4756021.0,,2012,Sweden,6.518053641899394,4.428701214553479,9.251856857496792,True
SE,F,PAS,11.0,,4756021.0,,2012,Sweden,2.312857743899785,1.1545702525781192,4.1383413810203855,True
SE,F,PED,17.0,,4756021.0,,2012,Sweden,3.574416513299668,2.082229340368197,5.722987096967531,True
SE,F,UNK,8.0,,4756021.0,,2012,Sweden,1.6820783591998438,0.7262020451020931,3.314364932407429,True
SE,UNK,TOTAL,0.0,,,,2012,Sweden,,,,False
SE,UNK,DRIV,0.0,,,,2012,Sweden,,,,False
SE,UNK,PAS,0.0,,,,2012,Sweden,,,,False
SE,UNK,PED,0.0,,,,2012,Sweden,,,,False
SE,UNK,UNK,0.0,,,,2012,Sweden,,,,False
SE,T,TOTAL,260.0,,9555893.0,,2013,Sweden,27.20834149147547,24.0013233100351,30.724542739483663,True
SE,T,DRIV,171.0,,9555893.0,,2013,Sweden,17.894716904008867,15.313067428442185,20.78699983376702,True
SE,T,PAS,42.0,,9555893.0,,2013,Sweden,4.395193625546037,3.167668969553939,5.941024954809628,True
SE,T,PED,42.0,,9555893.0,,2013,Sweden,4.395193625546037,3.167668969553939,5.941024954809628,True
SE,T,UNK,5.0,,9555893.0,,2013,Sweden,0.5232373363745283,0.16989373888117218,1.221061399423651,True
SE,M,TOTAL,195.0,,4765905.0,,2013,Sweden,40.91562882600471,35.37412039907313,47.07899763659996,True
SE,M,DRIV,138.0,,4765905.0,,2013,Sweden,28.955675784557183,24.326316130529044,34.20960589934443,True
SE,M,PAS,25.0,,4765905.0,,2013,Sweden,5.2455934392313734,3.3946714942554093,7.7435307035138905,True
SE,M,PED,27.0,,4765905.0,,2013,Sweden,5.665240914369884,3.733429460252517,8.24262809375389,True
SE,M,UNK,5.0,,4765905.0,,2013,Sweden,1.0491186878462748,0.3406459822674646,2.4482930480827187,True
SE,F,TOTAL,65.0,,4789988.0,,2013,Sweden,13.569971365272732,10.473017412409856,17.296042456864523,True
SE,F,DRIV,33.0,,4789988.0,,2013,Sweden,6.889370077753848,4.742325361301498,9.675237029647944,True
SE,F,PAS,17.0,,4789988.0,,2013,Sweden,3.549069433994407,2.0674637326037755,5.682403967589608,True
SE,F,PED,15.0,,4789988.0,,2013,Sweden,3.1315318535244763,1.7526946064965743,5.1649855639483535,True
SE,F,UNK,0.0,,4789988.0,,2013,Sweden,0.0,0.0,0.7701229009579847,True
SE,UNK,TOTAL,0.0,,,,2013,Sweden,,,,False
SE,UNK,DRIV,0.0,,,,2013,Sweden,,,,False
SE,UNK,PAS,0.0,,,,2013,Sweden,,,,False
SE,UNK,PED,0.0,,,,2013,Sweden,,,,False
SE,UNK,UNK,0.0,,,,2013,Sweden,,,,False
SE,T,TOTAL,270.0,,9644864.0,,2014,Sweden,27.99417389400203,24.754300660726376,31.54026250482685,True
SE,T,DRIV,178.0,,9644864.0,,2014,Sweden,18.45541834493467,15.84371361549793,21.374740385940104,True
SE,T,PAS,40.0,,9644864.0,,2014,Sweden,4.1472850213336345,2.9628812227719297,5.647425092151021,True
SE,T,PED,52.0,,9644864.0,,2014,Sweden,5.391470527733724,4.026608068341993,7.07019629731149,True
SE,T,UNK,0.0,,9644864.0,,2014,Sweden,0.0,0.0,0.382470862638803,True
SE,M,TOTAL,191.0,,4814357.0,,2014,Sweden,39.67300306146802,34.24589912937325,45.715857363251914,True
SE,M,DRIV,143.0,,4814357.0,,2014,Sweden,29.702824281622654,25.03413750209108,34.989498390031486,True
SE,M,PAS,17.0,,4814357.0,,2014,Sweden,3.5311049845285676,2.0569987787792416,5.653641143751204,True
SE,M,PED,31.0,,4814357.0,,2014,Sweden,6.4390737953168,4.375038240650174,9.139751269639694,True
SE,M,UNK,0.0,,4814357.0,,2014,Sweden,0.0,0.0,0.7662247428086317,True
SE,F,TOTAL,79.0,,4830507.0,,2014,Sweden,16.35439095730531,12.94792533363369,20.38245077890907,True
SE,F,DRIV,35.0,,4830507.0,,2014,Sweden,7.2456162469074155,5.046837195871937,10.076898215670338,True
SE,F,PAS,23.0,,4830507.0,,2014,Sweden,4.761404962253445,3.0183223079988672,7.14444527144522,True
SE,F,PED,21.0,,4830507.0,,2014,Sweden,4.347369748144449,2.6910903936328396,6.645416461448748,True
SE,F,UNK,0.0,,4830507.0,,2014,Sweden,0.0,0.0,0.7636629973031683,True
SE,UNK,TOTAL,0.0,,,,2014,Sweden,,,,False
SE,UNK,DRIV,0.0,,,,2014,Sweden,,,,False
SE,UNK,PAS,0.0,,,,2014,Sweden,,,,False
SE,UNK,PED,0.0,,,,2014,Sweden,,,,False
SE,UNK,UNK,0.0,,,,2014,Sweden,,,,False
SE,T,TOTAL,259.0,,9747355.0,,2015,Sweden,26.57131088382438,23.433529544136405,30.012213970520637,True
SE,T,DRIV,182.0,,9747355.0,,2015,Sweden,18.67173197241713,16.05749979160613,21.590265623890676,True
SE,T,PAS,48.0,,9747355.0,,2015,Sweden,4.924412827890233,3.6308732803394608,6.529056978239457,True
SE,T,PED,28.0,,9747355.0,,2015,Sweden,2.872574149602636,1.9088046609421256,4.151669447072379,True
SE,T,UNK,1.0,,9747355.0,,2015,Sweden,0.10259193391437985,0.0025974028835812277,0.5716056705576946,True
SE,M,TOTAL,201.0,,4872240.0,,2015,Sweden,41.254125412541256,35.74775573436357,47.36857177784051,True
SE,M,DRIV,153.0,,4872240.0,,2015,Sweden,31.40239397074036,26.623724457688844,36.79116466007065,True
SE,M,PAS,30.0,,4872240.0,,2015,Sweden,6.15733215112556,4.1543261459659035,8.789974507579196,True
SE,M,PED,17.0,,4872240.0,,2015,Sweden,3.4891548856378174,2.0325613002658516,5.586474971657105,True
SE,M,UNK,1.0,,4872240.0,,2015,Sweden,0.20524440503751867,0.00519633843658972,1.143548632854477,True
SE,F,TOTAL,58.0,,4875115.0,,2015,Sweden,11.897155246594183,9.034008773177609,15.379832013130885,True
SE,F,DRIV,29.0,,4875115.0,,2015,Sweden,5.9485776232970915,3.9838557936680346,8.543149738741876,True
SE,F,PAS,18.0,,4875115.0,,2015,Sweden,3.6922205937706085,2.188243924584246,5.83530035035645,True
SE,F,PED,11.0,,4875115.0,,2015,Sweden,2.256357029526483,1.126365299533824,4.037245995899984,True
SE,F,UNK,0.0,,4875115.0,,2015,Sweden,0.0,0.0,0.7566753715787086,True
SE,UNK,TOTAL,0.0,,,,2015,Sweden,,,,False
SE,UNK,DRIV,0.0,,,,2015,Sweden,,,,False
SE,UNK,PAS,0.0,,,,2015,Sweden,,,,False
SE,UNK,PED,0.0,,,,2015,Sweden,,,,False
SE,UNK,UNK,0.0,,,,2015,Sweden,,,,False
SE,T,TOTAL,270.0,,9851017.0,,2016,Sweden,27.40833763661153,24.23626548282437,30.88021697489247,True
SE,T,DRIV,179.0,,9851017.0,,2016,Sweden,18.170712729457275,15.606213999038296,21.036370873114787,True
SE,T,PAS,47.0,,9851017.0,,2016,Sweden,4.771080996002747,3.5056108589667194,6.3445262900923804,True
SE,T,PED,42.0,,9851017.0,,2016,Sweden,4.263519187917349,3.072769616830191,5.763039367254229,True
SE,T,UNK,2.0,,9851017.0,,2016,Sweden,0.2030247232341595,0.024587235870566975,0.7333951070964511,True
SE,M,TOTAL,205.0,,4930966.0,,2016,Sweden,41.57400395784518,36.07739439360994,47.671313810247156,True
SE,M,DRIV,152.0,,4930966.0,,2016,Sweden,30.8256029345974,26.11994779805308,36.13414457787575,True
SE,M,PAS,27.0,,4930966.0,,2016,Sweden,5.47560052127717,3.6084552462468356,7.966711278309794,True
SE,M,PED,24.0,,4930966.0,,2016,Sweden,4.867200463357484,3.1185071758122973,7.242008481452359,True
SE,M,UNK,2.0,,4930966.0,,2016,Sweden,0.40560003861312366,0.04912004636494453,1.4651667984982983,True
SE,F,TOTAL,65.0,,4920051.0,,2016,Sweden,13.21124516798708,10.196160106721305,16.838816470778774,True
SE,F,DRIV,27.0,,4920051.0,,2016,Sweden,5.487747992856171,3.61646050656076,7.984385211690312,True
SE,F,PAS,20.0,,4920051.0,,2016,Sweden,4.064998513226794,2.483006697573652,6.278060512517979,True
SE,F,PED,18.0,,4920051.0,,2016,Sweden,3.6584986619041144,2.1682581705757777,5.782005159606675,True
SE,F,UNK,0.0,,4920051.0,,2016,Sweden,0.0,0.0,0.7497644748223008,True
SE,UNK,TOTAL,0.0,,,,2016,Sweden,,,,False
SE,UNK,DRIV,0.0,,,,2016,Sweden,,,,False
SE,UNK,PAS,0.0,,,,2016,Sweden,,,,False
SE,UNK,PED,0.0,,,,2016,Sweden,,,,False
SE,UNK,UNK,0.0,,,,2016,Sweden,,,,False
SE,T,TOTAL,253.0,,9995153.0,,2017,Sweden,25.312268856714848,22.28905854022532,28.631156415565396,True
SE,T,DRIV,167.0,,9995153.0,,2017,Sweden,16.708098415301897,14.270088558481156,19.443177323770858,True
SE,T,PAS,41.0,,9995153.0,,2017,Sweden,4.101988233696873,2.9436575776734264,5.564810220087168,True
SE,T,PED,37.0,,9995153.0,,2017,Sweden,3.7017942596776656,2.606404781108006,5.102435764808285,True
SE,T,UNK,8.0,,9995153.0,,2017,Sweden,0.8003879480384142,0.34555070610209787,1.577083334311472,True
SE,M,TOTAL,196.0,,5013347.0,,2017,Sweden,39.095638103646124,33.81365372973775,44.968754960917266,True
SE,M,DRIV,147.0,,5013347.0,,2017,Sweden,29.321728577734596,24.773380323735168,34.4633169562666,True
SE,M,PAS,22.0,,5013347.0,,2017,Sweden,4.388285909592932,2.750115416353508,6.643917603773534,True
SE,M,PED,20.0,,5013347.0,,2017,Sweden,3.989350826902666,2.436799125495192,6.1612287963858465,True
SE,M,UNK,7.0,,5013347.0,,2017,Sweden,1.396272789415933,0.5613740783392546,2.876855594017804,True
SE,F,TOTAL,57.0,,4981806.0,,2017,Sweden,11.441633817133786,8.665781719104425,14.823963719776081,True
SE,F,DRIV,20.0,,4981806.0,,2017,Sweden,4.014608356889048,2.45222708098307,6.200237002941222,True
SE,F,PAS,19.0,,4981806.0,,2017,Sweden,3.8138779390445956,2.2962036587467947,5.955842835225938,True
SE,F,PED,17.0,,4981806.0,,2017,Sweden,3.4124171033556907,1.9878587142107287,5.463610348517508,True
SE,F,UNK,1.0,,4981806.0,,2017,Sweden,0.2007304178444524,0.005082054175592124,1.1183983059434466,True
SE,UNK,TOTAL,0.0,,,,2017,Sweden,,,,False
SE,UNK,DRIV,0.0,,,,2017,Sweden,,,,False
SE,UNK,PAS,0.0,,,,2017,Sweden,,,,False
SE,UNK,PED,0.0,,,,2017,Sweden,,,,False
SE,UNK,UNK,0.0,,,,2017,Sweden,,,,False
SE,T,TOTAL,324.0,,10120242.0,,2018,Sweden,32.01504469952398,28.623538678751846,35.69787793140631,True
SE,T,DRIV,227.0,,10120242.0,,2018,Sweden,22.430293662938098,19.607082610895922,25.545859725900808,True
SE,T,PAS,54.0,,10120242.0,,2018,Sweden,5.335840783253997,4.008447818989383,6.962114778847255,True
SE,T,PED,34.0,,10120242.0,,2018,Sweden,3.3596034561228874,2.3266230574893636,4.694709088498386,True
SE,T,UNK,9.0,,10120242.0,,2018,Sweden,0.8893067972089995,0.4066476965055118,1.688181315369649,True
SE,M,TOTAL,249.0,,5082662.0,,2018,Sweden,48.99007645993379,43.09357142089187,55.468131595636805,True
SE,M,DRIV,200.0,,5082662.0,,2018,Sweden,39.349459003962885,34.08467505442174,45.19717849926867,True
SE,M,PAS,20.0,,5082662.0,,2018,Sweden,3.9349459003962886,2.403567182984811,6.077204799901035,True
SE,M,PED,21.0,,5082662.0,,2018,Sweden,4.131693195416103,2.557583208184252,6.315731940259535,True
SE,M,UNK,8.0,,5082662.0,,2018,Sweden,1.5739783601585153,0.6795321382276653,3.1013648399585323,True
SE,F,TOTAL,75.0,,5037580.0,,2018,Sweden,14.888101032638687,11.71043590403556,18.66236356521043,True
SE,F,DRIV,27.0,,5037580.0,,2018,Sweden,5.359716371749927,3.5320868615019063,7.798105924900872,True
SE,F,PAS,34.0,,5037580.0,,2018,Sweden,6.749272468129538,4.6740673864379865,9.431431777798682,True
SE,F,PED,13.0,,5037580.0,,2018,Sweden,2.580604178990706,1.3740630403891951,4.41291173900144,True
SE,F,UNK,1.0,,5037580.0,,2018,Sweden,0.19850801376851585,0.0050257877759340595,1.106015862961759,True
SE,UNK,TOTAL,0.0,,,,2018,Sweden,,,,False
SE,UNK,DRIV,0.0,,,,2018,Sweden,,,,False
SE,UNK,PAS,0.0,,,,2018,Sweden,,,,False
SE,UNK,PED,0.0,,,,2018,Sweden,,,,False
SE,UNK,UNK,0.0,,,,2018,Sweden,,,,False
SE,T,TOTAL,221.0,,10230185.0,,2019,Sweden,21.602737389402048,18.84828493950345,24.646486887095215,True
SE,T,DRIV,144.0,,10230185.0,,2019,Sweden,14.075991783139797,11.870891992458148,16.571891216780642,True
SE,T,PAS,41.0,,10230185.0,,2019,Sweden,4.007747660477303,2.8760289152596243,5.436962241223879,True
SE,T,PED,27.0,,10230185.0,,2019,Sweden,2.6392484593387118,1.7392813650745098,3.839967942433312,True
SE,T,UNK,9.0,,10230185.0,,2019,Sweden,0.8797494864462373,0.40227748543924996,1.6700385624912129,True
SE,M,TOTAL,169.0,,5142438.0,,2019,Sweden,32.86378950995617,28.09570663735604,38.2091883382891,True
SE,M,DRIV,125.0,,5142438.0,,2019,Sweden,24.307536619790067,20.23337939562912,28.961332532727198,True
SE,M,PAS,21.0,,5142438.0,,2019,Sweden,4.0836661521247315,2.5278537114256285,6.242317502893259,True
SE,M,PED,17.0,,5142438.0,,2019,Sweden,3.3058249802914492,1.925764874483133,5.292946033750259,True
SE,M,UNK,6.0,,5142438.0,,2019,Sweden,1.1667617577499232,0.42818100159707345,2.5395491443005604,True
SE,F,TOTAL,52.0,,5087747.0,,2019,Sweden,10.220634005582431,7.633258336246128,13.403001709965706,True
SE,F,DRIV,19.0,,5087747.0,,2019,Sweden,3.7344624251166576,2.2483903315881735,5.831825672853935,True
SE,F,PAS,20.0,,5087747.0,,2019,Sweden,3.931013079070166,2.4011649135469875,6.071130876333787,True
SE,F,PED,10.0,,5087747.0,,2019,Sweden,1.965506539535083,0.9425367841860913,3.6146365064964465,True
SE,F,UNK,3.0,,5087747.0,,2019,Sweden,0.5896519618605249,0.12160041033793571,1.723213255246836,True
SE,UNK,TOTAL,0.0,,,,2019,Sweden,,,,False
SE,UNK,DRIV,0.0,,,,2019,Sweden,,,,False
SE,UNK,PAS,0.0,,,,2019,Sweden,,,,False
SE,UNK,PED,0.0,,,,2019,Sweden,,,,False
SE,UNK,UNK,0.0,,,,2019,Sweden,,,,False
SE,T,TOTAL,204.0,,10327589.0,,2020,Sweden,19.75291619370213,17.135166919275832,22.65748910123025,True
SE,T,DRIV,146.0,,10327589.0,,2020,Sweden,14.136891001375055,11.936819185084358,16.624966889205773,True
SE,T,PAS,33.0,,10327589.0,,2020,Sweden,3.195324678392992,2.1995144822988055,4.487423857511109,True
SE,T,PED,25.0,,10327589.0,,2020,Sweden,2.4207005139340847,1.5665497385526599,3.5734314850765623,True
SE,T,UNK,0.0,,10327589.0,,2020,Sweden,0.0,0.0,0.35718689561657957,True
SE,M,TOTAL,158.0,,5195814.0,,2020,Sweden,30.409094705853597,25.852353229851428,35.537705722004674,True
SE,M,DRIV,125.0,,5195814.0,,2020,Sweden,24.057828090074047,20.025524214781406,28.663816092518434,True
SE,M,PAS,19.0,,5195814.0,,2020,Sweden,3.6567898696912553,2.2016263793058672,5.710530356087725,True
SE,M,PED,14.0,,5195814.0,,2020,Sweden,2.6944767460882932,1.4730955104052224,4.52087413480074,True
SE,M,UNK,0.0,,5195814.0,,2020,Sweden,0.0,0.0,0.7099714220166341,True
SE,F,TOTAL,46.0,,5131775.0,,2020,Sweden,8.963760102498648,6.562598985530713,11.956399824736277,True
SE,F,DRIV,21.0,,5131775.0,,2020,Sweden,4.0921513511406875,2.5331061833529698,6.25528803093343,True
SE,F,PAS,14.0,,5131775.0,,2020,Sweden,2.728100900760458,1.4914781486523863,4.57728975292868,True
SE,F,PED,11.0,,5131775.0,,2020,Sweden,2.1435078505975027,1.0700313960056391,3.8353276426386493,True
SE,F,UNK,0.0,,5131775.0,,2020,Sweden,0.0,0.0,0.718831097254641,True
SE,UNK,TOTAL,0.0,,,,2020,Sweden,,,,False
SE,UNK,DRIV,0.0,,,,2020,Sweden,,,,False
SE,UNK,PAS,0.0,,,,2020,Sweden,,,,False
SE,UNK,PED,0.0,,,,2020,Sweden,,,,False
SE,UNK,UNK,0.0,,,,2020,Sweden,,,,False
SE,T,TOTAL,210.0,,10379295.0,,2021,Sweden,20.232588051500606,17.588488114927102,23.161989705387523,True
SE,T,DRIV,144.0,,10379295.0,,2021,Sweden,13.873774663886131,11.700353559453264,16.333817754244492,True
SE,T,PAS,40.0,,10379295.0,,2021,Sweden,3.853826295523925,2.75323000664197,5.24781759878528,True
SE,T,PED,26.0,,10379295.0,,2021,Sweden,2.5049870920905515,1.6363407356276456,3.670386484161496,True
SE,T,UNK,0.0,,10379295.0,,2021,Sweden,0.0,0.0,0.3554075160320557,True
SE,M,TOTAL,156.0,,5222847.0,,2021,Sweden,29.86876697709123,25.365576154595406,34.94096036837867,True
SE,M,DRIV,120.0,,5222847.0,,2021,Sweden,22.975974597762484,19.049366298867017,27.473633703869222,True
SE,M,PAS,20.0,,5222847.0,,2021,Sweden,3.829329099627081,2.3390536972275746,5.914088217149496,True
SE,M,PED,16.0,,5222847.0,,2021,Sweden,3.0634632797016645,1.7510339578474212,4.974872439794032,True
SE,M,UNK,0.0,,5222847.0,,2021,Sweden,0.0,0.0,0.7062966719327477,True
SE,F,TOTAL,54.0,,5156448.0,,2021,Sweden,10.472325135442071,7.86713295131547,13.664112659278384,True
SE,F,DRIV,24.0,,5156448.0,,2021,Sweden,4.654366726863143,2.9821405848922478,6.925328752225022,True
SE,F,PAS,20.0,,5156448.0,,2021,Sweden,3.8786389390526192,2.369173428182335,5.990243264874308,True
SE,F,PED,10.0,,5156448.0,,2021,Sweden,1.9393194695263096,0.9299790662356012,3.566477552380588,True
SE,F,UNK,0.0,,5156448.0,,2021,Sweden,0.0,0.0,0.715391574609874,True
SE,UNK,TOTAL,0.0,,,,2021,Sweden,,,,False
SE,UNK,DRIV,0.0,,,,2021,Sweden,,,,False
SE,UNK,PAS,0.0,,,,2021,Sweden,,,,False
SE,UNK,PED,0.0,,,,2021,Sweden,,,,False
SE,UNK,UNK,0.0,,,,2021,Sweden,,,,False
SE,T,TOTAL,227.0,,10452326.0,,2022,Sweden,21.71765404178936,18.984140079084654,24.734234516237805,True
SE,T,DRIV,166.0,,10452326.0,,2022,Sweden,15.881632471088253,13.55752805847553,18.48983375572989,True
SE,T,PAS,34.0,,10452326.0,,2022,Sweden,3.252864482030124,2.2527032150137942,4.545552070917333,True
SE,T,PED,27.0,,10452326.0,,2022,Sweden,2.583157088670981,1.70231679836285,3.7583579430226473,True
SE,T,UNK,0.0,,10452326.0,,2022,Sweden,0.0,0.0,0.35292426337582045,True
SE,M,TOTAL,167.0,,5260707.0,,2022,Sweden,31.744782592910042,27.112652057141485,36.941333580680364,True
SE,M,DRIV,134.0,,5260707.0,,2022,Sweden,25.4718614817362,21.341856317123757,30.167920905148325,True
SE,M,PAS,18.0,,5260707.0,,2022,Sweden,3.4215933333675492,2.0278530586097125,5.407592604478444,True
SE,M,PED,15.0,,5260707.0,,2022,Sweden,2.851327777806291,1.595866512387653,4.7028315531516665,True
SE,M,UNK,0.0,,5260707.0,,2022,Sweden,0.0,0.0,0.7012136304329315,True
SE,F,TOTAL,55.0,,5191619.0,,2022,Sweden,10.593997749064405,7.9808489358403385,13.789544258921804,True
SE,F,DRIV,29.0,,5191619.0,,2022,Sweden,5.585926085870323,3.7409823674556897,8.022321637737015,True
SE,F,PAS,15.0,,5191619.0,,2022,Sweden,2.8892721133812014,1.6171036689678715,4.765414964288759,True
SE,F,PED,11.0,,5191619.0,,2022,Sweden,2.118799549812881,1.0576971012774317,3.7911176673985425,True
SE,F,UNK,0.0,,5191619.0,,2022,Sweden,0.0,0.0,0.7105451024264176,True
SE,UNK,TOTAL,5.0,,,,2022,Sweden,,,,False
SE,UNK,DRIV,3.0,,,,2022,Sweden,,,,False
SE,UNK,PAS,1.0,,,,2022,Sweden,,,,False
SE,UNK,PED,1.0,,,,2022,Sweden,,,,False
SE,UNK,UNK,0.0,,,,2022,Sweden,,,,False
SE,T,TOTAL,229.0,,10521556.0,,2023,Sweden,21.764841626086483,19.03697244483044,24.77388829147416,True
SE,T,DRIV,167.0,,10521556.0,,2023,Sweden,15.8721770810325,13.556143071002863,18.470417508324836,True
SE,T,PAS,38.0,,10521556.0,,2023,Sweden,3.6116331082588924,2.5558065408952966,4.95724861600885,True
SE,T,PED,24.0,,10521556.0,,2023,Sweden,2.28103143679509,1.4614998822119525,3.3939939675988238,True
SE,T,UNK,0.0,,10521556.0,,2023,Sweden,0.0,0.0,0.35060208339089155,True
SE,M,TOTAL,177.0,,5298324.0,,2023,Sweden,33.406790524701776,28.666433640481976,38.70716024531637,True
SE,M,DRIV,144.0,,5298324.0,,2023,Sweden,27.178405850604832,22.9207238360405,31.997573751160004,True
SE,M,PAS,22.0,,5298324.0,,2023,Sweden,4.15225644939796,2.602197010267702,6.286566164531507,True
SE,M,PED,11.0,,5298324.0,,2023,Sweden,2.07612822469898,1.0363957295244381,3.714766879734413,True
SE,M,UNK,0.0,,5298324.0,,2023,Sweden,0.0,0.0,0.6962351592907371,True
SE,F,TOTAL,52.0,,5223232.0,,2023,Sweden,9.955521791871393,7.435259854523259,13.055342313125836,True
SE,F,DRIV,23.0,,5223232.0,,2023,Sweden,4.403403869481577,2.791380324872547,6.60726785538782,True
SE,F,PAS,16.0,,5223232.0,,2023,Sweden,3.063237474421967,1.7509048906197409,4.974505746166538,True
SE,F,PED,13.0,,5223232.0,,2023,Sweden,2.488880447967848,1.3252240166632079,4.256061365483837,True
SE,F,UNK,0.0,,5223232.0,,2023,Sweden,0.0,0.0,0.706244611404191,True
SE,UNK,TOTAL,0.0,,,,2023,Sweden,,,,False
SE,UNK,DRIV,0.0,,,,2023,Sweden,,,,False
SE,UNK,PAS,0.0,,,,2023,Sweden,,,,False
SE,UNK,PED,0.0,,,,2023,Sweden,,,,False
SE,UNK,UNK,0.0,,,,2023,Sweden,,,,False
SE,T,TOTAL,213.0,,10551707.0,,2024,Sweden,20.186307296061198,17.5662451191013,23.086965113881178,True
SE,T,DRIV,146.0,,10551707.0,,2024,Sweden,13.836623780398755,11.683281435967297,16.271852996896687,True
SE,T,PAS,37.0,,10551707.0,,2024,Sweden,3.5065416429777665,2.4689289199468893,4.833305752512918,True
SE,T,PED,29.0,,10551707.0,,2024,Sweden,2.7483704769285198,1.840626842419709,3.947118455676091,True
SE,T,UNK,1.0,,10551707.0,,2024,Sweden,0.09477139575615585,0.0023994040001575003,0.5280324208148405,True
SE,M,TOTAL,155.0,,5312519.0,,2024,Sweden,29.176366239819565,24.763987132992607,34.14818986634315,True
SE,M,DRIV,119.0,,5312519.0,,2024,Sweden,22.399919887345344,18.556476349022432,26.80484377941754,True
SE,M,PAS,15.0,,5312519.0,,2024,Sweden,2.823519313530926,1.5803023260308928,4.656965720308171,True
SE,M,PED,21.0,,5312519.0,,2024,Sweden,3.952927038943296,2.4469241397680057,6.042468880571232,True
SE,M,UNK,0.0,,5312519.0,,2024,Sweden,0.0,0.0,0.694374825598541,True
SE,F,TOTAL,58.0,,5239188.0,,2024,Sweden,11.070417782297563,8.406232355137812,14.3110821265995,True
SE,F,DRIV,27.0,,5239188.0,,2024,Sweden,5.153470346931623,3.396169431554045,7.498028787125435,True
SE,F,PAS,22.0,,5239188.0,,2024,Sweden,4.199123986388731,2.6315686461775396,6.357524178770686,True
SE,F,PED,8.0,,5239188.0,,2024,Sweden,1.5269541768686292,0.6592304335611744,3.0087084525680914,True
SE,F,UNK,1.0,,5239188.0,,2024,Sweden,0.19086927210857865,0.0048323915813461744,1.0634555184770804,True
SE,UNK,TOTAL,0.0,,,,2024,Sweden,,,,False
SE,UNK,DRIV,0.0,,,,2024,Sweden,,,,False
SE,UNK,PAS,0.0,,,,2024,Sweden,,,,False
SE,UNK,PED,0.0,,,,2024,Sweden,,,,False
SE,UNK,UNK,0.0,,,,2024,Sweden,,,,False
SI,T,TOTAL,138.0,,2046976.0,,2010,Slovenia,67.4165207603802,56.6381392249196,79.64906857907232,True
SI,T,DRIV,89.0,,2046976.0,,2010,Slovenia,43.47877063531766,34.917023034149274,53.50436858749513,True
SI,T,PAS,22.0,,2046976.0,,2010,Slovenia,10.747561280640321,6.735439434673202,16.271936938745366,True
SI,T,PED,26.0,,2046976.0,,2010,Slovenia,12.701663331665833,8.297148191085945,18.610879699187972,True
SI,T,UNK,1.0,,2046976.0,,2010,Slovenia,0.4885255127563782,0.012368395127392748,2.7218899444541105,True
SI,M,TOTAL,104.0,,1014107.0,,2010,Slovenia,102.55328086681189,83.7934619425075,124.26046462060252,True
SI,M,DRIV,73.0,,1014107.0,,2010,Slovenia,71.98451445458912,56.42436835807183,90.50971956902136,True
SI,M,PAS,14.0,,1014107.0,,2010,Slovenia,13.805249347455446,7.547458282312024,23.16286261887116,True
SI,M,PED,17.0,,1014107.0,,2010,Slovenia,16.763517064767328,9.765366445165347,26.84001472813679,True
SI,M,UNK,0.0,,1014107.0,,2010,Slovenia,0.0,0.0,3.637564334053444,True
SI,F,TOTAL,34.0,,1032869.0,,2010,Slovenia,32.918017676975495,22.796684172506165,45.999630248563065,True
SI,F,DRIV,16.0,,1032869.0,,2010,Slovenia,15.490831847988467,8.85434886093157,25.15614041815655,True
SI,F,PAS,8.0,,1032869.0,,2010,Slovenia,7.7454159239942335,3.3439208425739393,15.261557099877441,True
SI,F,PED,9.0,,1032869.0,,2010,Slovenia,8.713592914493512,3.984409540201452,16.541113588866708,True
SI,F,UNK,1.0,,1032869.0,,2010,Slovenia,0.9681769904992792,0.024512119140268417,5.394336930374421,True
SI,UNK,TOTAL,0.0,,,,2010,Slovenia,,,,False
SI,UNK,DRIV,0.0,,,,2010,Slovenia,,,,False
SI,UNK,PAS,0.0,,,,2010,Slovenia,,,,False
SI,UNK,PED,0.0,,,,2010,Slovenia,,,,False
SI,UNK,UNK,0.0,,,,2010,Slovenia,,,,False
SI,T,TOTAL,141.0,,2050189.0,,2011,Slovenia,68.77414716399318,57.89117348318662,81.10858474182018,True
SI,T,DRIV,98.0,,2050189.0,,2011,Slovenia,47.800471078520076,38.80673297649516,58.25346360415322,True
SI,T,PAS,22.0,,2050189.0,,2011,Slovenia,10.730717997218793,6.724883838626396,16.246436005229388,True
SI,T,PED,21.0,,2050189.0,,2011,Slovenia,10.242958088254303,6.340552497392283,15.657449500969621,True
SI,T,UNK,0.0,,2050189.0,,2011,Slovenia,0.0,0.0,1.799287506719593,True
SI,M,TOTAL,113.0,,1014563.0,,2011,Slovenia,111.37800215462224,91.7912376670544,133.9070764763355,True
SI,M,DRIV,87.0,,1014563.0,,2011,Slovenia,85.75120519869145,68.68320009286728,105.77379480872438,True
SI,M,PAS,10.0,,1014563.0,,2011,Slovenia,9.856460367665685,4.7265558630981355,18.126381547540937,True
SI,M,PED,16.0,,1014563.0,,2011,Slovenia,15.770336588265096,9.01410997014629,25.61003860535121,True
SI,M,UNK,0.0,,1014563.0,,2011,Slovenia,0.0,0.0,3.6359294140570233,True
SI,F,TOTAL,28.0,,1035626.0,,2011,Slovenia,27.03678741167178,17.965748886043354,39.07568556918057,True
SI,F,DRIV,11.0,,1035626.0,,2011,Slovenia,10.621595054585342,5.302261981870712,19.00496753973148,True
SI,F,PAS,12.0,,1035626.0,,2011,Slovenia,11.587194605002193,5.9872725373080815,20.24049709854422,True
SI,F,PED,5.0,,1035626.0,,2011,Slovenia,4.827997752084246,1.567637728406221,11.26693620990847,True
SI,F,UNK,0.0,,1035626.0,,2011,Slovenia,0.0,0.0,3.5619803424343686,True
SI,UNK,TOTAL,0.0,,,,2011,Slovenia,,,,False
SI,UNK,DRIV,0.0,,,,2011,Slovenia,,,,False
SI,UNK,PAS,0.0,,,,2011,Slovenia,,,,False
SI,UNK,PED,0.0,,,,2011,Slovenia,,,,False
SI,UNK,UNK,0.0,,,,2011,Slovenia,,,,False
SI,T,TOTAL,130.0,,2055496.0,,2012,Slovenia,63.24507564111047,52.8410946548298,75.09839157375006,True
SI,T,DRIV,92.0,,2055496.0,,2012,Slovenia,44.758053530632026,36.08130824203132,54.89177940588359,True
SI,T,PAS,19.0,,2055496.0,,2012,Slovenia,9.243511055239223,5.565197482440606,14.434887526701871,True
SI,T,PED,19.0,,2055496.0,,2012,Slovenia,9.243511055239223,5.565197482440606,14.434887526701871,True
SI,T,UNK,0.0,,2055496.0,,2012,Slovenia,0.0,0.0,1.7946420008182626,True
SI,M,TOTAL,97.0,,1016731.0,,2012,Slovenia,95.40379903829036,77.36605412270534,116.38454412466407,True
SI,M,DRIV,76.0,,1016731.0,,2012,Slovenia,74.74936831866049,58.89400035648917,93.55998092251694,True
SI,M,PAS,10.0,,1016731.0,,2012,Slovenia,9.835443199823748,4.716477314188742,18.087730227580135,True
SI,M,PED,11.0,,1016731.0,,2012,Slovenia,10.818987519806123,5.400799589308124,19.358157185432482,True
SI,M,UNK,0.0,,1016731.0,,2012,Slovenia,0.0,0.0,3.628176434193445,True
SI,F,TOTAL,33.0,,1038765.0,,2012,Slovenia,31.768494317771584,21.8679697262902,44.61477742239033,True
SI,F,DRIV,16.0,,1038765.0,,2012,Slovenia,15.402906335889254,8.804091833707846,25.013354895054164,True
SI,F,PAS,9.0,,1038765.0,,2012,Slovenia,8.664134813937705,3.9617941472598073,16.44722670808043,True
SI,F,PED,8.0,,1038765.0,,2012,Slovenia,7.701453167944627,3.3249408448961044,15.174932944596048,True
SI,F,UNK,0.0,,1038765.0,,2012,Slovenia,0.0,0.0,3.5512165447564517,True
SI,UNK,TOTAL,0.0,,,,2012,Slovenia,,,,False
SI,UNK,DRIV,0.0,,,,2012,Slovenia,,,,False
SI,UNK,PAS,0.0,,,,2012,Slovenia,,,,False
SI,UNK,PED,0.0,,,,2012,Slovenia,,,,False
SI,UNK,UNK,0.0,,,,2012,Slovenia,,,,False
SI,T,TOTAL,125.0,,2058821.0,,2013,Slovenia,60.71436030621409,50.53809878202147,72.33841938999679,True
SI,T,DRIV,88.0,,2058821.0,,2013,Slovenia,42.74290965557472,34.28106341983922,52.66046015775742,True
SI,T,PAS,17.0,,2058821.0,,2013,Slovenia,8.257153001645117,4.810095909069945,13.220501838628328,True
SI,T,PED,20.0,,2058821.0,,2013,Slovenia,9.714297648994254,5.93374537436909,15.002944842059895,True
SI,T,UNK,0.0,,2058821.0,,2013,Slovenia,0.0,0.0,1.7917436504261106,True
SI,M,TOTAL,94.0,,1019061.0,,2013,Slovenia,92.24177944205499,74.54074721639844,112.88057704968816,True
SI,M,DRIV,72.0,,1019061.0,,2013,Slovenia,70.65327787051021,55.281838565295246,88.97611040424268,True
SI,M,PAS,10.0,,1019061.0,,2013,Slovenia,9.812955259793084,4.705693472846506,18.046374105198588,True
SI,M,PED,12.0,,1019061.0,,2013,Slovenia,11.7755463117517,6.084596612687777,20.569509625210816,True
SI,M,UNK,0.0,,1019061.0,,2013,Slovenia,0.0,0.0,3.6198809041989986,True
SI,F,TOTAL,31.0,,1039760.0,,2013,Slovenia,29.814572593675464,20.257555569690943,42.31940592372158,True
SI,F,DRIV,16.0,,1039760.0,,2013,Slovenia,15.38816649996153,8.79566674390391,24.989418324960507,True
SI,F,PAS,7.0,,1039760.0,,2013,Slovenia,6.7323228437331695,2.70674295175797,13.871158115048067,True
SI,F,PED,8.0,,1039760.0,,2013,Slovenia,7.694083249980765,3.321759037420657,15.16041126817084,True
SI,F,UNK,0.0,,1039760.0,,2013,Slovenia,0.0,0.0,3.5478182023870275,True
SI,UNK,TOTAL,0.0,,,,2013,Slovenia,,,,False
SI,UNK,DRIV,0.0,,,,2013,Slovenia,,,,False
SI,UNK,PAS,0.0,,,,2013,Slovenia,,,,False
SI,UNK,PED,0.0,,,,2013,Slovenia,,,,False
SI,UNK,UNK,0.0,,,,2013,Slovenia,,,,False
SI,T,TOTAL,108.0,,2061085.0,,2014,Slovenia,52.39958565512825,42.98439574728054,63.26411103389664,True
SI,T,DRIV,72.0,,2061085.0,,2014,Slovenia,34.93305710341883,27.332965739010444,43.992404022472606,True
SI,T,PAS,21.0,,2061085.0,,2014,Slovenia,10.188808321830493,6.307032938513544,15.574675830906248,True
SI,T,PED,14.0,,2061085.0,,2014,Slovenia,6.792538881220328,3.7135442139943766,11.3967260553716,True
SI,T,UNK,1.0,,2061085.0,,2014,Slovenia,0.48518134865859486,0.012283728222897115,2.703257454660481,True
SI,M,TOTAL,78.0,,1020874.0,,2014,Slovenia,76.40511953482996,60.395076380650636,95.3570470507328,True
SI,M,DRIV,60.0,,1020874.0,,2014,Slovenia,58.77316887294612,44.85011955442813,75.6527185594337,True
SI,M,PAS,9.0,,1020874.0,,2014,Slovenia,8.815975330941919,4.031225300456603,16.73546730685586,True
SI,M,PED,8.0,,1020874.0,,2014,Slovenia,7.836422516392816,3.383211029714247,15.440876366910425,True
SI,M,UNK,1.0,,1020874.0,,2014,Slovenia,0.979552814549102,0.024800130069224897,5.4577189652581,True
SI,F,TOTAL,30.0,,1040211.0,,2014,Slovenia,28.8403025924548,19.45843105045122,41.1713252357528,True
SI,F,DRIV,12.0,,1040211.0,,2014,Slovenia,11.53612103698192,5.960882079426404,20.151281853563326,True
SI,F,PAS,12.0,,1040211.0,,2014,Slovenia,11.53612103698192,5.960882079426404,20.151281853563326,True
SI,F,PED,6.0,,1040211.0,,2014,Slovenia,5.76806051849096,2.116776551575451,12.554639416924726,True
SI,F,UNK,0.0,,1040211.0,,2014,Slovenia,0.0,0.0,3.546279989457846,True
SI,UNK,TOTAL,0.0,,,,2014,Slovenia,,,,False
SI,UNK,DRIV,0.0,,,,2014,Slovenia,,,,False
SI,UNK,PAS,0.0,,,,2014,Slovenia,,,,False
SI,UNK,PED,0.0,,,,2014,Slovenia,,,,False
SI,UNK,UNK,0.0,,,,2014,Slovenia,,,,False
SI,T,TOTAL,120.0,,2062874.0,,2015,Slovenia,58.17126979156264,48.22976373057138,69.55857961724868,True
SI,T,DRIV,83.0,,2062874.0,,2015,Slovenia,40.2351282724975,32.04705507840183,49.87749508562621,True
SI,T,PAS,20.0,,2062874.0,,2015,Slovenia,9.695211631927107,5.922087139303683,14.97346803666855,True
SI,T,PED,16.0,,2062874.0,,2015,Slovenia,7.756169305541686,4.433320917148372,12.595533027010346,True
SI,T,UNK,1.0,,2062874.0,,2015,Slovenia,0.4847605815963554,0.012273075323209221,2.7009130906390295,True
SI,M,TOTAL,90.0,,1022229.0,,2015,Slovenia,88.04289449819952,70.79688419239326,108.21966485973928,True
SI,M,DRIV,72.0,,1022229.0,,2015,Slovenia,70.43431559855962,55.11051407286268,88.7003636608411,True
SI,M,PAS,11.0,,1022229.0,,2015,Slovenia,10.760798216446608,5.371751698725862,19.254040448179374,True
SI,M,PED,6.0,,1022229.0,,2015,Slovenia,5.869526299879968,2.1540127050698534,12.775487706295444,True
SI,M,UNK,1.0,,1022229.0,,2015,Slovenia,0.978254383313328,0.024767256636516768,5.450484569444711,True
SI,F,TOTAL,30.0,,1040645.0,,2015,Slovenia,28.828274771896275,19.450315930428644,41.15415477401771,True
SI,F,DRIV,11.0,,1040645.0,,2015,Slovenia,10.570367416361968,5.276689329441681,18.91330714441712,True
SI,F,PAS,9.0,,1040645.0,,2015,Slovenia,8.648482431568883,3.9546368813364148,16.417513610711786,True
SI,F,PED,10.0,,1040645.0,,2015,Slovenia,9.609424923965426,4.6080927656717074,17.672074571076376,True
SI,F,UNK,0.0,,1040645.0,,2015,Slovenia,0.0,0.0,3.5448010167866424,True
SI,UNK,TOTAL,0.0,,,,2015,Slovenia,,,,False
SI,UNK,DRIV,0.0,,,,2015,Slovenia,,,,False
SI,UNK,PAS,0.0,,,,2015,Slovenia,,,,False
SI,UNK,PED,0.0,,,,2015,Slovenia,,,,False
SI,UNK,UNK,0.0,,,,2015,Slovenia,,,,False
SI,T,TOTAL,130.0,,2064188.0,,2016,Slovenia,62.97875968661769,52.61858837403572,74.7821630036978,True
SI,T,DRIV,90.0,,2064188.0,,2016,Slovenia,43.60067978304302,35.06009536491152,53.592637778102784,True
SI,T,PAS,18.0,,2064188.0,,2016,Slovenia,8.720135956608603,5.168105221229619,13.781574288547352,True
SI,T,PED,22.0,,2064188.0,,2016,Slovenia,10.657943946966071,6.679276728781299,16.13625521857759,True
SI,T,UNK,0.0,,2064188.0,,2016,Slovenia,0.0,0.0,1.7870850204118693,True
SI,M,TOTAL,102.0,,1023333.0,,2016,Slovenia,99.67429956817575,81.27247943121887,120.99779896624922,True
SI,M,DRIV,77.0,,1023333.0,,2016,Slovenia,75.24432418381895,59.381643956020696,94.04249496510218,True
SI,M,PAS,12.0,,1023333.0,,2016,Slovenia,11.726388184491265,6.0591958909975725,20.48364026976259,True
SI,M,PED,13.0,,1023333.0,,2016,Slovenia,12.703587199865538,6.764125158676404,21.72352100260509,True
SI,M,UNK,0.0,,1023333.0,,2016,Slovenia,0.0,0.0,3.60476937039452,True
SI,F,TOTAL,28.0,,1040855.0,,2016,Slovenia,26.90096122898963,17.875493374060298,38.87937891759005,True
SI,F,DRIV,13.0,,1040855.0,,2016,Slovenia,12.489731999173756,6.6502562710500515,21.357822096410043,True
SI,F,PAS,6.0,,1040855.0,,2016,Slovenia,5.764491691926349,2.11546685512473,12.546871583956156,True
SI,F,PED,9.0,,1040855.0,,2016,Slovenia,8.646737537889523,3.953839004835768,16.4142012589834,True
SI,F,UNK,0.0,,1040855.0,,2016,Slovenia,0.0,0.0,3.5440858276262643,True
SI,UNK,TOTAL,0.0,,,,2016,Slovenia,,,,False
SI,UNK,DRIV,0.0,,,,2016,Slovenia,,,,False
SI,UNK,PAS,0.0,,,,2016,Slovenia,,,,False
SI,UNK,PED,0.0,,,,2016,Slovenia,,,,False
SI,UNK,UNK,0.0,,,,2016,Slovenia,,,,False
SI,T,TOTAL,104.0,,2065895.0,,2017,Slovenia,50.34137746594091,41.13255335345236,60.99700468562311,True
SI,T,DRIV,74.0,,2065895.0,,2017,Slovenia,35.81982627384257,28.12626790971515,44.96851171133898,True
SI,T,PAS,20.0,,2065895.0,,2017,Slovenia,9.68103412806556,5.913427151623846,14.951572031818944,True
SI,T,PED,10.0,,2065895.0,,2017,Slovenia,4.84051706403278,2.321216081229895,8.901883223502539,True
SI,T,UNK,0.0,,2065895.0,,2017,Slovenia,0.0,0.0,1.785608394479843,True
SI,M,TOTAL,78.0,,1025125.0,,2017,Slovenia,76.0882819168394,60.14462939155746,94.96161936434073,True
SI,M,DRIV,64.0,,1025125.0,,2017,Slovenia,62.43141080356054,48.079793728799366,79.72351782356785,True
SI,M,PAS,6.0,,1025125.0,,2017,Slovenia,5.8529447628338005,2.1479275732138534,12.7393966809108,True
SI,M,PED,8.0,,1025125.0,,2017,Slovenia,7.803926350445067,3.369181491767835,15.37684596531478,True
SI,M,UNK,0.0,,1025125.0,,2017,Slovenia,0.0,0.0,3.598467946946895,True
SI,F,TOTAL,26.0,,1040770.0,,2017,Slovenia,24.981504078710955,16.3187478651348,36.60369157750991,True
SI,F,DRIV,10.0,,1040770.0,,2017,Slovenia,9.608270799504213,4.607539318132185,17.669952095100527,True
SI,F,PAS,14.0,,1040770.0,,2017,Slovenia,13.4515791193059,7.354103477522027,22.569464071635014,True
SI,F,PED,2.0,,1040770.0,,2017,Slovenia,1.9216541599008425,0.2327212338402962,6.941675555333033,True
SI,F,UNK,0.0,,1040770.0,,2017,Slovenia,0.0,0.0,3.544375274185397,True
SI,UNK,TOTAL,0.0,,,,2017,Slovenia,,,,False
SI,UNK,DRIV,0.0,,,,2017,Slovenia,,,,False
SI,UNK,PAS,0.0,,,,2017,Slovenia,,,,False
SI,UNK,PED,0.0,,,,2017,Slovenia,,,,False
SI,UNK,UNK,0.0,,,,2017,Slovenia,,,,False
SI,T,TOTAL,91.0,,2066880.0,,2018,Slovenia,44.027713268307785,35.44836831206024,54.056275602138335,True
SI,T,DRIV,65.0,,2066880.0,,2018,Slovenia,31.448366620219847,24.271185424037323,40.08352483737401,True
SI,T,PAS,13.0,,2066880.0,,2018,Slovenia,6.28967332404397,3.3489861486897166,10.7555329376446,True
SI,T,PED,13.0,,2066880.0,,2018,Slovenia,6.28967332404397,3.3489861486897166,10.7555329376446,True
SI,T,UNK,0.0,,2066880.0,,2018,Slovenia,0.0,0.0,1.7847574383195617,True
SI,M,TOTAL,70.0,,1027041.0,,2018,Slovenia,68.156967443364,53.131699813294205,86.1122280727244,True
SI,M,DRIV,55.0,,1027041.0,,2018,Slovenia,53.55190299121457,40.34262212651538,69.70516267214197,True
SI,M,PAS,7.0,,1027041.0,,2018,Slovenia,6.8156967443364,2.740263583946373,14.042940215339385,True
SI,M,PED,8.0,,1027041.0,,2018,Slovenia,7.789367707813028,3.362896103221295,15.348159635490028,True
SI,M,UNK,0.0,,1027041.0,,2018,Slovenia,0.0,0.0,3.591754812236255,True
SI,F,TOTAL,21.0,,1039839.0,,2018,Slovenia,20.195434100855998,12.501292011625056,30.870866292708204,True
SI,F,DRIV,10.0,,1039839.0,,2018,Slovenia,9.61687338136,4.611664590511063,17.68577254942138,True
SI,F,PAS,6.0,,1039839.0,,2018,Slovenia,5.770124028815999,2.1175338234965713,12.559130810172233,True
SI,F,PED,5.0,,1039839.0,,2018,Slovenia,4.80843669068,1.561286305013008,11.221287217850715,True
SI,F,UNK,0.0,,1039839.0,,2018,Slovenia,0.0,0.0,3.547548662931411,True
SI,UNK,TOTAL,0.0,,,,2018,Slovenia,,,,False
SI,UNK,DRIV,0.0,,,,2018,Slovenia,,,,False
SI,UNK,PAS,0.0,,,,2018,Slovenia,,,,False
SI,UNK,PED,0.0,,,,2018,Slovenia,,,,False
SI,UNK,UNK,0.0,,,,2018,Slovenia,,,,False
SI,T,TOTAL,102.0,,2080908.0,,2019,Slovenia,49.01706370488267,39.96755752478605,59.50337093688367,True
SI,T,DRIV,67.0,,2080908.0,,2019,Slovenia,32.1974830218347,24.952607095172173,40.88966529409102,True
SI,T,PAS,20.0,,2080908.0,,2019,Slovenia,9.611188961741702,5.870763909506785,14.843701837214619,True
SI,T,PED,15.0,,2080908.0,,2019,Slovenia,7.208391721306276,4.034482126448316,11.889145926434924,True
SI,T,UNK,0.0,,2080908.0,,2019,Slovenia,0.0,0.0,1.7727258745287806,True
SI,M,TOTAL,83.0,,1038656.0,,2019,Slovenia,79.91096185840162,63.64863506088936,99.06166025832044,True
SI,M,DRIV,60.0,,1038656.0,,2019,Slovenia,57.76696037956744,44.08227647075381,74.35752877434234,True
SI,M,PAS,13.0,,1038656.0,,2019,Slovenia,12.516174748906279,6.664335921617745,21.403040003773025,True
SI,M,PED,10.0,,1038656.0,,2019,Slovenia,9.627826729927907,4.616917146901797,17.705916147422993,True
SI,M,UNK,0.0,,1038656.0,,2019,Slovenia,0.0,0.0,3.5515892211800013,True
SI,F,TOTAL,19.0,,1042252.0,,2019,Slovenia,18.229756335320058,10.975504162493078,28.46802267741927,True
SI,F,DRIV,7.0,,1042252.0,,2019,Slovenia,6.716226018275811,2.7002711930702623,13.837992502487284,True
SI,F,PAS,7.0,,1042252.0,,2019,Slovenia,6.716226018275811,2.7002711930702623,13.837992502487284,True
SI,F,PED,5.0,,1042252.0,,2019,Slovenia,4.797304298768436,1.5576716476614303,11.195307928718458,True
SI,F,UNK,0.0,,1042252.0,,2019,Slovenia,0.0,0.0,3.5393354525718688,True
SI,UNK,TOTAL,0.0,,,,2019,Slovenia,,,,False
SI,UNK,DRIV,0.0,,,,2019,Slovenia,,,,False
SI,UNK,PAS,0.0,,,,2019,Slovenia,,,,False
SI,UNK,PED,0.0,,,,2019,Slovenia,,,,False
SI,UNK,UNK,0.0,,,,2019,Slovenia,,,,False
SI,T,TOTAL,80.0,,2095861.0,,2020,Slovenia,38.17047027450771,30.266809006413283,47.50645437242187,True
SI,T,DRIV,62.0,,2095861.0,,2020,Slovenia,29.582114462743473,22.68043753196065,37.92293566975398,True
SI,T,PAS,11.0,,2095861.0,,2020,Slovenia,5.2484396627448096,2.6200021696271074,9.39090832517135,True
SI,T,PED,7.0,,2095861.0,,2020,Slovenia,3.3399161490194245,1.3428195149963986,6.8815037646591914,True
SI,T,UNK,0.0,,2095861.0,,2020,Slovenia,0.0,0.0,1.7600782943687274,True
SI,M,TOTAL,62.0,,1051066.0,,2020,Slovenia,58.98773245447955,45.22555623164728,75.61961082914513,True
SI,M,DRIV,53.0,,1051066.0,,2020,Slovenia,50.42499709818413,37.77178305868277,65.95713773369536,True
SI,M,PAS,5.0,,1051066.0,,2020,Slovenia,4.757075197941899,1.5446093681257134,11.101426627179139,True
SI,M,PED,4.0,,1051066.0,,2020,Slovenia,3.8056601583535192,1.0369143075946943,9.744001495057107,True
SI,M,UNK,0.0,,1051066.0,,2020,Slovenia,0.0,0.0,3.509655391872571,True
SI,F,TOTAL,18.0,,1044795.0,,2020,Slovenia,17.228260089299816,10.210558798998392,27.228078491501186,True
SI,F,DRIV,9.0,,1044795.0,,2020,Slovenia,8.614130044649908,3.938928782563406,16.352302079756477,True
SI,F,PAS,6.0,,1044795.0,,2020,Slovenia,5.742753363099938,2.1074892715708358,12.49955639385591,True
SI,F,PED,3.0,,1044795.0,,2020,Slovenia,2.871376681549969,0.5921469024024822,8.391381151079708,True
SI,F,UNK,0.0,,1044795.0,,2020,Slovenia,0.0,0.0,3.530720815197178,True
SI,UNK,TOTAL,0.0,,,,2020,Slovenia,,,,False
SI,UNK,DRIV,0.0,,,,2020,Slovenia,,,,False
SI,UNK,PAS,0.0,,,,2020,Slovenia,,,,False
SI,UNK,PED,0.0,,,,2020,Slovenia,,,,False
SI,UNK,UNK,0.0,,,,2020,Slovenia,,,,False
SI,T,TOTAL,114.0,,2108977.0,,2021,Slovenia,54.054643554671294,44.5884152183525,64.93613898398864,True
SI,T,DRIV,85.0,,2108977.0,,2021,Slovenia,40.30390089602684,32.193324538292494,49.83639760836603,True
SI,T,PAS,14.0,,2108977.0,,2021,Slovenia,6.638289559345598,3.6292146743661027,11.137921903290351,True
SI,T,PED,15.0,,2108977.0,,2021,Slovenia,7.112453099298854,3.9807860079950195,11.730909759322099,True
SI,T,UNK,0.0,,2108977.0,,2021,Slovenia,0.0,0.0,1.7491321404235018,True
SI,M,TOTAL,93.0,,1059938.0,,2021,Slovenia,87.74098107625163,70.81829571470156,107.48862954751375,True
SI,M,DRIV,78.0,,1059938.0,,2021,Slovenia,73.58920993492072,58.16921669476926,91.8426644302495,True
SI,M,PAS,7.0,,1059938.0,,2021,Slovenia,6.604159865954424,2.6552147875817895,13.607093397634934,True
SI,M,PED,8.0,,1059938.0,,2021,Slovenia,7.547611275376484,3.2585228350606377,14.871803086778012,True
SI,M,UNK,0.0,,1059938.0,,2021,Slovenia,0.0,0.0,3.480278520171874,True
SI,F,TOTAL,21.0,,1049039.0,,2021,Slovenia,20.018321530467407,12.391656539057353,30.60013091500259,True
SI,F,DRIV,7.0,,1049039.0,,2021,Slovenia,6.672773843489137,2.6828011651805768,13.748464415243262,True
SI,F,PAS,7.0,,1049039.0,,2021,Slovenia,6.672773843489137,2.6828011651805768,13.748464415243262,True
SI,F,PED,7.0,,1049039.0,,2021,Slovenia,6.672773843489137,2.6828011651805768,13.748464415243262,True
SI,F,UNK,0.0,,1049039.0,,2021,Slovenia,0.0,0.0,3.516436904742279,True
SI,UNK,TOTAL,0.0,,,,2021,Slovenia,,,,False
SI,UNK,DRIV,0.0,,,,2021,Slovenia,,,,False
SI,UNK,PAS,0.0,,,,2021,Slovenia,,,,False
SI,UNK,PED,0.0,,,,2021,Slovenia,,,,False
SI,UNK,UNK,0.0,,,,2021,Slovenia,,,,False
SI,T,TOTAL,85.0,,2107180.0,,2022,Slovenia,40.33827200334096,32.22077895803609,49.8788980148345,True
SI,T,DRIV,59.0,,2107180.0,,2022,Slovenia,27.99950644937784,21.31452160171103,36.11732332433668,True
SI,T,PAS,9.0,,2107180.0,,2022,Slovenia,4.271111153294925,1.9530239929091646,8.107899397023115,True
SI,T,PED,15.0,,2107180.0,,2022,Slovenia,7.118518588824875,3.984180816438706,11.74091386188453,True
SI,T,UNK,2.0,,2107180.0,,2022,Slovenia,0.9491358118433166,0.11494475011340516,3.4286048974097896,True
SI,M,TOTAL,66.0,,1057695.0,,2022,Slovenia,62.39984116404067,48.26003263572323,79.3878976855396,True
SI,M,DRIV,52.0,,1057695.0,,2022,Slovenia,49.16351122015326,36.71766170820627,64.47140408234216,True
SI,M,PAS,4.0,,1057695.0,,2022,Slovenia,3.7818085553964043,1.0304155485525837,9.682931918373155,True
SI,M,PED,8.0,,1057695.0,,2022,Slovenia,7.5636171107928085,3.265433018732718,14.903340963314863,True
SI,M,UNK,2.0,,1057695.0,,2022,Slovenia,1.8909042776982021,0.22899728044848947,6.830596407966342,True
SI,F,TOTAL,19.0,,1049485.0,,2022,Slovenia,18.104117733936167,10.899861517188654,28.271822438229787,True
SI,F,DRIV,7.0,,1049485.0,,2022,Slovenia,6.669938112502799,2.6816610542502914,13.74262172561054,True
SI,F,PAS,5.0,,1049485.0,,2022,Slovenia,4.764241508930571,1.5469362497972063,11.118150406459044,True
SI,F,PED,7.0,,1049485.0,,2022,Slovenia,6.669938112502799,2.6816610542502914,13.74262172561054,True
SI,F,UNK,0.0,,1049485.0,,2022,Slovenia,0.0,0.0,3.5149425233461513,True
SI,UNK,TOTAL,0.0,,,,2022,Slovenia,,,,False
SI,UNK,DRIV,0.0,,,,2022,Slovenia,,,,False
SI,UNK,PAS,0.0,,,,2022,Slovenia,,,,False
SI,UNK,PED,0.0,,,,2022,Slovenia,,,,False
SI,UNK,UNK,0.0,,,,2022,Slovenia,,,,False
SI,T,TOTAL,84.0,,2116972.0,,2023,Slovenia,39.67931555070166,31.649776066847366,49.125692626018534,True
SI,T,DRIV,54.0,,2116972.0,,2023,Slovenia,25.50813142545107,19.162493397430268,33.28257832116377,True
SI,T,PAS,17.0,,2116972.0,,2023,Slovenia,8.030337670975337,4.677967620548261,12.857348522279281,True
SI,T,PED,12.0,,2116972.0,,2023,Slovenia,5.668473650100237,2.928983051604943,9.901682709160518,True
SI,T,UNK,1.0,,2116972.0,,2023,Slovenia,0.4723728041750198,0.011959443953103725,2.631892812441023,True
SI,M,TOTAL,66.0,,1063271.0,,2023,Slovenia,62.07260425611157,48.00694763483748,78.9715721039197,True
SI,M,DRIV,44.0,,1063271.0,,2023,Slovenia,41.38173617074104,30.0680328515913,55.55304929816362,True
SI,M,PAS,11.0,,1063271.0,,2023,Slovenia,10.34543404268526,5.164403399732372,18.510839205905132,True
SI,M,PED,10.0,,1063271.0,,2023,Slovenia,9.404940038804783,4.510034314988778,17.296019586744844,True
SI,M,UNK,1.0,,1063271.0,,2023,Slovenia,0.9404940038804782,0.02381124660062195,5.240097200938329,True
SI,F,TOTAL,18.0,,1053701.0,,2023,Slovenia,17.082644886927127,10.124258001462962,26.99794369325642,True
SI,F,DRIV,10.0,,1053701.0,,2023,Slovenia,9.49035827051507,4.550995677267492,17.45310675610802,True
SI,F,PAS,6.0,,1053701.0,,2023,Slovenia,5.694214962309042,2.0896765339416508,12.393908729818692,True
SI,F,PED,2.0,,1053701.0,,2023,Slovenia,1.898071654103014,0.22986528298252074,6.856487435927232,True
SI,F,UNK,0.0,,1053701.0,,2023,Slovenia,0.0,0.0,3.5008787636283305,True
SI,UNK,TOTAL,0.0,,,,2023,Slovenia,,,,False
SI,UNK,DRIV,0.0,,,,2023,Slovenia,,,,False
SI,UNK,PAS,0.0,,,,2023,Slovenia,,,,False
SI,UNK,PED,0.0,,,,2023,Slovenia,,,,False
SI,UNK,UNK,0.0,,,,2023,Slovenia,,,,False
SI,T,TOTAL,68.0,,2123949.0,,2024,Slovenia,32.015834655163566,24.861548348205382,40.58769921313061,True
SI,T,DRIV,53.0,,2123949.0,,2024,Slovenia,24.953518187112778,18.691897466632895,32.6398161769441,True
SI,T,PAS,9.0,,2123949.0,,2024,Slovenia,4.237389880830472,1.9376044798525451,8.043885917891233,True
SI,T,PED,6.0,,2123949.0,,2024,Slovenia,2.8249265872203146,1.0366982698223222,6.148675896887677,True
SI,T,UNK,0.0,,2123949.0,,2024,Slovenia,0.0,0.0,1.7368022744962028,True
SI,M,TOTAL,57.0,,1068429.0,,2024,Slovenia,53.349356859463754,40.40628189886716,69.12027977803186,True
SI,M,DRIV,50.0,,1068429.0,,2024,Slovenia,46.79768145566996,34.73414118997319,61.6969088861654,True
SI,M,PAS,2.0,,1068429.0,,2024,Slovenia,1.8719072582267984,0.2266966532581623,6.761972641817061,True
SI,M,PED,5.0,,1068429.0,,2024,Slovenia,4.679768145566996,1.519507978647548,10.921017755342348,True
SI,M,UNK,0.0,,1068429.0,,2024,Slovenia,0.0,0.0,3.452620112439793,True
SI,F,TOTAL,11.0,,1055520.0,,2024,Slovenia,10.421403668334092,5.202327163139342,18.64676985116526,True
SI,F,DRIV,3.0,,1055520.0,,2024,Slovenia,2.842201000454752,0.5861301755491146,8.306117430027212,True
SI,F,PAS,7.0,,1055520.0,,2024,Slovenia,6.631802334394422,2.6663284935575517,13.664047447421533,True
SI,F,PED,1.0,,1055520.0,,2024,Slovenia,0.9474003334849174,0.023986099727423354,5.278576806634548,True
SI,F,UNK,0.0,,1055520.0,,2024,Slovenia,0.0,0.0,3.4948456250132027,True
SI,UNK,TOTAL,0.0,,,,2024,Slovenia,,,,False
SI,UNK,DRIV,0.0,,,,2024,Slovenia,,,,False
SI,UNK,PAS,0.0,,,,2024,Slovenia,,,,False
SI,UNK,PED,0.0,,,,2024,Slovenia,,,,False
SI,UNK,UNK,0.0,,,,2024,Slovenia,,,,False
SK,T,TOTAL,371.0,,5390410.0,,2010,Slovakia,68.82593346331726,61.99979588664685,76.19837360080332,True
SK,T,DRIV,170.0,,5390410.0,,2010,Slovakia,31.53748972712651,26.974779462017715,36.65091781084794,True
SK,T,PAS,75.0,,5390410.0,,2010,Slovakia,13.9135984090264,10.943927771997206,17.440816087984544,True
SK,T,PED,126.0,,5390410.0,,2010,Slovakia,23.37484532716435,19.471870397978776,27.830731348383342,True
SK,T,UNK,0.0,,5390410.0,,2010,Slovakia,0.0,0.0,0.684341164051331,True
SK,M,TOTAL,279.0,,2623546.0,,2010,Slovakia,106.34461907662377,94.23099246241043,119.5836133531616,True
SK,M,DRIV,150.0,,2623546.0,,2010,Slovakia,57.1745263852816,48.39105596061395,67.09132071519787,True
SK,M,PAS,46.0,,2623546.0,,2010,Slovakia,17.53352142481969,12.836741345100057,23.38726049041488,True
SK,M,PED,83.0,,2623546.0,,2010,Slovakia,31.636571266522484,25.198352419893954,39.21828997748318,True
SK,M,UNK,0.0,,2623546.0,,2010,Slovakia,0.0,0.0,1.406066237875736,True
SK,F,TOTAL,92.0,,2766864.0,,2010,Slovakia,33.2506404362484,26.804709145900343,40.778958778485716,True
SK,F,DRIV,20.0,,2766864.0,,2010,Slovakia,7.228400094836609,4.4152945664853585,11.163677688052104,True
SK,F,PAS,29.0,,2766864.0,,2010,Slovakia,10.481180137513084,7.019410833907247,15.052723024545696,True
SK,F,PED,43.0,,2766864.0,,2010,Slovakia,15.54106020389871,11.24714232863169,20.933706105679075,True
SK,F,UNK,0.0,,2766864.0,,2010,Slovakia,0.0,0.0,1.3332348297978995,True
SK,UNK,TOTAL,0.0,,,,2010,Slovakia,,,,False
SK,UNK,DRIV,0.0,,,,2010,Slovakia,,,,False
SK,UNK,PAS,0.0,,,,2010,Slovakia,,,,False
SK,UNK,PED,0.0,,,,2010,Slovakia,,,,False
SK,UNK,UNK,0.0,,,,2010,Slovakia,,,,False
SK,T,TOTAL,325.0,,5392446.0,,2011,Slovakia,60.26949551279698,53.894415037622494,67.19130737331706,True
SK,T,DRIV,,,5392446.0,,2011,Slovakia,,,,False
SK,T,PAS,,,5392446.0,,2011,Slovakia,,,,False
SK,T,PED,,,5392446.0,,2011,Slovakia,,,,False
SK,T,UNK,325.0,,5392446.0,,2011,Slovakia,60.26949551279698,53.894415037622494,67.19130737331706,True
SK,M,TOTAL,,,2625173.0,,2011,Slovakia,,,,False
SK,M,DRIV,,,2625173.0,,2011,Slovakia,,,,False
SK,M,PAS,,,2625173.0,,2011,Slovakia,,,,False
SK,M,PED,,,2625173.0,,2011,Slovakia,,,,False
SK,M,UNK,,,2625173.0,,2011,Slovakia,,,,False
SK,F,TOTAL,,,2767273.0,,2011,Slovakia,,,,False
SK,F,DRIV,,,2767273.0,,2011,Slovakia,,,,False
SK,F,PAS,,,2767273.0,,2011,Slovakia,,,,False
SK,F,PED,,,2767273.0,,2011,Slovakia,,,,False
SK,F,UNK,,,2767273.0,,2011,Slovakia,,,,False
SK,UNK,TOTAL,325.0,,,,2011,Slovakia,,,,False
SK,UNK,DRIV,,,,,2011,Slovakia,,,,False
SK,UNK,PAS,,,,,2011,Slovakia,,,,False
SK,UNK,PED,,,,,2011,Slovakia,,,,False
SK,UNK,UNK,325.0,,,,2011,Slovakia,,,,False
SK,T,TOTAL,352.0,,5404322.0,,2012,Slovakia,65.13305461813711,58.505754432811976,72.30549779212829,True
SK,T,DRIV,,,5404322.0,,2012,Slovakia,,,,False
SK,T,PAS,,,5404322.0,,2012,Slovakia,,,,False
SK,T,PED,,,5404322.0,,2012,Slovakia,,,,False
SK,T,UNK,352.0,,5404322.0,,2012,Slovakia,65.13305461813711,58.505754432811976,72.30549779212829,True
SK,M,TOTAL,,,2631752.0,,2012,Slovakia,,,,False
SK,M,DRIV,,,2631752.0,,2012,Slovakia,,,,False
SK,M,PAS,,,2631752.0,,2012,Slovakia,,,,False
SK,M,PED,,,2631752.0,,2012,Slovakia,,,,False
SK,M,UNK,,,2631752.0,,2012,Slovakia,,,,False
SK,F,TOTAL,,,2772570.0,,2012,Slovakia,,,,False
SK,F,DRIV,,,2772570.0,,2012,Slovakia,,,,False
SK,F,PAS,,,2772570.0,,2012,Slovakia,,,,False
SK,F,PED,,,2772570.0,,2012,Slovakia,,,,False
SK,F,UNK,,,2772570.0,,2012,Slovakia,,,,False
SK,UNK,TOTAL,352.0,,,,2012,Slovakia,,,,False
SK,UNK,DRIV,,,,,2012,Slovakia,,,,False
SK,UNK,PAS,,,,,2012,Slovakia,,,,False
SK,UNK,PED,,,,,2012,Slovakia,,,,False
SK,UNK,UNK,352.0,,,,2012,Slovakia,,,,False
SK,T,TOTAL,251.0,,5410836.0,,2013,Slovakia,46.38839543464263,40.82660377019002,52.49642052643561,True
SK,T,DRIV,,,5410836.0,,2013,Slovakia,,,,False
SK,T,PAS,,,5410836.0,,2013,Slovakia,,,,False
SK,T,PED,,,5410836.0,,2013,Slovakia,,,,False
SK,T,UNK,251.0,,5410836.0,,2013,Slovakia,46.38839543464263,40.82660377019002,52.49642052643561,True
SK,M,TOTAL,,,2635979.0,,2013,Slovakia,,,,False
SK,M,DRIV,,,2635979.0,,2013,Slovakia,,,,False
SK,M,PAS,,,2635979.0,,2013,Slovakia,,,,False
SK,M,PED,,,2635979.0,,2013,Slovakia,,,,False
SK,M,UNK,,,2635979.0,,2013,Slovakia,,,,False
SK,F,TOTAL,,,2774857.0,,2013,Slovakia,,,,False
SK,F,DRIV,,,2774857.0,,2013,Slovakia,,,,False
SK,F,PAS,,,2774857.0,,2013,Slovakia,,,,False
SK,F,PED,,,2774857.0,,2013,Slovakia,,,,False
SK,F,UNK,,,2774857.0,,2013,Slovakia,,,,False
SK,UNK,TOTAL,251.0,,,,2013,Slovakia,,,,False
SK,UNK,DRIV,,,,,2013,Slovakia,,,,False
SK,UNK,PAS,,,,,2013,Slovakia,,,,False
SK,UNK,PED,,,,,2013,Slovakia,,,,False
SK,UNK,UNK,251.0,,,,2013,Slovakia,,,,False
SK,T,TOTAL,295.0,,5415949.0,,2014,Slovakia,54.46875515260576,48.42982090221981,61.052537551971774,True
SK,T,DRIV,,,5415949.0,,2014,Slovakia,,,,False
SK,T,PAS,,,5415949.0,,2014,Slovakia,,,,False
SK,T,PED,,,5415949.0,,2014,Slovakia,,,,False
SK,T,UNK,295.0,,5415949.0,,2014,Slovakia,54.46875515260576,48.42982090221981,61.052537551971774,True
SK,M,TOTAL,,,2639060.0,,2014,Slovakia,,,,False
SK,M,DRIV,,,2639060.0,,2014,Slovakia,,,,False
SK,M,PAS,,,2639060.0,,2014,Slovakia,,,,False
SK,M,PED,,,2639060.0,,2014,Slovakia,,,,False
SK,M,UNK,,,2639060.0,,2014,Slovakia,,,,False
SK,F,TOTAL,,,2776889.0,,2014,Slovakia,,,,False
SK,F,DRIV,,,2776889.0,,2014,Slovakia,,,,False
SK,F,PAS,,,2776889.0,,2014,Slovakia,,,,False
SK,F,PED,,,2776889.0,,2014,Slovakia,,,,False
SK,F,UNK,,,2776889.0,,2014,Slovakia,,,,False
SK,UNK,TOTAL,295.0,,,,2014,Slovakia,,,,False
SK,UNK,DRIV,,,,,2014,Slovakia,,,,False
SK,UNK,PAS,,,,,2014,Slovakia,,,,False
SK,UNK,PED,,,,,2014,Slovakia,,,,False
SK,UNK,UNK,295.0,,,,2014,Slovakia,,,,False
SK,T,TOTAL,310.0,,5421349.0,,2015,Slovakia,57.18133992111557,50.9924682099167,63.914263829615145,True
SK,T,DRIV,,,5421349.0,,2015,Slovakia,,,,False
SK,T,PAS,,,5421349.0,,2015,Slovakia,,,,False
SK,T,PED,,,5421349.0,,2015,Slovakia,,,,False
SK,T,UNK,310.0,,5421349.0,,2015,Slovakia,57.18133992111557,50.9924682099167,63.914263829615145,True
SK,M,TOTAL,,,2642328.0,,2015,Slovakia,,,,False
SK,M,DRIV,,,2642328.0,,2015,Slovakia,,,,False
SK,M,PAS,,,2642328.0,,2015,Slovakia,,,,False
SK,M,PED,,,2642328.0,,2015,Slovakia,,,,False
SK,M,UNK,,,2642328.0,,2015,Slovakia,,,,False
SK,F,TOTAL,,,2779021.0,,2015,Slovakia,,,,False
SK,F,DRIV,,,2779021.0,,2015,Slovakia,,,,False
SK,F,PAS,,,2779021.0,,2015,Slovakia,,,,False
SK,F,PED,,,2779021.0,,2015,Slovakia,,,,False
SK,F,UNK,,,2779021.0,,2015,Slovakia,,,,False
SK,UNK,TOTAL,310.0,,,,2015,Slovakia,,,,False
SK,UNK,DRIV,,,,,2015,Slovakia,,,,False
SK,UNK,PAS,,,,,2015,Slovakia,,,,False
SK,UNK,PED,,,,,2015,Slovakia,,,,False
SK,UNK,UNK,310.0,,,,2015,Slovakia,,,,False
SK,T,TOTAL,275.0,,5426252.0,,2016,Slovakia,50.67954824066409,44.86613253717096,57.03714639993016,True
SK,T,DRIV,145.0,,5426252.0,,2016,Slovakia,26.7219436178047,22.549607225427977,31.442477829666,True
SK,T,PAS,50.0,,5426252.0,,2016,Slovakia,9.21446331648438,6.839152279964488,12.1481211459285,True
SK,T,PED,80.0,,5426252.0,,2016,Slovakia,14.743141306375009,11.690394141479302,18.34911555295229,True
SK,T,UNK,0.0,,5426252.0,,2016,Slovakia,0.0,0.0,0.6798208881773157,True
SK,M,TOTAL,213.0,,2646082.0,,2016,Slovakia,80.49637161660145,70.04842313538923,92.0632434674722,True
SK,M,DRIV,125.0,,2646082.0,,2016,Slovakia,47.239654704578314,39.321872516611435,56.28391597347799,True
SK,M,PAS,32.0,,2646082.0,,2016,Slovakia,12.09335160437205,8.271843545016582,17.072204141602743,True
SK,M,PED,56.0,,2646082.0,,2016,Slovakia,21.163365307651084,15.986578716241677,27.482390193344326,True
SK,M,UNK,0.0,,2646082.0,,2016,Slovakia,0.0,0.0,1.3940911332732453,True
SK,F,TOTAL,60.0,,2780170.0,,2016,Slovakia,21.581414086188975,16.46889253175427,27.779557871152956,True
SK,F,DRIV,20.0,,2780170.0,,2016,Slovakia,7.193804695396325,4.394162797744003,11.11024789947183,True
SK,F,PAS,18.0,,2780170.0,,2016,Slovakia,6.474424225856692,3.837154123812402,10.232381569302591,True
SK,F,PED,22.0,,2780170.0,,2016,Slovakia,7.913185164935957,4.9591510131501355,11.980657437180184,True
SK,F,UNK,0.0,,2780170.0,,2016,Slovakia,0.0,0.0,1.326853916887793,True
SK,UNK,TOTAL,2.0,,,,2016,Slovakia,,,,False
SK,UNK,DRIV,0.0,,,,2016,Slovakia,,,,False
SK,UNK,PAS,0.0,,,,2016,Slovakia,,,,False
SK,UNK,PED,2.0,,,,2016,Slovakia,,,,False
SK,UNK,UNK,0.0,,,,2016,Slovakia,,,,False
SK,T,TOTAL,276.0,,5435343.0,,2017,Slovakia,50.77876410007611,44.9642059457546,57.13657517649556,True
SK,T,DRIV,152.0,,5435343.0,,2017,Slovakia,27.96511646091148,23.69612635559055,32.7810477374822,True
SK,T,PAS,69.0,,5435343.0,,2017,Slovakia,12.694691025019027,9.877227353792545,16.06594396987371,True
SK,T,PED,55.0,,5435343.0,,2017,Slovakia,10.118956614145603,7.622982941727593,13.171212925469352,True
SK,T,UNK,0.0,,5435343.0,,2017,Slovakia,0.0,0.0,0.6786838391089459,True
SK,M,TOTAL,205.0,,2651684.0,,2017,Slovakia,77.3093626540719,67.08808633437515,88.64767731511718,True
SK,M,DRIV,136.0,,2651684.0,,2017,Slovakia,51.288162541237945,43.03094308807645,60.668154535283115,True
SK,M,PAS,31.0,,2651684.0,,2017,Slovakia,11.690684108664533,7.943252657232858,16.593992912899406,True
SK,M,PED,38.0,,2651684.0,,2017,Slovakia,14.330516004169425,10.14112603356816,19.66975285111635,True
SK,M,UNK,0.0,,2651684.0,,2017,Slovakia,0.0,0.0,1.3911459488060929,True
SK,F,TOTAL,71.0,,2783659.0,,2017,Slovakia,25.505997681468887,19.920395800814333,32.17234550176607,True
SK,F,DRIV,16.0,,2783659.0,,2017,Slovakia,5.747830463429608,3.2853817416722126,9.334116570154944,True
SK,F,PAS,38.0,,2783659.0,,2017,Slovakia,13.651097350645319,9.660328957388872,18.737197666545942,True
SK,F,PED,17.0,,2783659.0,,2017,Slovakia,6.1070698673939585,3.557593250325307,9.77801045886246,True
SK,F,UNK,0.0,,2783659.0,,2017,Slovakia,0.0,0.0,1.325190856392229,True
SK,UNK,TOTAL,0.0,,,,2017,Slovakia,,,,False
SK,UNK,DRIV,0.0,,,,2017,Slovakia,,,,False
SK,UNK,PAS,0.0,,,,2017,Slovakia,,,,False
SK,UNK,PED,0.0,,,,2017,Slovakia,,,,False
SK,UNK,UNK,0.0,,,,2017,Slovakia,,,,False
SK,T,TOTAL,260.0,,5443120.0,,2018,Slovakia,47.76672202707271,42.136509466831754,53.93973362564719,True
SK,T,DRIV,148.0,,5443120.0,,2018,Slovakia,27.190287923102925,22.986231557302442,31.94069495184454,True
SK,T,PAS,40.0,,5443120.0,,2018,Slovakia,7.348726465703494,5.2500379271059545,10.006879687382249,True
SK,T,PED,72.0,,5443120.0,,2018,Slovakia,13.227707638266288,10.349866563696619,16.658108592986732,True
SK,T,UNK,0.0,,5443120.0,,2018,Slovakia,0.0,0.0,0.6777141518309233,True
SK,M,TOTAL,197.0,,2656514.0,,2018,Slovakia,74.15733551564193,64.16289937846408,85.26728556962871,True
SK,M,DRIV,125.0,,2656514.0,,2018,Slovakia,47.05414690078803,39.167457454581545,56.062891799904904,True
SK,M,PAS,25.0,,2656514.0,,2018,Slovakia,9.410829380157605,6.09019257863099,13.892240619673139,True
SK,M,PED,47.0,,2656514.0,,2018,Slovakia,17.692359234696298,12.999680094690166,23.527087130219144,True
SK,M,UNK,0.0,,2656514.0,,2018,Slovakia,0.0,0.0,1.3886166058654068,True
SK,F,TOTAL,63.0,,2786606.0,,2018,Slovakia,22.60814768933965,17.372721438009982,28.925641905203136,True
SK,F,DRIV,23.0,,2786606.0,,2018,Slovakia,8.253768204044633,5.232181024890021,12.384704868514973,True
SK,F,PAS,15.0,,2786606.0,,2018,Slovakia,5.382892306985631,3.0127639618888757,8.878262255764124,True
SK,F,PED,25.0,,2786606.0,,2018,Slovakia,8.971487178309385,5.805873470389903,13.24368486163109,True
SK,F,UNK,0.0,,2786606.0,,2018,Slovakia,0.0,0.0,1.3237893889964838,True
SK,UNK,TOTAL,0.0,,,,2018,Slovakia,,,,False
SK,UNK,DRIV,0.0,,,,2018,Slovakia,,,,False
SK,UNK,PAS,0.0,,,,2018,Slovakia,,,,False
SK,UNK,PED,0.0,,,,2018,Slovakia,,,,False
SK,UNK,UNK,0.0,,,,2018,Slovakia,,,,False
SK,T,TOTAL,270.0,,5450421.0,,2019,Slovakia,49.537457748676665,43.80429755569635,55.81248538110254,True
SK,T,DRIV,125.0,,5450421.0,,2019,Slovakia,22.934008216979937,19.09006645037149,27.32483544792826,True
SK,T,PAS,65.0,,5450421.0,,2019,Slovakia,11.925684272829567,9.203991348417722,15.200263578881628,True
SK,T,PED,80.0,,5450421.0,,2019,Slovakia,14.67776525886716,11.638555001712776,18.26774940274127,True
SK,T,UNK,0.0,,5450421.0,,2019,Slovakia,0.0,0.0,0.6768063336967797,True
SK,M,TOTAL,204.0,,2661077.0,,2019,Slovakia,76.660690389643,66.50125546486515,87.93328235503348,True
SK,M,DRIV,109.0,,2661077.0,,2019,Slovakia,40.96085908074062,33.63312746894577,49.410987197076665,True
SK,M,PAS,34.0,,2661077.0,,2019,Slovakia,12.776781731607166,8.848292771901104,17.85427182122242,True
SK,M,PED,61.0,,2661077.0,,2019,Slovakia,22.92304957729521,17.534316579709095,29.445616160237407,True
SK,M,UNK,0.0,,2661077.0,,2019,Slovakia,0.0,0.0,1.3862355182183512,True
SK,F,TOTAL,65.0,,2789344.0,,2019,Slovakia,23.302970160725963,17.984740401052814,29.70154839843045,True
SK,F,DRIV,15.0,,2789344.0,,2019,Slovakia,5.377608498629068,3.009806654461878,8.869547417416369,True
SK,F,PAS,31.0,,2789344.0,,2019,Slovakia,11.113724230500075,7.551236412268208,15.7750444202109,True
SK,F,PED,19.0,,2789344.0,,2019,Slovakia,6.81163743159682,4.101050700224402,10.63721562187582,True
SK,F,UNK,0.0,,2789344.0,,2019,Slovakia,0.0,0.0,1.3224899668574173,True
SK,UNK,TOTAL,1.0,,,,2019,Slovakia,,,,False
SK,UNK,DRIV,1.0,,,,2019,Slovakia,,,,False
SK,UNK,PAS,0.0,,,,2019,Slovakia,,,,False
SK,UNK,PED,0.0,,,,2019,Slovakia,,,,False
SK,UNK,UNK,0.0,,,,2019,Slovakia,,,,False
SK,T,TOTAL,247.0,,5457873.0,,2020,Slovakia,45.25572507824935,39.78739661014808,51.26566904136138,True
SK,T,DRIV,159.0,,5457873.0,,2020,Slovakia,29.132227884379134,24.780008335235912,34.02881487752673,True
SK,T,PAS,39.0,,5457873.0,,2020,Slovakia,7.145640801828844,5.0812491403586115,9.768326207999499,True
SK,T,PED,49.0,,5457873.0,,2020,Slovakia,8.97785639204137,6.641867582633224,11.86920226852444,True
SK,T,UNK,0.0,,5457873.0,,2020,Slovakia,0.0,0.0,0.6758822446242219,True
SK,M,TOTAL,202.0,,2665350.0,,2020,Slovakia,75.78742003864409,65.69590495515071,86.99043192884993,True
SK,M,DRIV,149.0,,2665350.0,,2020,Slovakia,55.90260190969291,47.286980729268585,65.63386962873831,True
SK,M,PAS,23.0,,2665350.0,,2020,Slovakia,8.629260697469375,5.470211055600459,12.948127973749427,True
SK,M,PED,30.0,,2665350.0,,2020,Slovakia,11.255557431481794,7.594077333716365,16.068008102053263,True
SK,M,UNK,0.0,,2665350.0,,2020,Slovakia,0.0,0.0,1.3840131517864205,True
SK,F,TOTAL,40.0,,2792523.0,,2020,Slovakia,14.323964386327347,10.23325016187475,19.50517398208862,True
SK,F,DRIV,10.0,,2792523.0,,2020,Slovakia,3.580991096581837,1.7172244225499427,6.5855701249435645,True
SK,F,PAS,15.0,,2792523.0,,2020,Slovakia,5.371486644872755,3.006380299386366,8.859450350627673,True
SK,F,PED,15.0,,2792523.0,,2020,Slovakia,5.371486644872755,3.006380299386366,8.859450350627673,True
SK,F,UNK,0.0,,2792523.0,,2020,Slovakia,0.0,0.0,1.320984448154567,True
SK,UNK,TOTAL,5.0,,,,2020,Slovakia,,,,False
SK,UNK,DRIV,0.0,,,,2020,Slovakia,,,,False
SK,UNK,PAS,1.0,,,,2020,Slovakia,,,,False
SK,UNK,PED,4.0,,,,2020,Slovakia,,,,False
SK,UNK,UNK,0.0,,,,2020,Slovakia,,,,False
SK,T,TOTAL,247.0,,5459781.0,,2021,Slovakia,45.23990980590614,39.773492324842096,51.24775350655679,True
SK,T,DRIV,145.0,,5459781.0,,2021,Slovakia,26.557841788892265,22.41112808484315,31.249386780931466,True
SK,T,PAS,42.0,,5459781.0,,2021,Slovakia,7.692616242299828,5.544161154536729,10.398182413999875,True
SK,T,PED,60.0,,5459781.0,,2021,Slovakia,10.989451774714041,8.386109433694735,14.145602801036034,True
SK,T,UNK,0.0,,5459781.0,,2021,Slovakia,0.0,0.0,0.6756460477286426,True
SK,M,TOTAL,185.0,,2666486.0,,2021,Slovakia,69.37970047470716,59.74193037388912,80.12962970837738,True
SK,M,DRIV,123.0,,2666486.0,,2021,Slovakia,46.12812518048098,38.33698188954802,55.037386212843096,True
SK,M,PAS,25.0,,2666486.0,,2021,Slovakia,9.375635199284751,6.067416760421517,13.84028706602261,True
SK,M,PED,37.0,,2666486.0,,2021,Slovakia,13.875940094941432,9.769942376260753,19.126155600265978,True
SK,M,UNK,0.0,,2666486.0,,2021,Slovakia,0.0,0.0,1.3834235222363573,True
SK,F,TOTAL,62.0,,2793295.0,,2021,Slovakia,22.196008656443375,17.017552562895283,28.454281368686893,True
SK,F,DRIV,22.0,,2793295.0,,2021,Slovakia,7.876003071641198,4.935849193239386,11.924363301092521,True
SK,F,PAS,17.0,,2793295.0,,2021,Slovakia,6.086002373540926,3.545320658794468,9.74427936036352,True
SK,F,PED,23.0,,2793295.0,,2021,Slovakia,8.234003211261252,5.219651714926165,12.35504767481882,True
SK,F,UNK,0.0,,2793295.0,,2021,Slovakia,0.0,0.0,1.3206193596143392,True
SK,UNK,TOTAL,0.0,,,,2021,Slovakia,,,,False
SK,UNK,DRIV,0.0,,,,2021,Slovakia,,,,False
SK,UNK,PAS,0.0,,,,2021,Slovakia,,,,False
SK,UNK,PED,0.0,,,,2021,Slovakia,,,,False
SK,UNK,UNK,0.0,,,,2021,Slovakia,,,,False
SK,T,TOTAL,266.0,,5434712.0,,2022,Slovakia,48.94463588870946,43.23897698334898,55.1938091566741,True
SK,T,DRIV,158.0,,5434712.0,,2022,Slovakia,29.072377708331185,24.715940576907713,33.97554625125894,True
SK,T,PAS,38.0,,5434712.0,,2022,Slovakia,6.9920908412442095,4.948019627387091,9.597190967848823,True
SK,T,PED,70.0,,5434712.0,,2022,Slovakia,12.88016733913407,10.040722324926417,16.27331656802402,True
SK,T,UNK,0.0,,5434712.0,,2022,Slovakia,0.0,0.0,0.6787626380411576,True
SK,M,TOTAL,217.0,,2657903.0,,2022,Slovakia,81.64331053465834,71.14120754020496,93.25913153135225,True
SK,M,DRIV,143.0,,2657903.0,,2022,Slovakia,53.80181293297761,45.34524966567806,63.37775927132662,True
SK,M,PAS,20.0,,2657903.0,,2022,Slovakia,7.52472908153533,4.596300009971751,11.621333774285441,True
SK,M,PED,54.0,,2657903.0,,2022,Slovakia,20.31676852014539,15.26258180699023,26.508975833095,True
SK,M,UNK,0.0,,2657903.0,,2022,Slovakia,0.0,0.0,1.3878909253324654,True
SK,F,TOTAL,49.0,,2776809.0,,2022,Slovakia,17.646154272764168,13.054722074449176,23.32915176842134,True
SK,F,DRIV,15.0,,2776809.0,,2022,Slovakia,5.401883961050256,3.023393446500394,8.909586100983484,True
SK,F,PAS,18.0,,2776809.0,,2022,Slovakia,6.482260753260307,3.8417985466049434,10.244766661130809,True
SK,F,PED,16.0,,2776809.0,,2022,Slovakia,5.762009558453606,3.2934863195997743,9.357142532151451,True
SK,F,UNK,0.0,,2776809.0,,2022,Slovakia,0.0,0.0,1.3284599171617262,True
SK,UNK,TOTAL,0.0,,,,2022,Slovakia,,,,False
SK,UNK,DRIV,0.0,,,,2022,Slovakia,,,,False
SK,UNK,PAS,0.0,,,,2022,Slovakia,,,,False
SK,UNK,PED,0.0,,,,2022,Slovakia,,,,False
SK,UNK,UNK,0.0,,,,2022,Slovakia,,,,False
SK,T,TOTAL,266.0,,5428792.0,,2023,Slovakia,48.998009133523624,43.286128309784296,55.2539970125005,True
SK,T,DRIV,150.0,,5428792.0,,2023,Slovakia,27.6304562783028,23.385711093968027,32.422897413839856,True
SK,T,PAS,41.0,,5428792.0,,2023,Slovakia,7.552324716069431,5.41967860777412,10.245581257439024,True
SK,T,PED,75.0,,5428792.0,,2023,Slovakia,13.8152281391514,10.866553314522173,17.317508102876804,True
SK,T,UNK,0.0,,5428792.0,,2023,Slovakia,0.0,0.0,0.6795028164854973,True
SK,M,TOTAL,198.0,,2655094.0,,2023,Slovakia,74.57363091476233,64.54757492700475,85.71573240620431,True
SK,M,DRIV,132.0,,2655094.0,,2023,Slovakia,49.715753943174896,41.596760196912975,58.95654105355856,True
SK,M,PAS,20.0,,2655094.0,,2023,Slovakia,7.532689991390136,4.601162740529693,11.633628753887658,True
SK,M,PED,46.0,,2655094.0,,2023,Slovakia,17.325186980197312,12.684214347579362,23.10937153659569,True
SK,M,UNK,0.0,,2655094.0,,2023,Slovakia,0.0,0.0,1.3893592671724375,True
SK,F,TOTAL,65.0,,2773698.0,,2023,Slovakia,23.43441859928514,18.086189530812028,29.869090223907428,True
SK,F,DRIV,18.0,,2773698.0,,2023,Slovakia,6.489531304417424,3.846107536004109,10.256257266482502,True
SK,F,PAS,21.0,,2773698.0,,2023,Slovakia,7.571119855153661,4.68664251986921,11.573260944393876,True
SK,F,PED,26.0,,2773698.0,,2023,Slovakia,9.373767439714056,6.123256106323163,13.734741158959986,True
SK,F,UNK,0.0,,2773698.0,,2023,Slovakia,0.0,0.0,1.3299499275385913,True
SK,UNK,TOTAL,3.0,,,,2023,Slovakia,,,,False
SK,UNK,DRIV,0.0,,,,2023,Slovakia,,,,False
SK,UNK,PAS,0.0,,,,2023,Slovakia,,,,False
SK,UNK,PED,3.0,,,,2023,Slovakia,,,,False
SK,UNK,UNK,0.0,,,,2023,Slovakia,,,,False
SK,T,TOTAL,262.0,,5424687.0,,2024,Slovakia,48.29771745355999,42.62600215973916,54.514034180773194,True
SK,T,DRIV,149.0,,5424687.0,,2024,Slovakia,27.467022521299384,23.233848162438868,32.248355419392425,True
SK,T,PAS,46.0,,5424687.0,,2024,Slovakia,8.479751919327327,6.208244163943814,11.31080073570807,True
SK,T,PED,67.0,,5424687.0,,2024,Slovakia,12.35094301293328,9.571811189327704,15.685261034930928,True
SK,T,UNK,0.0,,5424687.0,,2024,Slovakia,0.0,0.0,0.6800170137215171,True
SK,M,TOTAL,199.0,,2653217.0,,2024,Slovakia,75.00328846076292,64.94391277184707,86.17943461957032,True
SK,M,DRIV,135.0,,2653217.0,,2024,Slovakia,50.8816278502663,42.66092884127548,60.224564551106454,True
SK,M,PAS,21.0,,2653217.0,,2024,Slovakia,7.914919887819202,4.899460158771856,12.098795814644413,True
SK,M,PED,43.0,,2653217.0,,2024,Slovakia,16.206740722677413,11.728898620793998,21.83037339591282,True
SK,M,UNK,0.0,,2653217.0,,2024,Slovakia,0.0,0.0,1.3903421597682872,True
SK,F,TOTAL,63.0,,2771470.0,,2024,Slovakia,22.73161896033513,17.467600152802394,29.08361529689677,True
SK,F,DRIV,14.0,,2771470.0,,2024,Slovakia,5.051470880074473,2.761686136346632,8.475509791495334,True
SK,F,PAS,25.0,,2771470.0,,2024,Slovakia,9.020483714418702,5.837581445164236,13.31601341437229,True
SK,F,PED,24.0,,2771470.0,,2024,Slovakia,8.659664365841953,5.548410357927909,12.884894151390133,True
SK,F,UNK,0.0,,2771470.0,,2024,Slovakia,0.0,0.0,1.3310190816115404,True
SK,UNK,TOTAL,0.0,,,,2024,Slovakia,,,,False
SK,UNK,DRIV,0.0,,,,2024,Slovakia,,,,False
SK,UNK,PAS,0.0,,,,2024,Slovakia,,,,False
SK,UNK,PED,0.0,,,,2024,Slovakia,,,,False
SK,UNK,UNK,0.0,,,,2024,Slovakia,,,,False
